Date,Open,High,Low,Close,Adj Close,Volume,Ticker
2021-10-11,142.27000427246094,144.80999755859375,141.80999755859375,142.80999755859375,139.292724609375,64452200,AAPL
2021-10-12,143.22999572753906,143.25,141.0399932861328,141.50999450683594,138.02474975585938,73035900,AAPL
2021-10-13,141.24000549316406,141.39999389648438,139.1999969482422,140.91000366210938,137.43955993652344,78762700,AAPL
2021-10-14,142.11000061035156,143.8800048828125,141.50999450683594,143.75999450683594,140.21934509277344,69907100,AAPL
2021-10-15,143.77000427246094,144.89999389648438,143.50999450683594,144.83999633789062,141.2727508544922,67940300,AAPL
2021-10-18,143.4499969482422,146.83999633789062,143.16000366210938,146.5500030517578,142.9406280517578,85589200,AAPL
2021-10-19,147.00999450683594,149.1699981689453,146.5500030517578,148.75999450683594,145.0962371826172,76378900,AAPL
2021-10-20,148.6999969482422,149.75,148.1199951171875,149.25999450683594,145.58387756347656,58418800,AAPL
2021-10-21,148.80999755859375,149.63999938964844,147.8699951171875,149.47999572753906,145.7984619140625,61421000,AAPL
2021-10-22,149.69000244140625,150.17999267578125,148.63999938964844,148.69000244140625,145.02796936035156,58883400,AAPL
2021-10-25,148.67999267578125,149.3699951171875,147.6199951171875,148.63999938964844,144.9792022705078,50720600,AAPL
2021-10-26,149.3300018310547,150.83999633789062,149.00999450683594,149.32000732421875,145.64242553710938,60893400,AAPL
2021-10-27,149.36000061035156,149.72999572753906,148.49000549316406,148.85000610351562,145.1840057373047,56094900,AAPL
2021-10-28,149.82000732421875,153.1699981689453,149.72000122070312,152.57000732421875,148.8123779296875,100077900,AAPL
2021-10-29,147.22000122070312,149.94000244140625,146.41000366210938,149.8000030517578,146.11061096191406,124953200,AAPL
2021-11-01,148.99000549316406,149.6999969482422,147.8000030517578,148.9600067138672,145.2913055419922,74588300,AAPL
2021-11-02,148.66000366210938,151.57000732421875,148.64999389648438,150.02000427246094,146.32518005371094,69122000,AAPL
2021-11-03,150.38999938964844,151.97000122070312,149.82000732421875,151.49000549316406,147.75897216796875,54511500,AAPL
2021-11-04,151.5800018310547,152.42999267578125,150.63999938964844,150.9600067138672,147.24205017089844,60394600,AAPL
2021-11-05,151.88999938964844,152.1999969482422,150.05999755859375,151.27999877929688,147.7694854736328,65463900,AAPL
2021-11-08,151.41000366210938,151.57000732421875,150.16000366210938,150.44000244140625,146.94898986816406,55020900,AAPL
2021-11-09,150.1999969482422,151.42999267578125,150.05999755859375,150.80999755859375,147.3104248046875,56787900,AAPL
2021-11-10,150.02000427246094,150.1300048828125,147.85000610351562,147.9199981689453,144.4874725341797,65187100,AAPL
2021-11-11,148.9600067138672,149.42999267578125,147.67999267578125,147.8699951171875,144.43861389160156,41000000,AAPL
2021-11-12,148.42999267578125,150.39999389648438,147.47999572753906,149.99000549316406,146.5094451904297,63804000,AAPL
2021-11-15,150.3699951171875,151.8800048828125,149.42999267578125,150.0,146.51919555664062,59222800,AAPL
2021-11-16,149.94000244140625,151.49000549316406,149.33999633789062,151.0,147.49595642089844,59256200,AAPL
2021-11-17,151.0,155.0,150.99000549316406,153.49000549316406,149.92823791503906,88807000,AAPL
2021-11-18,153.7100067138672,158.6699981689453,153.0500030517578,157.8699951171875,154.2065887451172,137827700,AAPL
2021-11-19,157.64999389648438,161.02000427246094,156.52999877929688,160.5500030517578,156.82437133789062,117305600,AAPL
2021-11-22,161.67999267578125,165.6999969482422,161.0,161.02000427246094,157.28346252441406,117467900,AAPL
2021-11-23,161.1199951171875,161.8000030517578,159.05999755859375,161.41000366210938,157.6644287109375,96041900,AAPL
2021-11-24,160.75,162.13999938964844,159.63999938964844,161.94000244140625,158.18214416503906,69463600,AAPL
2021-11-26,159.57000732421875,160.4499969482422,156.36000061035156,156.80999755859375,153.17117309570312,76959800,AAPL
2021-11-29,159.3699951171875,161.19000244140625,158.7899932861328,160.24000549316406,156.5216064453125,88748200,AAPL
2021-11-30,159.99000549316406,165.52000427246094,159.9199981689453,165.3000030517578,161.4641571044922,174048100,AAPL
2021-12-01,167.47999572753906,170.3000030517578,164.52999877929688,164.77000427246094,160.94642639160156,152052500,AAPL
2021-12-02,158.74000549316406,164.1999969482422,157.8000030517578,163.75999450683594,159.95993041992188,136739200,AAPL
2021-12-03,164.02000427246094,164.9600067138672,159.72000122070312,161.83999633789062,158.0844268798828,118023100,AAPL
2021-12-06,164.2899932861328,167.8800048828125,164.27999877929688,165.32000732421875,161.4837188720703,107497000,AAPL
2021-12-07,169.0800018310547,171.5800018310547,168.33999633789062,171.17999267578125,167.20770263671875,120405400,AAPL
2021-12-08,172.1300048828125,175.9600067138672,170.6999969482422,175.0800018310547,171.01722717285156,116998900,AAPL
2021-12-09,174.91000366210938,176.75,173.9199981689453,174.55999755859375,170.50927734375,108923700,AAPL
2021-12-10,175.2100067138672,179.6300048828125,174.69000244140625,179.4499969482422,175.28579711914062,115402700,AAPL
2021-12-13,181.1199951171875,182.1300048828125,175.52999877929688,175.74000549316406,171.6619110107422,153237000,AAPL
2021-12-14,175.25,177.74000549316406,172.2100067138672,174.3300018310547,170.2846221923828,139380400,AAPL
2021-12-15,175.11000061035156,179.5,172.30999755859375,179.3000030517578,175.13929748535156,131063300,AAPL
2021-12-16,179.27999877929688,181.13999938964844,170.75,172.25999450683594,168.2626495361328,150185800,AAPL
2021-12-17,169.92999267578125,173.47000122070312,169.69000244140625,171.13999938964844,167.1686553955078,195432700,AAPL
2021-12-20,168.27999877929688,170.5800018310547,167.4600067138672,169.75,165.81088256835938,107499100,AAPL
2021-12-21,171.55999755859375,173.1999969482422,169.1199951171875,172.99000549316406,168.97573852539062,91185900,AAPL
2021-12-22,173.0399932861328,175.86000061035156,172.14999389648438,175.63999938964844,171.56423950195312,92135300,AAPL
2021-12-23,175.85000610351562,176.85000610351562,175.27000427246094,176.27999877929688,172.18936157226562,68356600,AAPL
2021-12-27,177.08999633789062,180.4199981689453,177.07000732421875,180.3300018310547,176.1453857421875,74919600,AAPL
2021-12-28,180.16000366210938,181.3300018310547,178.52999877929688,179.2899932861328,175.12950134277344,79144300,AAPL
2021-12-29,179.3300018310547,180.6300048828125,178.13999938964844,179.3800048828125,175.2174072265625,62348900,AAPL
2021-12-30,179.47000122070312,180.57000732421875,178.08999633789062,178.1999969482422,174.06478881835938,59773000,AAPL
2021-12-31,178.08999633789062,179.22999572753906,177.25999450683594,177.57000732421875,173.44943237304688,64062300,AAPL
2022-01-03,177.8300018310547,182.8800048828125,177.7100067138672,182.00999450683594,177.786376953125,104487900,AAPL
2022-01-04,182.6300048828125,182.94000244140625,179.1199951171875,179.6999969482422,175.5299835205078,99310400,AAPL
2022-01-05,179.61000061035156,180.1699981689453,174.63999938964844,174.9199981689453,170.86090087890625,94537600,AAPL
2022-01-06,172.6999969482422,175.3000030517578,171.63999938964844,172.0,168.0086669921875,96904000,AAPL
2022-01-07,172.88999938964844,174.13999938964844,171.02999877929688,172.1699981689453,168.17469787597656,86709100,AAPL
2022-01-10,169.0800018310547,172.5,168.1699981689453,172.19000244140625,168.1942596435547,106765600,AAPL
2022-01-11,172.32000732421875,175.17999267578125,170.82000732421875,175.0800018310547,171.01722717285156,76138300,AAPL
2022-01-12,176.1199951171875,177.17999267578125,174.82000732421875,175.52999877929688,171.4567413330078,74805200,AAPL
2022-01-13,175.77999877929688,176.6199951171875,171.7899932861328,172.19000244140625,168.1942596435547,84505800,AAPL
2022-01-14,171.33999633789062,173.77999877929688,171.08999633789062,173.07000732421875,169.0538330078125,80440800,AAPL
2022-01-18,171.50999450683594,172.5399932861328,169.41000366210938,169.8000030517578,165.85975646972656,90956700,AAPL
2022-01-19,170.0,171.0800018310547,165.94000244140625,166.22999572753906,162.37257385253906,94815000,AAPL
2022-01-20,166.97999572753906,169.67999267578125,164.17999267578125,164.50999450683594,160.6925048828125,91420500,AAPL
2022-01-21,164.4199981689453,166.3300018310547,162.3000030517578,162.41000366210938,158.6412353515625,122848900,AAPL
2022-01-24,160.02000427246094,162.3000030517578,154.6999969482422,161.6199951171875,157.8695526123047,162294600,AAPL
2022-01-25,158.97999572753906,162.75999450683594,157.02000427246094,159.77999877929688,156.07223510742188,115798400,AAPL
2022-01-26,163.5,164.38999938964844,157.82000732421875,159.69000244140625,155.98434448242188,108275300,AAPL
2022-01-27,162.4499969482422,163.83999633789062,158.27999877929688,159.22000122070312,155.52523803710938,121954600,AAPL
2022-01-28,165.7100067138672,170.35000610351562,162.8000030517578,170.3300018310547,166.37742614746094,179935700,AAPL
2022-01-31,170.16000366210938,175.0,169.50999450683594,174.77999877929688,170.7241668701172,115541600,AAPL
2022-02-01,174.00999450683594,174.83999633789062,172.30999755859375,174.61000061035156,170.55812072753906,86213900,AAPL
2022-02-02,174.75,175.8800048828125,173.3300018310547,175.83999633789062,171.7595977783203,84914300,AAPL
2022-02-03,174.47999572753906,176.24000549316406,172.1199951171875,172.89999389648438,168.88778686523438,89418100,AAPL
2022-02-04,171.67999267578125,174.10000610351562,170.67999267578125,172.38999938964844,168.60415649414062,82465400,AAPL
2022-02-07,172.86000061035156,173.9499969482422,170.9499969482422,171.66000366210938,167.8901824951172,77251200,AAPL
2022-02-08,171.72999572753906,175.35000610351562,171.42999267578125,174.8300018310547,170.99058532714844,74829200,AAPL
2022-02-09,176.0500030517578,176.64999389648438,174.89999389648438,176.27999877929688,172.4087371826172,71285000,AAPL
2022-02-10,174.13999938964844,175.47999572753906,171.5500030517578,172.1199951171875,168.34010314941406,90865900,AAPL
2022-02-11,172.3300018310547,173.0800018310547,168.0399932861328,168.63999938964844,164.9365234375,98670700,AAPL
2022-02-14,167.3699951171875,169.5800018310547,166.55999755859375,168.8800048828125,165.17124938964844,86185500,AAPL
2022-02-15,170.97000122070312,172.9499969482422,170.25,172.7899932861328,168.995361328125,62527400,AAPL
2022-02-16,171.85000610351562,173.33999633789062,170.0500030517578,172.5500030517578,168.7606658935547,61177400,AAPL
2022-02-17,171.02999877929688,171.91000366210938,168.47000122070312,168.8800048828125,165.17124938964844,69589300,AAPL
2022-02-18,169.82000732421875,170.5399932861328,166.19000244140625,167.3000030517578,163.62599182128906,82772700,AAPL
2022-02-22,164.97999572753906,166.69000244140625,162.14999389648438,164.32000732421875,160.71142578125,91162800,AAPL
2022-02-23,165.5399932861328,166.14999389648438,159.75,160.07000732421875,156.55474853515625,90009200,AAPL
2022-02-24,152.5800018310547,162.85000610351562,152.0,162.74000549316406,159.16607666015625,141147500,AAPL
2022-02-25,163.83999633789062,165.1199951171875,160.8699951171875,164.85000610351562,161.22975158691406,91974200,AAPL
2022-02-28,163.05999755859375,165.4199981689453,162.42999267578125,165.1199951171875,161.49380493164062,95056600,AAPL
2022-03-01,164.6999969482422,166.60000610351562,161.97000122070312,163.1999969482422,159.615966796875,83474400,AAPL
2022-03-02,164.38999938964844,167.36000061035156,162.9499969482422,166.55999755859375,162.9022216796875,79724800,AAPL
2022-03-03,168.47000122070312,168.91000366210938,165.5500030517578,166.22999572753906,162.57940673828125,76678400,AAPL
2022-03-04,164.49000549316406,165.5500030517578,162.10000610351562,163.1699981689453,159.58663940429688,83737200,AAPL
2022-03-07,163.36000061035156,165.02000427246094,159.0399932861328,159.3000030517578,155.80166625976562,96418800,AAPL
2022-03-08,158.82000732421875,162.8800048828125,155.8000030517578,157.44000244140625,153.98248291015625,131148300,AAPL
2022-03-09,161.47999572753906,163.41000366210938,159.41000366210938,162.9499969482422,159.3714599609375,91454900,AAPL
2022-03-10,160.1999969482422,160.38999938964844,155.97999572753906,158.52000427246094,155.03875732421875,105342000,AAPL
2022-03-11,158.92999267578125,159.27999877929688,154.5,154.72999572753906,151.3319854736328,96970100,AAPL
2022-03-14,151.4499969482422,154.1199951171875,150.10000610351562,150.6199951171875,147.312255859375,108732100,AAPL
2022-03-15,150.89999389648438,155.57000732421875,150.3800048828125,155.08999633789062,151.68408203125,92964300,AAPL
2022-03-16,157.0500030517578,160.0,154.4600067138672,159.58999633789062,156.08526611328125,102300200,AAPL
2022-03-17,158.61000061035156,161.0,157.6300048828125,160.6199951171875,157.09263610839844,75615400,AAPL
2022-03-18,160.50999450683594,164.47999572753906,159.75999450683594,163.97999572753906,160.3788604736328,123511700,AAPL
2022-03-21,163.50999450683594,166.35000610351562,163.00999450683594,165.3800048828125,161.74813842773438,95811400,AAPL
2022-03-22,165.50999450683594,169.4199981689453,164.91000366210938,168.82000732421875,165.1125946044922,81532000,AAPL
2022-03-23,167.99000549316406,172.63999938964844,167.64999389648438,170.2100067138672,166.4720458984375,98062700,AAPL
2022-03-24,171.05999755859375,174.13999938964844,170.2100067138672,174.07000732421875,170.2472686767578,90131400,AAPL
2022-03-25,173.8800048828125,175.27999877929688,172.75,174.72000122070312,170.88302612304688,80546200,AAPL
2022-03-28,172.1699981689453,175.72999572753906,172.0,175.60000610351562,171.74368286132812,90371900,AAPL
2022-03-29,176.69000244140625,179.00999450683594,176.33999633789062,178.9600067138672,175.02989196777344,100589400,AAPL
2022-03-30,178.5500030517578,179.61000061035156,176.6999969482422,177.77000427246094,173.8660125732422,92633200,AAPL
2022-03-31,177.83999633789062,178.02999877929688,174.39999389648438,174.61000061035156,170.7754364013672,103049300,AAPL
2022-04-01,174.02999877929688,174.8800048828125,171.94000244140625,174.30999755859375,170.4820098876953,78751300,AAPL
2022-04-04,174.57000732421875,178.49000549316406,174.44000244140625,178.44000244140625,174.5212860107422,76468400,AAPL
2022-04-05,177.5,178.3000030517578,174.4199981689453,175.05999755859375,171.21556091308594,73401800,AAPL
2022-04-06,172.36000061035156,173.6300048828125,170.1300048828125,171.8300018310547,168.0564727783203,89058800,AAPL
2022-04-07,171.16000366210938,173.36000061035156,169.85000610351562,172.13999938964844,168.3596954345703,77594700,AAPL
2022-04-08,171.77999877929688,171.77999877929688,169.1999969482422,170.08999633789062,166.3546905517578,76575500,AAPL
2022-04-11,168.7100067138672,169.02999877929688,165.5,165.75,162.1099395751953,72246700,AAPL
2022-04-12,168.02000427246094,169.8699951171875,166.63999938964844,167.66000366210938,163.97804260253906,79265200,AAPL
2022-04-13,167.38999938964844,171.0399932861328,166.77000427246094,170.39999389648438,166.65786743164062,70618900,AAPL
2022-04-14,170.6199951171875,171.27000427246094,165.0399932861328,165.2899932861328,161.66009521484375,75329400,AAPL
2022-04-18,163.9199981689453,166.60000610351562,163.57000732421875,165.07000732421875,161.44491577148438,69023900,AAPL
2022-04-19,165.02000427246094,167.82000732421875,163.91000366210938,167.39999389648438,163.72373962402344,67723800,AAPL
2022-04-20,168.75999450683594,168.8800048828125,166.10000610351562,167.22999572753906,163.5574951171875,67929800,AAPL
2022-04-21,168.91000366210938,171.52999877929688,165.91000366210938,166.4199981689453,162.76527404785156,87227800,AAPL
2022-04-22,166.4600067138672,167.8699951171875,161.5,161.7899932861328,158.2369384765625,84882400,AAPL
2022-04-25,161.1199951171875,163.1699981689453,158.4600067138672,162.8800048828125,159.3030242919922,96046400,AAPL
2022-04-26,162.25,162.33999633789062,156.72000122070312,156.8000030517578,153.35653686523438,95623200,AAPL
2022-04-27,155.91000366210938,159.7899932861328,155.3800048828125,156.57000732421875,153.131591796875,88063200,AAPL
2022-04-28,159.25,164.52000427246094,158.92999267578125,163.63999938964844,160.0463104248047,130216800,AAPL
2022-04-29,161.83999633789062,166.1999969482422,157.25,157.64999389648438,154.1878662109375,131747600,AAPL
2022-05-02,156.7100067138672,158.22999572753906,153.27000427246094,157.9600067138672,154.49102783203125,123055300,AAPL
2022-05-03,158.14999389648438,160.7100067138672,156.32000732421875,159.47999572753906,155.97769165039062,88966500,AAPL
2022-05-04,159.6699981689453,166.47999572753906,159.25999450683594,166.02000427246094,162.37408447265625,108256500,AAPL
2022-05-05,163.85000610351562,164.0800018310547,154.9499969482422,156.77000427246094,153.3271942138672,130525300,AAPL
2022-05-06,156.00999450683594,159.44000244140625,154.17999267578125,157.27999877929688,154.05198669433594,116124600,AAPL
2022-05-09,154.92999267578125,155.8300018310547,151.49000549316406,152.05999755859375,148.93911743164062,131577900,AAPL
2022-05-10,155.52000427246094,156.74000549316406,152.92999267578125,154.50999450683594,151.3388214111328,115366700,AAPL
2022-05-11,153.5,155.4499969482422,145.80999755859375,146.5,143.4932403564453,142689800,AAPL
2022-05-12,142.77000427246094,146.1999969482422,138.8000030517578,142.55999755859375,139.6341094970703,182602000,AAPL
2022-05-13,144.58999633789062,148.10000610351562,143.11000061035156,147.11000061035156,144.0906982421875,113990900,AAPL
2022-05-16,145.5500030517578,147.52000427246094,144.17999267578125,145.5399932861328,142.55294799804688,86643800,AAPL
2022-05-17,148.86000061035156,149.77000427246094,146.67999267578125,149.24000549316406,146.1770477294922,78336300,AAPL
2022-05-18,146.85000610351562,147.36000061035156,139.89999389648438,140.82000732421875,137.92987060546875,109742900,AAPL
2022-05-19,139.8800048828125,141.66000366210938,136.60000610351562,137.35000610351562,134.53103637695312,136095600,AAPL
2022-05-20,139.08999633789062,140.6999969482422,132.61000061035156,137.58999633789062,134.76612854003906,137426100,AAPL
2022-05-23,137.7899932861328,143.25999450683594,137.64999389648438,143.11000061035156,140.17283630371094,117726300,AAPL
2022-05-24,140.80999755859375,141.97000122070312,137.3300018310547,140.36000061035156,137.47927856445312,104132700,AAPL
2022-05-25,138.42999267578125,141.7899932861328,138.33999633789062,140.52000427246094,137.63601684570312,92482700,AAPL
2022-05-26,137.38999938964844,144.33999633789062,137.13999938964844,143.77999877929688,140.8291015625,90601500,AAPL
2022-05-27,145.38999938964844,149.67999267578125,145.25999450683594,149.63999938964844,146.5688018798828,90978500,AAPL
2022-05-31,149.07000732421875,150.66000366210938,146.83999633789062,148.83999633789062,145.78521728515625,103718400,AAPL
2022-06-01,149.89999389648438,151.74000549316406,147.67999267578125,148.7100067138672,145.6579132080078,74286600,AAPL
2022-06-02,147.8300018310547,151.27000427246094,146.86000061035156,151.2100067138672,148.1066131591797,72348100,AAPL
2022-06-03,146.89999389648438,147.97000122070312,144.4600067138672,145.3800048828125,142.39627075195312,88570300,AAPL
2022-06-06,147.02999877929688,148.57000732421875,144.89999389648438,146.13999938964844,143.14064025878906,71598400,AAPL
2022-06-07,144.35000610351562,149.0,144.10000610351562,148.7100067138672,145.6579132080078,67808200,AAPL
2022-06-08,148.5800018310547,149.8699951171875,147.4600067138672,147.9600067138672,144.9232940673828,53950200,AAPL
2022-06-09,147.0800018310547,147.9499969482422,142.52999877929688,142.63999938964844,139.7124786376953,69473000,AAPL
2022-06-10,140.27999877929688,140.75999450683594,137.05999755859375,137.1300048828125,134.31556701660156,91437900,AAPL
2022-06-13,132.8699951171875,135.1999969482422,131.44000244140625,131.8800048828125,129.17330932617188,122207100,AAPL
2022-06-14,133.1300048828125,133.88999938964844,131.47999572753906,132.75999450683594,130.0352783203125,84784300,AAPL
2022-06-15,134.2899932861328,137.33999633789062,132.16000366210938,135.42999267578125,132.6504364013672,91533000,AAPL
2022-06-16,132.0800018310547,132.38999938964844,129.0399932861328,130.05999755859375,127.39065551757812,108123900,AAPL
2022-06-17,130.07000732421875,133.0800018310547,129.80999755859375,131.55999755859375,128.85986328125,134520300,AAPL
2022-06-21,133.4199981689453,137.05999755859375,133.32000732421875,135.8699951171875,133.08143615722656,81000500,AAPL
2022-06-22,134.7899932861328,137.75999450683594,133.91000366210938,135.35000610351562,132.57212829589844,73409200,AAPL
2022-06-23,136.82000732421875,138.58999633789062,135.6300048828125,138.27000427246094,135.43215942382812,72433800,AAPL
2022-06-24,139.89999389648438,141.91000366210938,139.77000427246094,141.66000366210938,138.75259399414062,89116800,AAPL
2022-06-27,142.6999969482422,143.49000549316406,140.97000122070312,141.66000366210938,138.75259399414062,70207900,AAPL
2022-06-28,142.1300048828125,143.4199981689453,137.32000732421875,137.44000244140625,134.6192169189453,67083400,AAPL
2022-06-29,137.4600067138672,140.6699981689453,136.6699981689453,139.22999572753906,136.37246704101562,66242400,AAPL
2022-06-30,137.25,138.3699951171875,133.77000427246094,136.72000122070312,133.91395568847656,98964500,AAPL
2022-07-01,136.0399932861328,139.0399932861328,135.66000366210938,138.92999267578125,136.07861328125,71051600,AAPL
2022-07-05,137.77000427246094,141.61000061035156,136.92999267578125,141.55999755859375,138.65463256835938,73353800,AAPL
2022-07-06,141.35000610351562,144.1199951171875,141.0800018310547,142.9199981689453,139.9867401123047,74064300,AAPL
2022-07-07,143.2899932861328,146.5500030517578,143.27999877929688,146.35000610351562,143.3463134765625,66253700,AAPL
2022-07-08,145.25999450683594,147.5500030517578,145.0,147.0399932861328,144.02215576171875,64547800,AAPL
2022-07-11,145.6699981689453,146.63999938964844,143.77999877929688,144.8699951171875,141.8966827392578,63141600,AAPL
2022-07-12,145.75999450683594,148.4499969482422,145.0500030517578,145.86000061035156,142.86639404296875,77588800,AAPL
2022-07-13,142.99000549316406,146.4499969482422,142.1199951171875,145.49000549316406,142.50396728515625,71185600,AAPL
2022-07-14,144.0800018310547,148.9499969482422,143.25,148.47000122070312,145.42283630371094,78140700,AAPL
2022-07-15,149.77999877929688,150.86000061035156,148.1999969482422,150.1699981689453,147.08795166015625,76259900,AAPL
2022-07-18,150.74000549316406,151.57000732421875,146.6999969482422,147.07000732421875,144.0515594482422,81420900,AAPL
2022-07-19,147.9199981689453,151.22999572753906,146.91000366210938,151.0,147.90090942382812,82982400,AAPL
2022-07-20,151.1199951171875,153.72000122070312,150.3699951171875,153.0399932861328,149.89901733398438,64823400,AAPL
2022-07-21,154.5,155.57000732421875,151.94000244140625,155.35000610351562,152.16165161132812,65086600,AAPL
2022-07-22,155.38999938964844,156.27999877929688,153.41000366210938,154.08999633789062,150.92745971679688,66675400,AAPL
2022-07-25,154.00999450683594,155.0399932861328,152.27999877929688,152.9499969482422,149.8108673095703,53623900,AAPL
2022-07-26,152.25999450683594,153.08999633789062,150.8000030517578,151.60000610351562,148.4885711669922,55138700,AAPL
2022-07-27,152.5800018310547,157.3300018310547,152.16000366210938,156.7899932861328,153.5720672607422,78620700,AAPL
2022-07-28,156.97999572753906,157.63999938964844,154.41000366210938,157.35000610351562,154.1205596923828,81378700,AAPL
2022-07-29,161.24000549316406,163.6300048828125,159.5,162.50999450683594,159.17466735839844,101786900,AAPL
2022-08-01,161.00999450683594,163.58999633789062,160.88999938964844,161.50999450683594,158.1951904296875,67829400,AAPL
2022-08-02,160.10000610351562,162.41000366210938,159.6300048828125,160.00999450683594,156.7259521484375,59907000,AAPL
2022-08-03,160.83999633789062,166.58999633789062,160.75,166.1300048828125,162.7203826904297,82507500,AAPL
2022-08-04,166.00999450683594,167.19000244140625,164.42999267578125,165.80999755859375,162.40695190429688,55474100,AAPL
2022-08-05,163.2100067138672,165.85000610351562,163.0,165.35000610351562,162.18136596679688,56697000,AAPL
2022-08-08,166.3699951171875,167.80999755859375,164.1999969482422,164.8699951171875,161.7105255126953,60276900,AAPL
2022-08-09,164.02000427246094,165.82000732421875,163.25,164.9199981689453,161.7595977783203,63135500,AAPL
2022-08-10,167.67999267578125,169.33999633789062,166.89999389648438,169.24000549316406,165.99681091308594,70170500,AAPL
2022-08-11,170.05999755859375,170.99000549316406,168.19000244140625,168.49000549316406,165.2611846923828,57149200,AAPL
2022-08-12,169.82000732421875,172.1699981689453,169.39999389648438,172.10000610351562,168.8019561767578,68039400,AAPL
2022-08-15,171.52000427246094,173.38999938964844,171.35000610351562,173.19000244140625,169.87110900878906,54091700,AAPL
2022-08-16,172.77999877929688,173.7100067138672,171.66000366210938,173.02999877929688,169.71417236328125,56377100,AAPL
2022-08-17,172.77000427246094,176.14999389648438,172.57000732421875,174.5500030517578,171.20501708984375,79542000,AAPL
2022-08-18,173.75,174.89999389648438,173.1199951171875,174.14999389648438,170.81272888183594,62290100,AAPL
2022-08-19,173.02999877929688,173.74000549316406,171.30999755859375,171.52000427246094,168.23312377929688,70346300,AAPL
2022-08-22,169.69000244140625,169.86000061035156,167.13999938964844,167.57000732421875,164.35879516601562,69026800,AAPL
2022-08-23,167.0800018310547,168.7100067138672,166.64999389648438,167.22999572753906,164.02529907226562,54147100,AAPL
2022-08-24,167.32000732421875,168.11000061035156,166.25,167.52999877929688,164.31956481933594,53841500,AAPL
2022-08-25,168.77999877929688,170.13999938964844,168.35000610351562,170.02999877929688,166.7716522216797,51218200,AAPL
2022-08-26,170.57000732421875,171.0500030517578,163.55999755859375,163.6199951171875,160.48451232910156,78961000,AAPL
2022-08-29,161.14999389648438,162.89999389648438,159.82000732421875,161.3800048828125,158.28738403320312,73314000,AAPL
2022-08-30,162.1300048828125,162.55999755859375,157.72000122070312,158.91000366210938,155.86474609375,77906200,AAPL
2022-08-31,160.30999755859375,160.5800018310547,157.13999938964844,157.22000122070312,154.20716857910156,87991100,AAPL
2022-09-01,156.63999938964844,158.4199981689453,154.6699981689453,157.9600067138672,154.93295288085938,74229900,AAPL
2022-09-02,159.75,160.36000061035156,154.97000122070312,155.80999755859375,152.8241729736328,76957800,AAPL
2022-09-06,156.47000122070312,157.08999633789062,153.69000244140625,154.52999877929688,151.5686798095703,73714800,AAPL
2022-09-07,154.82000732421875,156.6699981689453,153.61000061035156,155.9600067138672,152.97128295898438,87449600,AAPL
2022-09-08,154.63999938964844,156.36000061035156,152.67999267578125,154.4600067138672,151.5000457763672,84923800,AAPL
2022-09-09,155.47000122070312,157.82000732421875,154.75,157.3699951171875,154.35427856445312,68028800,AAPL
2022-09-12,159.58999633789062,164.25999450683594,159.3000030517578,163.42999267578125,160.29812622070312,104956000,AAPL
2022-09-13,159.89999389648438,160.5399932861328,153.3699951171875,153.83999633789062,150.8918914794922,122656600,AAPL
2022-09-14,154.7899932861328,157.10000610351562,153.61000061035156,155.30999755859375,152.33377075195312,87965400,AAPL
2022-09-15,154.64999389648438,155.24000549316406,151.3800048828125,152.3699951171875,149.45008850097656,90481100,AAPL
2022-09-16,151.2100067138672,151.35000610351562,148.3699951171875,150.6999969482422,147.8121337890625,162278800,AAPL
2022-09-19,149.30999755859375,154.55999755859375,149.10000610351562,154.47999572753906,151.51966857910156,81474200,AAPL
2022-09-20,153.39999389648438,158.0800018310547,153.0800018310547,156.89999389648438,153.89328002929688,107689800,AAPL
2022-09-21,157.33999633789062,158.74000549316406,153.60000610351562,153.72000122070312,150.77423095703125,101696800,AAPL
2022-09-22,152.3800048828125,154.47000122070312,150.91000366210938,152.74000549316406,149.81300354003906,86652500,AAPL
2022-09-23,151.19000244140625,151.47000122070312,148.55999755859375,150.42999267578125,147.54725646972656,96029900,AAPL
2022-09-26,149.66000366210938,153.77000427246094,149.63999938964844,150.77000427246094,147.88072204589844,93339400,AAPL
2022-09-27,152.74000549316406,154.72000122070312,149.9499969482422,151.75999450683594,148.85174560546875,84442700,AAPL
2022-09-28,147.63999938964844,150.63999938964844,144.83999633789062,149.83999633789062,146.9685821533203,146691400,AAPL
2022-09-29,146.10000610351562,146.72000122070312,140.67999267578125,142.47999572753906,139.7495880126953,128138200,AAPL
2022-09-30,141.27999877929688,143.10000610351562,138.0,138.1999969482422,135.55162048339844,124925300,AAPL
2022-10-03,138.2100067138672,143.07000732421875,137.69000244140625,142.4499969482422,139.72019958496094,114311700,AAPL
2022-10-04,145.02999877929688,146.22000122070312,144.25999450683594,146.10000610351562,143.3002166748047,87830100,AAPL
2022-10-05,144.07000732421875,147.3800048828125,143.00999450683594,146.39999389648438,143.59446716308594,79471000,AAPL
2022-10-06,145.80999755859375,147.5399932861328,145.22000122070312,145.42999267578125,142.64306640625,68402200,AAPL
2022-10-07,142.5399932861328,143.10000610351562,139.4499969482422,140.08999633789062,137.4053955078125,85925600,AAPL
2022-10-10,140.4199981689453,141.88999938964844,138.57000732421875,140.4199981689453,137.7290802001953,74899000,AAPL
2022-10-11,139.89999389648438,141.35000610351562,138.22000122070312,138.97999572753906,136.3166961669922,77033700,AAPL
2022-10-12,139.1300048828125,140.36000061035156,138.16000366210938,138.33999633789062,135.68894958496094,70433700,AAPL
2022-10-13,134.99000549316406,143.58999633789062,134.3699951171875,142.99000549316406,140.24986267089844,113224000,AAPL
2022-10-14,144.30999755859375,144.52000427246094,138.19000244140625,138.3800048828125,135.7281494140625,88598000,AAPL
2022-10-17,141.07000732421875,142.89999389648438,140.27000427246094,142.41000366210938,139.68093872070312,85250900,AAPL
2022-10-18,145.49000549316406,146.6999969482422,140.61000061035156,143.75,140.99526977539062,99136600,AAPL
2022-10-19,141.69000244140625,144.9499969482422,141.5,143.86000061035156,141.10316467285156,61758300,AAPL
2022-10-20,143.02000427246094,145.88999938964844,142.64999389648438,143.38999938964844,140.64215087890625,64522000,AAPL
2022-10-21,142.8699951171875,147.85000610351562,142.64999389648438,147.27000427246094,144.44781494140625,86548600,AAPL
2022-10-24,147.19000244140625,150.22999572753906,146.0,149.4499969482422,146.58602905273438,75981900,AAPL
2022-10-25,150.08999633789062,152.49000549316406,149.36000061035156,152.33999633789062,149.42063903808594,74732300,AAPL
2022-10-26,150.9600067138672,151.99000549316406,148.0399932861328,149.35000610351562,146.4879608154297,88194300,AAPL
2022-10-27,148.07000732421875,149.0500030517578,144.1300048828125,144.8000030517578,142.02516174316406,109180200,AAPL
2022-10-28,148.1999969482422,157.5,147.82000732421875,155.74000549316406,152.7555389404297,164762400,AAPL
2022-10-31,153.16000366210938,154.24000549316406,151.9199981689453,153.33999633789062,150.40150451660156,97943200,AAPL
2022-11-01,155.0800018310547,155.4499969482422,149.1300048828125,150.64999389648438,147.76303100585938,80379300,AAPL
2022-11-02,148.9499969482422,152.1699981689453,145.0,145.02999877929688,142.250732421875,93604600,AAPL
2022-11-03,142.05999755859375,142.8000030517578,138.75,138.8800048828125,136.21861267089844,97918500,AAPL
2022-11-04,142.08999633789062,142.6699981689453,134.3800048828125,138.3800048828125,135.95330810546875,140814800,AAPL
2022-11-07,137.11000061035156,139.14999389648438,135.6699981689453,138.9199981689453,136.48388671875,83374600,AAPL
2022-11-08,140.41000366210938,141.42999267578125,137.49000549316406,139.5,137.05369567871094,89908500,AAPL
2022-11-09,138.5,138.5500030517578,134.58999633789062,134.8699951171875,132.5048828125,74917800,AAPL
2022-11-10,141.24000549316406,146.8699951171875,139.5,146.8699951171875,144.29444885253906,118854000,AAPL
2022-11-11,145.82000732421875,150.00999450683594,144.3699951171875,149.6999969482422,147.0748291015625,93979700,AAPL
2022-11-14,148.97000122070312,150.27999877929688,147.42999267578125,148.27999877929688,145.67970275878906,73374100,AAPL
2022-11-15,152.22000122070312,153.58999633789062,148.55999755859375,150.0399932861328,147.4088897705078,89868300,AAPL
2022-11-16,149.1300048828125,149.8699951171875,147.2899932861328,148.7899932861328,146.18077087402344,64218300,AAPL
2022-11-17,146.42999267578125,151.47999572753906,146.14999389648438,150.72000122070312,148.07691955566406,80389400,AAPL
2022-11-18,152.30999755859375,152.6999969482422,149.97000122070312,151.2899932861328,148.63694763183594,74829600,AAPL
2022-11-21,150.16000366210938,150.3699951171875,147.72000122070312,148.00999450683594,145.41444396972656,58724100,AAPL
2022-11-22,148.1300048828125,150.4199981689453,146.92999267578125,150.17999267578125,147.54641723632812,51804100,AAPL
2022-11-23,149.4499969482422,151.8300018310547,149.33999633789062,151.07000732421875,148.42079162597656,58301400,AAPL
2022-11-25,148.30999755859375,148.8800048828125,147.1199951171875,148.11000061035156,145.51271057128906,35195900,AAPL
2022-11-28,145.13999938964844,146.63999938964844,143.3800048828125,144.22000122070312,141.6909637451172,69246000,AAPL
2022-11-29,144.2899932861328,144.80999755859375,140.35000610351562,141.1699981689453,138.69442749023438,83763800,AAPL
2022-11-30,141.39999389648438,148.72000122070312,140.5500030517578,148.02999877929688,145.43411254882812,111380900,AAPL
2022-12-01,148.2100067138672,149.1300048828125,146.61000061035156,148.30999755859375,145.7091827392578,71250400,AAPL
2022-12-02,145.9600067138672,148.0,145.64999389648438,147.80999755859375,145.21798706054688,65447400,AAPL
2022-12-05,147.77000427246094,150.9199981689453,145.77000427246094,146.6300048828125,144.05868530273438,68826400,AAPL
2022-12-06,147.07000732421875,147.3000030517578,141.9199981689453,142.91000366210938,140.40390014648438,64727200,AAPL
2022-12-07,142.19000244140625,143.3699951171875,140.0,140.94000244140625,138.46844482421875,69721100,AAPL
2022-12-08,142.36000061035156,143.52000427246094,141.10000610351562,142.64999389648438,140.1484375,62128300,AAPL
2022-12-09,142.33999633789062,145.57000732421875,140.89999389648438,142.16000366210938,139.66705322265625,76097000,AAPL
2022-12-12,142.6999969482422,144.5,141.05999755859375,144.49000549316406,141.9562225341797,70462700,AAPL
2022-12-13,149.5,149.97000122070312,144.24000549316406,145.47000122070312,142.91903686523438,93886200,AAPL
2022-12-14,145.35000610351562,146.66000366210938,141.16000366210938,143.2100067138672,140.6986083984375,82291200,AAPL
2022-12-15,141.11000061035156,141.8000030517578,136.02999877929688,136.5,134.10629272460938,98931900,AAPL
2022-12-16,136.69000244140625,137.64999389648438,133.72999572753906,134.50999450683594,132.15121459960938,160156900,AAPL
2022-12-19,135.11000061035156,135.1999969482422,131.32000732421875,132.3699951171875,130.04869079589844,79592600,AAPL
2022-12-20,131.38999938964844,133.25,129.88999938964844,132.3000030517578,129.9799346923828,77432800,AAPL
2022-12-21,132.97999572753906,136.80999755859375,132.75,135.4499969482422,133.07472229003906,85928000,AAPL
2022-12-22,134.35000610351562,134.55999755859375,130.3000030517578,132.22999572753906,129.91116333007812,77852100,AAPL
2022-12-23,130.9199981689453,132.4199981689453,129.63999938964844,131.86000061035156,129.5476531982422,63814900,AAPL
2022-12-27,131.3800048828125,131.41000366210938,128.72000122070312,130.02999877929688,127.7497787475586,69007800,AAPL
2022-12-28,129.6699981689453,131.02999877929688,125.87000274658203,126.04000091552734,123.8297348022461,85438400,AAPL
2022-12-29,127.98999786376953,130.47999572753906,127.7300033569336,129.61000061035156,127.33714294433594,75703700,AAPL
2022-12-30,128.41000366210938,129.9499969482422,127.43000030517578,129.92999267578125,127.65153503417969,77034200,AAPL
2023-01-03,130.27999877929688,130.89999389648438,124.16999816894531,125.06999969482422,122.8767318725586,112117500,AAPL
2023-01-04,126.88999938964844,128.66000366210938,125.08000183105469,126.36000061035156,124.14412689208984,89113600,AAPL
2023-01-05,127.12999725341797,127.7699966430664,124.76000213623047,125.0199966430664,122.8276138305664,80962700,AAPL
2023-01-06,126.01000213623047,130.2899932861328,124.88999938964844,129.6199951171875,127.3469467163086,87754700,AAPL
2023-01-09,130.47000122070312,133.41000366210938,129.88999938964844,130.14999389648438,127.86766052246094,70790800,AAPL
2023-01-10,130.25999450683594,131.25999450683594,128.1199951171875,130.72999572753906,128.43748474121094,63896200,AAPL
2023-01-11,131.25,133.50999450683594,130.4600067138672,133.49000549316406,131.14910888671875,69458900,AAPL
2023-01-12,133.8800048828125,134.25999450683594,131.44000244140625,133.41000366210938,131.0704803466797,71379600,AAPL
2023-01-13,132.02999877929688,134.9199981689453,131.66000366210938,134.75999450683594,132.39682006835938,57809700,AAPL
2023-01-17,134.8300018310547,137.2899932861328,134.1300048828125,135.94000244140625,133.55612182617188,63646600,AAPL
2023-01-18,136.82000732421875,138.61000061035156,135.02999877929688,135.2100067138672,132.8389129638672,69672800,AAPL
2023-01-19,134.0800018310547,136.25,133.77000427246094,135.27000427246094,132.8978729248047,58280400,AAPL
2023-01-20,135.27999877929688,138.02000427246094,134.22000122070312,137.8699951171875,135.45225524902344,80223600,AAPL
2023-01-23,138.1199951171875,143.32000732421875,137.89999389648438,141.11000061035156,138.6354522705078,81760300,AAPL
2023-01-24,140.30999755859375,143.16000366210938,140.3000030517578,142.52999877929688,140.03054809570312,66435100,AAPL
2023-01-25,140.88999938964844,142.42999267578125,138.80999755859375,141.86000061035156,139.372314453125,65799300,AAPL
2023-01-26,143.1699981689453,144.25,141.89999389648438,143.9600067138672,141.43548583984375,54105100,AAPL
2023-01-27,143.16000366210938,147.22999572753906,143.0800018310547,145.92999267578125,143.3709259033203,70555800,AAPL
2023-01-30,144.9600067138672,145.5500030517578,142.85000610351562,143.0,140.49232482910156,64015300,AAPL
2023-01-31,142.6999969482422,144.33999633789062,142.27999877929688,144.2899932861328,141.75970458984375,65874500,AAPL
2023-02-01,143.97000122070312,146.61000061035156,141.32000732421875,145.42999267578125,142.8796844482422,77663600,AAPL
2023-02-02,148.89999389648438,151.17999267578125,148.1699981689453,150.82000732421875,148.1751708984375,118339000,AAPL
2023-02-03,148.02999877929688,157.3800048828125,147.8300018310547,154.5,151.7906494140625,154357300,AAPL
2023-02-06,152.57000732421875,153.10000610351562,150.77999877929688,151.72999572753906,149.0692138671875,69858300,AAPL
2023-02-07,150.63999938964844,155.22999572753906,150.63999938964844,154.64999389648438,151.93801879882812,83322600,AAPL
2023-02-08,153.8800048828125,154.5800018310547,151.1699981689453,151.9199981689453,149.25588989257812,64120100,AAPL
2023-02-09,153.77999877929688,154.3300018310547,150.4199981689453,150.8699951171875,148.2243194580078,56007100,AAPL
2023-02-10,149.4600067138672,151.33999633789062,149.22000122070312,151.00999450683594,148.58837890625,57450700,AAPL
2023-02-13,150.9499969482422,154.25999450683594,150.9199981689453,153.85000610351562,151.38284301757812,62199000,AAPL
2023-02-14,152.1199951171875,153.77000427246094,150.86000061035156,153.1999969482422,150.74322509765625,61707600,AAPL
2023-02-15,153.11000061035156,155.5,152.8800048828125,155.3300018310547,152.83909606933594,65573800,AAPL
2023-02-16,153.50999450683594,156.3300018310547,153.35000610351562,153.7100067138672,151.2450714111328,68167900,AAPL
2023-02-17,152.35000610351562,153.0,150.85000610351562,152.5500030517578,150.10366821289062,59144100,AAPL
2023-02-21,150.1999969482422,151.3000030517578,148.41000366210938,148.47999572753906,146.09890747070312,58867200,AAPL
2023-02-22,148.8699951171875,149.9499969482422,147.16000366210938,148.91000366210938,146.52206420898438,51011300,AAPL
2023-02-23,150.08999633789062,150.33999633789062,147.24000549316406,149.39999389648438,147.0041961669922,48394200,AAPL
2023-02-24,147.11000061035156,147.19000244140625,145.72000122070312,146.7100067138672,144.35736083984375,55469600,AAPL
2023-02-27,147.7100067138672,149.1699981689453,147.4499969482422,147.9199981689453,145.54788208007812,44998500,AAPL
2023-02-28,147.0500030517578,149.0800018310547,146.8300018310547,147.41000366210938,145.0460968017578,50547000,AAPL
2023-03-01,146.8300018310547,147.22999572753906,145.00999450683594,145.30999755859375,142.9798126220703,55479000,AAPL
2023-03-02,144.3800048828125,146.7100067138672,143.89999389648438,145.91000366210938,143.57015991210938,52238100,AAPL
2023-03-03,148.0399932861328,151.11000061035156,147.3300018310547,151.02999877929688,148.60806274414062,70732300,AAPL
2023-03-06,153.7899932861328,156.3000030517578,153.4600067138672,153.8300018310547,151.36312866210938,87558000,AAPL
2023-03-07,153.6999969482422,154.02999877929688,151.1300048828125,151.60000610351562,149.1688995361328,56182000,AAPL
2023-03-08,152.80999755859375,153.47000122070312,151.8300018310547,152.8699951171875,150.4185333251953,47204800,AAPL
2023-03-09,153.55999755859375,154.5399932861328,150.22999572753906,150.58999633789062,148.1750946044922,53833600,AAPL
2023-03-10,150.2100067138672,150.94000244140625,147.61000061035156,148.5,146.11863708496094,68572400,AAPL
2023-03-13,147.80999755859375,153.13999938964844,147.6999969482422,150.47000122070312,148.05706787109375,84457100,AAPL
2023-03-14,151.27999877929688,153.39999389648438,150.10000610351562,152.58999633789062,150.1430206298828,73695900,AAPL
2023-03-15,151.19000244140625,153.25,149.9199981689453,152.99000549316406,150.53665161132812,77167900,AAPL
2023-03-16,152.16000366210938,156.4600067138672,151.63999938964844,155.85000610351562,153.35076904296875,76161100,AAPL
2023-03-17,156.0800018310547,156.74000549316406,154.27999877929688,155.0,152.514404296875,98944600,AAPL
2023-03-20,155.07000732421875,157.82000732421875,154.14999389648438,157.39999389648438,154.8759307861328,73641400,AAPL
2023-03-21,157.32000732421875,159.39999389648438,156.5399932861328,159.27999877929688,156.7257537841797,73938300,AAPL
2023-03-22,159.3000030517578,162.13999938964844,157.80999755859375,157.8300018310547,155.2989959716797,75701800,AAPL
2023-03-23,158.8300018310547,161.5500030517578,157.67999267578125,158.92999267578125,156.38137817382812,67622100,AAPL
2023-03-24,158.86000061035156,160.33999633789062,157.85000610351562,160.25,157.68020629882812,59196500,AAPL
2023-03-27,159.94000244140625,160.77000427246094,157.8699951171875,158.27999877929688,155.7417755126953,52390300,AAPL
2023-03-28,157.97000122070312,158.49000549316406,155.97999572753906,157.64999389648438,155.12188720703125,45992200,AAPL
2023-03-29,159.3699951171875,161.0500030517578,159.35000610351562,160.77000427246094,158.19186401367188,51305700,AAPL
2023-03-30,161.52999877929688,162.47000122070312,161.27000427246094,162.36000061035156,159.75636291503906,49501700,AAPL
2023-03-31,162.44000244140625,165.0,161.91000366210938,164.89999389648438,162.25559997558594,68749800,AAPL
2023-04-03,164.27000427246094,166.2899932861328,164.22000122070312,166.1699981689453,163.50527954101562,56976200,AAPL
2023-04-04,166.60000610351562,166.83999633789062,165.11000061035156,165.6300048828125,162.9739227294922,46278300,AAPL
2023-04-05,164.74000549316406,165.0500030517578,161.8000030517578,163.75999450683594,161.1339111328125,51511700,AAPL
2023-04-06,162.42999267578125,164.9600067138672,162.0,164.66000366210938,162.01950073242188,45390100,AAPL
2023-04-10,161.4199981689453,162.02999877929688,160.0800018310547,162.02999877929688,159.43167114257812,47716900,AAPL
2023-04-11,162.35000610351562,162.36000061035156,160.50999450683594,160.8000030517578,158.2213592529297,47644200,AAPL
2023-04-12,161.22000122070312,162.05999755859375,159.77999877929688,160.10000610351562,157.53260803222656,50133100,AAPL
2023-04-13,161.6300048828125,165.8000030517578,161.4199981689453,165.55999755859375,162.90504455566406,68445600,AAPL
2023-04-14,164.58999633789062,166.32000732421875,163.82000732421875,165.2100067138672,162.5606689453125,49386500,AAPL
2023-04-17,165.08999633789062,165.38999938964844,164.02999877929688,165.22999572753906,162.58035278320312,41516200,AAPL
2023-04-18,166.10000610351562,167.41000366210938,165.64999389648438,166.47000122070312,163.80047607421875,49923000,AAPL
2023-04-19,165.8000030517578,168.16000366210938,165.5399932861328,167.6300048828125,164.94186401367188,47720200,AAPL
2023-04-20,166.08999633789062,167.8699951171875,165.55999755859375,166.64999389648438,163.9775848388672,52456400,AAPL
2023-04-21,165.0500030517578,166.4499969482422,164.49000549316406,165.02000427246094,162.3737030029297,58337300,AAPL
2023-04-24,165.0,165.60000610351562,163.88999938964844,165.3300018310547,162.6787567138672,41949600,AAPL
2023-04-25,165.19000244140625,166.30999755859375,163.72999572753906,163.77000427246094,161.14376831054688,48714100,AAPL
2023-04-26,163.05999755859375,165.27999877929688,162.8000030517578,163.75999450683594,161.1339111328125,45498800,AAPL
2023-04-27,165.19000244140625,168.55999755859375,165.19000244140625,168.41000366210938,165.7093505859375,64902300,AAPL
2023-04-28,168.49000549316406,169.85000610351562,167.8800048828125,169.67999267578125,166.95896911621094,55275900,AAPL
2023-05-01,169.27999877929688,170.4499969482422,168.63999938964844,169.58999633789062,166.8704071044922,52472900,AAPL
2023-05-02,170.08999633789062,170.35000610351562,167.5399932861328,168.5399932861328,165.83724975585938,48425700,AAPL
2023-05-03,169.5,170.9199981689453,167.16000366210938,167.4499969482422,164.7647247314453,65136000,AAPL
2023-05-04,164.88999938964844,167.0399932861328,164.30999755859375,165.7899932861328,163.13134765625,81235400,AAPL
2023-05-05,170.97999572753906,174.3000030517578,170.75999450683594,173.57000732421875,170.78659057617188,113453200,AAPL
2023-05-08,172.47999572753906,173.85000610351562,172.11000061035156,173.5,170.71771240234375,55962800,AAPL
2023-05-09,173.0500030517578,173.5399932861328,171.60000610351562,171.77000427246094,169.01547241210938,45326900,AAPL
2023-05-10,173.02000427246094,174.02999877929688,171.89999389648438,173.55999755859375,170.77676391601562,53724500,AAPL
2023-05-11,173.85000610351562,174.58999633789062,172.1699981689453,173.75,170.9636993408203,49514700,AAPL
2023-05-12,173.6199951171875,174.05999755859375,171.0,172.57000732421875,170.0375213623047,45533100,AAPL
2023-05-15,173.16000366210938,173.2100067138672,171.47000122070312,172.07000732421875,169.5448455810547,37266700,AAPL
2023-05-16,171.99000549316406,173.13999938964844,171.8000030517578,172.07000732421875,169.5448455810547,42110300,AAPL
2023-05-17,171.7100067138672,172.92999267578125,170.4199981689453,172.69000244140625,170.15574645996094,57951600,AAPL
2023-05-18,173.0,175.24000549316406,172.5800018310547,175.0500030517578,172.48110961914062,65496700,AAPL
2023-05-19,176.38999938964844,176.38999938964844,174.94000244140625,175.16000366210938,172.5894775390625,55809500,AAPL
2023-05-22,173.97999572753906,174.7100067138672,173.4499969482422,174.1999969482422,171.6435546875,43570900,AAPL
2023-05-23,173.1300048828125,173.3800048828125,171.27999877929688,171.55999755859375,169.04232788085938,50747300,AAPL
2023-05-24,171.08999633789062,172.4199981689453,170.52000427246094,171.83999633789062,169.31820678710938,45143500,AAPL
2023-05-25,172.41000366210938,173.89999389648438,171.69000244140625,172.99000549316406,170.4513397216797,56058300,AAPL
2023-05-26,173.32000732421875,175.77000427246094,173.11000061035156,175.42999267578125,172.8555145263672,54835000,AAPL
2023-05-30,176.9600067138672,178.99000549316406,176.57000732421875,177.3000030517578,174.69808959960938,55964400,AAPL
2023-05-31,177.3300018310547,179.35000610351562,176.75999450683594,177.25,174.64881896972656,99625300,AAPL
2023-06-01,177.6999969482422,180.1199951171875,176.92999267578125,180.08999633789062,177.44715881347656,68901800,AAPL
2023-06-02,181.02999877929688,181.77999877929688,179.25999450683594,180.9499969482422,178.2945098876953,61996900,AAPL
2023-06-05,182.6300048828125,184.9499969482422,178.0399932861328,179.5800018310547,176.94461059570312,121946500,AAPL
2023-06-06,179.97000122070312,180.1199951171875,177.42999267578125,179.2100067138672,176.58006286621094,64848400,AAPL
2023-06-07,178.44000244140625,181.2100067138672,177.32000732421875,177.82000732421875,175.21044921875,61944600,AAPL
2023-06-08,177.89999389648438,180.83999633789062,177.4600067138672,180.57000732421875,177.92007446289062,50214900,AAPL
2023-06-09,181.5,182.22999572753906,180.6300048828125,180.9600067138672,178.30441284179688,48900000,AAPL
2023-06-12,181.27000427246094,183.88999938964844,180.97000122070312,183.7899932861328,181.0928497314453,54274900,AAPL
2023-06-13,182.8000030517578,184.14999389648438,182.44000244140625,183.30999755859375,180.619873046875,54929100,AAPL
2023-06-14,183.3699951171875,184.38999938964844,182.02000427246094,183.9499969482422,181.25048828125,57462900,AAPL
2023-06-15,183.9600067138672,186.52000427246094,183.77999877929688,186.00999450683594,183.28024291992188,65433200,AAPL
2023-06-16,186.72999572753906,186.99000549316406,184.27000427246094,184.9199981689453,182.20623779296875,101256200,AAPL
2023-06-20,184.41000366210938,186.10000610351562,184.41000366210938,185.00999450683594,182.2949676513672,49799100,AAPL
2023-06-21,184.89999389648438,185.41000366210938,182.58999633789062,183.9600067138672,181.2603759765625,49515700,AAPL
2023-06-22,183.74000549316406,187.0500030517578,183.6699981689453,187.0,184.25572204589844,51245300,AAPL
2023-06-23,185.5500030517578,187.55999755859375,185.00999450683594,186.67999267578125,183.9404296875,53117000,AAPL
2023-06-26,186.8300018310547,188.0500030517578,185.22999572753906,185.27000427246094,182.5511474609375,48088700,AAPL
2023-06-27,185.88999938964844,188.38999938964844,185.6699981689453,188.05999755859375,185.30020141601562,50730800,AAPL
2023-06-28,187.92999267578125,189.89999389648438,187.60000610351562,189.25,186.4727325439453,51216800,AAPL
2023-06-29,189.0800018310547,190.07000732421875,188.94000244140625,189.58999633789062,186.80775451660156,46347300,AAPL
2023-06-30,191.6300048828125,194.47999572753906,191.25999450683594,193.97000122070312,191.1234588623047,85213200,AAPL
2023-07-03,193.77999877929688,193.8800048828125,191.75999450683594,192.4600067138672,189.6356201171875,31458200,AAPL
2023-07-05,191.57000732421875,192.97999572753906,190.6199951171875,191.3300018310547,188.52220153808594,46920300,AAPL
2023-07-06,189.83999633789062,192.02000427246094,189.1999969482422,191.80999755859375,188.99514770507812,45094300,AAPL
2023-07-07,191.41000366210938,192.6699981689453,190.24000549316406,190.67999267578125,187.88174438476562,46815000,AAPL
2023-07-10,189.25999450683594,189.99000549316406,187.0399932861328,188.61000061035156,185.8421173095703,59922200,AAPL
2023-07-11,189.16000366210938,189.3000030517578,186.60000610351562,188.0800018310547,185.31988525390625,46638100,AAPL
2023-07-12,189.67999267578125,191.6999969482422,188.47000122070312,189.77000427246094,186.985107421875,60750200,AAPL
2023-07-13,190.5,191.19000244140625,189.77999877929688,190.5399932861328,187.74375915527344,41342300,AAPL
2023-07-14,190.22999572753906,191.17999267578125,189.6300048828125,190.69000244140625,187.89158630371094,41616200,AAPL
2023-07-17,191.89999389648438,194.32000732421875,191.80999755859375,193.99000549316406,191.14315795898438,50520200,AAPL
2023-07-18,193.35000610351562,194.3300018310547,192.4199981689453,193.72999572753906,190.88699340820312,48288200,AAPL
2023-07-19,193.10000610351562,198.22999572753906,192.64999389648438,195.10000610351562,192.23687744140625,80507300,AAPL
2023-07-20,195.08999633789062,196.47000122070312,192.5,193.1300048828125,190.29579162597656,59581200,AAPL
2023-07-21,194.10000610351562,194.97000122070312,191.22999572753906,191.94000244140625,189.12327575683594,71951700,AAPL
2023-07-24,193.41000366210938,194.91000366210938,192.25,192.75,189.9213409423828,45377800,AAPL
2023-07-25,193.3300018310547,194.44000244140625,192.9199981689453,193.6199951171875,190.77857971191406,37283200,AAPL
2023-07-26,193.6699981689453,195.63999938964844,193.32000732421875,194.5,191.6456756591797,47471900,AAPL
2023-07-27,196.02000427246094,197.1999969482422,192.5500030517578,193.22000122070312,190.38446044921875,47460200,AAPL
2023-07-28,194.6699981689453,196.6300048828125,194.13999938964844,195.8300018310547,192.95614624023438,48291400,AAPL
2023-07-31,196.05999755859375,196.49000549316406,195.25999450683594,196.4499969482422,193.5670166015625,38824100,AAPL
2023-08-01,196.24000549316406,196.72999572753906,195.27999877929688,195.61000061035156,192.73941040039062,35175100,AAPL
2023-08-02,195.0399932861328,195.17999267578125,191.85000610351562,192.5800018310547,189.75387573242188,50389300,AAPL
2023-08-03,191.57000732421875,192.3699951171875,190.69000244140625,191.1699981689453,188.36453247070312,61235200,AAPL
2023-08-04,185.52000427246094,187.3800048828125,181.9199981689453,181.99000549316406,179.3192901611328,115956800,AAPL
2023-08-07,182.1300048828125,183.1300048828125,177.35000610351562,178.85000610351562,176.22532653808594,97576100,AAPL
2023-08-08,179.69000244140625,180.27000427246094,177.5800018310547,179.8000030517578,177.1614227294922,67823000,AAPL
2023-08-09,180.8699951171875,180.92999267578125,177.00999450683594,178.19000244140625,175.57504272460938,60378500,AAPL
2023-08-10,179.47999572753906,180.75,177.60000610351562,177.97000122070312,175.35824584960938,54686900,AAPL
2023-08-11,177.32000732421875,178.6199951171875,176.5500030517578,177.7899932861328,175.41744995117188,52036700,AAPL
2023-08-14,177.97000122070312,179.69000244140625,177.30999755859375,179.4600067138672,177.06515502929688,43675600,AAPL
2023-08-15,178.8800048828125,179.47999572753906,177.0500030517578,177.4499969482422,175.0819854736328,43622600,AAPL
2023-08-16,177.1300048828125,178.5399932861328,176.5,176.57000732421875,174.2137451171875,46964900,AAPL
2023-08-17,177.13999938964844,177.50999450683594,173.47999572753906,174.0,171.6780548095703,66062900,AAPL
2023-08-18,172.3000030517578,175.10000610351562,171.9600067138672,174.49000549316406,172.1614990234375,61172200,AAPL
2023-08-21,175.07000732421875,176.1300048828125,173.74000549316406,175.83999633789062,173.49349975585938,46311900,AAPL
2023-08-22,177.05999755859375,177.67999267578125,176.25,177.22999572753906,174.86492919921875,42038900,AAPL
2023-08-23,178.52000427246094,181.5500030517578,178.3300018310547,181.1199951171875,178.7030487060547,52722800,AAPL
2023-08-24,180.6699981689453,181.10000610351562,176.00999450683594,176.3800048828125,174.02627563476562,54945800,AAPL
2023-08-25,177.3800048828125,179.14999389648438,175.82000732421875,178.61000061035156,176.2265167236328,51449600,AAPL
2023-08-28,180.08999633789062,180.58999633789062,178.5500030517578,180.19000244140625,177.78541564941406,43820700,AAPL
2023-08-29,179.6999969482422,184.89999389648438,179.5,184.1199951171875,181.66299438476562,53003900,AAPL
2023-08-30,184.94000244140625,187.85000610351562,184.74000549316406,187.64999389648438,185.1458740234375,60813900,AAPL
2023-08-31,187.83999633789062,189.1199951171875,187.47999572753906,187.8699951171875,185.36294555664062,60794500,AAPL
2023-09-01,189.49000549316406,189.9199981689453,188.27999877929688,189.4600067138672,186.93174743652344,45766500,AAPL
2023-09-05,188.27999877929688,189.97999572753906,187.61000061035156,189.6999969482422,187.1685333251953,45280000,AAPL
2023-09-06,188.39999389648438,188.85000610351562,181.47000122070312,182.91000366210938,180.46914672851562,81755800,AAPL
2023-09-07,175.17999267578125,178.2100067138672,173.5399932861328,177.55999755859375,175.19053649902344,112488800,AAPL
2023-09-08,178.35000610351562,180.24000549316406,177.7899932861328,178.17999267578125,175.80224609375,65551300,AAPL
2023-09-11,180.07000732421875,180.3000030517578,177.33999633789062,179.36000061035156,176.96652221679688,58953100,AAPL
2023-09-12,179.49000549316406,180.1300048828125,174.82000732421875,176.3000030517578,173.9473419189453,90370200,AAPL
2023-09-13,176.50999450683594,177.3000030517578,173.97999572753906,174.2100067138672,171.88522338867188,84267900,AAPL
2023-09-14,174.0,176.10000610351562,173.5800018310547,175.74000549316406,173.3948211669922,60895800,AAPL
2023-09-15,176.47999572753906,176.5,173.82000732421875,175.00999450683594,172.674560546875,109259500,AAPL
2023-09-18,176.47999572753906,179.3800048828125,176.1699981689453,177.97000122070312,175.59503173828125,67257600,AAPL
2023-09-19,177.52000427246094,179.6300048828125,177.1300048828125,179.07000732421875,176.68035888671875,51826900,AAPL
2023-09-20,179.25999450683594,179.6999969482422,175.39999389648438,175.49000549316406,173.14816284179688,58436200,AAPL
2023-09-21,174.5500030517578,176.3000030517578,173.86000061035156,173.92999267578125,171.6089630126953,63149100,AAPL
2023-09-22,174.6699981689453,177.0800018310547,174.0500030517578,174.7899932861328,172.4574737548828,56725400,AAPL
2023-09-25,174.1999969482422,176.97000122070312,174.14999389648438,176.0800018310547,173.73031616210938,46172700,AAPL
2023-09-26,174.82000732421875,175.1999969482422,171.66000366210938,171.9600067138672,169.665283203125,64588900,AAPL
2023-09-27,172.6199951171875,173.0399932861328,169.0500030517578,170.42999267578125,168.1556854248047,66921800,AAPL
2023-09-28,169.33999633789062,172.02999877929688,167.6199951171875,170.69000244140625,168.41220092773438,56294400,AAPL
2023-09-29,172.02000427246094,173.07000732421875,170.33999633789062,171.2100067138672,168.9252471923828,51861100,AAPL
2023-10-02,171.22000122070312,174.3000030517578,170.92999267578125,173.75,171.43136596679688,52164500,AAPL
2023-10-03,172.25999450683594,173.6300048828125,170.82000732421875,172.39999389648438,170.099365234375,49594600,AAPL
2023-10-04,171.08999633789062,174.2100067138672,170.97000122070312,173.66000366210938,171.34259033203125,53020300,AAPL
2023-10-05,173.7899932861328,175.4499969482422,172.67999267578125,174.91000366210938,172.57586669921875,48527900,AAPL
2023-10-06,173.8000030517578,177.99000549316406,173.17999267578125,177.49000549316406,175.12149047851562,57266700,AAPL
2023-10-09,176.80999755859375,179.0500030517578,175.8000030517578,178.99000549316406,176.60147094726562,42390800,AAPL
2023-10-10,178.10000610351562,179.72000122070312,177.9499969482422,178.38999938964844,176.0094451904297,43698000,AAPL
2023-10-11,178.1999969482422,179.85000610351562,177.60000610351562,179.8000030517578,177.40065002441406,47551100,AAPL
2023-10-12,180.07000732421875,182.33999633789062,179.0399932861328,180.7100067138672,178.2985076904297,56743100,AAPL
2023-10-13,181.4199981689453,181.92999267578125,178.13999938964844,178.85000610351562,176.4633331298828,51427100,AAPL
2023-10-16,176.75,179.0800018310547,176.50999450683594,178.72000122070312,176.33502197265625,52517000,AAPL
2023-10-17,176.64999389648438,178.4199981689453,174.8000030517578,177.14999389648438,174.78599548339844,57549400,AAPL
2023-10-18,175.5800018310547,177.5800018310547,175.11000061035156,175.83999633789062,173.49349975585938,54764400,AAPL
2023-10-19,176.0399932861328,177.83999633789062,175.19000244140625,175.4600067138672,173.11856079101562,59302900,AAPL
2023-10-20,175.30999755859375,175.4199981689453,172.63999938964844,172.8800048828125,170.57298278808594,64244000,AAPL
2023-10-23,170.91000366210938,174.00999450683594,169.92999267578125,173.0,170.69139099121094,55980100,AAPL
2023-10-24,173.0500030517578,173.6699981689453,171.4499969482422,173.44000244140625,171.12551879882812,43816600,AAPL
2023-10-25,171.8800048828125,173.05999755859375,170.64999389648438,171.10000610351562,168.8167266845703,57157000,AAPL
2023-10-26,170.3699951171875,171.3800048828125,165.6699981689453,166.88999938964844,164.66290283203125,70625300,AAPL
2023-10-27,166.91000366210938,168.9600067138672,166.8300018310547,168.22000122070312,165.97515869140625,58499100,AAPL
2023-10-30,169.02000427246094,171.1699981689453,168.8699951171875,170.2899932861328,168.0175323486328,51131000,AAPL
2023-10-31,169.35000610351562,170.89999389648438,167.89999389648438,170.77000427246094,168.49114990234375,44846000,AAPL
2023-11-01,171.0,174.22999572753906,170.1199951171875,173.97000122070312,171.64845275878906,56934900,AAPL
2023-11-02,175.52000427246094,177.77999877929688,175.4600067138672,177.57000732421875,175.2003936767578,77334800,AAPL
2023-11-03,174.24000549316406,176.82000732421875,173.35000610351562,176.64999389648438,174.29266357421875,79829200,AAPL
2023-11-06,176.3800048828125,179.42999267578125,176.2100067138672,179.22999572753906,176.83822631835938,63841300,AAPL
2023-11-07,179.17999267578125,182.44000244140625,178.97000122070312,181.82000732421875,179.39369201660156,70530000,AAPL
2023-11-08,182.35000610351562,183.4499969482422,181.58999633789062,182.88999938964844,180.44940185546875,49340300,AAPL
2023-11-09,182.9600067138672,184.1199951171875,181.80999755859375,182.41000366210938,179.9757843017578,53763500,AAPL
2023-11-10,183.97000122070312,186.57000732421875,183.52999877929688,186.39999389648438,184.1548614501953,66133400,AAPL
2023-11-13,185.82000732421875,186.02999877929688,184.2100067138672,184.8000030517578,182.5741424560547,43627500,AAPL
2023-11-14,187.6999969482422,188.11000061035156,186.3000030517578,187.44000244140625,185.18234252929688,60108400,AAPL
2023-11-15,187.85000610351562,189.5,187.77999877929688,188.00999450683594,185.7454833984375,53790500,AAPL
2023-11-16,189.57000732421875,190.9600067138672,188.64999389648438,189.7100067138672,187.42498779296875,54412900,AAPL
2023-11-17,190.25,190.3800048828125,188.57000732421875,189.69000244140625,187.40525817871094,50922700,AAPL
2023-11-20,189.88999938964844,191.91000366210938,189.8800048828125,191.4499969482422,189.14402770996094,46505100,AAPL
2023-11-21,191.41000366210938,191.52000427246094,189.74000549316406,190.63999938964844,188.3437957763672,38134500,AAPL
2023-11-22,191.49000549316406,192.92999267578125,190.8300018310547,191.30999755859375,189.00570678710938,39617700,AAPL
2023-11-24,190.8699951171875,190.89999389648438,189.25,189.97000122070312,187.68185424804688,24048300,AAPL
2023-11-27,189.9199981689453,190.6699981689453,188.89999389648438,189.7899932861328,187.50401306152344,40552600,AAPL
2023-11-28,189.77999877929688,191.0800018310547,189.39999389648438,190.39999389648438,188.10665893554688,38415400,AAPL
2023-11-29,190.89999389648438,192.08999633789062,188.97000122070312,189.3699951171875,187.08909606933594,43014200,AAPL
2023-11-30,189.83999633789062,190.32000732421875,188.19000244140625,189.9499969482422,187.66209411621094,48794400,AAPL
2023-12-01,190.3300018310547,191.55999755859375,189.22999572753906,191.24000549316406,188.93655395507812,45704800,AAPL
2023-12-04,189.97999572753906,190.0500030517578,187.4499969482422,189.42999267578125,187.14834594726562,43389500,AAPL
2023-12-05,190.2100067138672,194.39999389648438,190.17999267578125,193.4199981689453,191.09033203125,66628400,AAPL
2023-12-06,194.4499969482422,194.75999450683594,192.11000061035156,192.32000732421875,190.00355529785156,41089700,AAPL
2023-12-07,193.6300048828125,195.0,193.58999633789062,194.27000427246094,191.9300537109375,47477700,AAPL
2023-12-08,194.1999969482422,195.99000549316406,193.6699981689453,195.7100067138672,193.35272216796875,53406400,AAPL
2023-12-11,193.11000061035156,193.49000549316406,191.4199981689453,193.17999267578125,190.8531951904297,60943700,AAPL
2023-12-12,193.0800018310547,194.72000122070312,191.72000122070312,194.7100067138672,192.36477661132812,52696900,AAPL
2023-12-13,195.08999633789062,198.0,194.85000610351562,197.9600067138672,195.57562255859375,70404200,AAPL
2023-12-14,198.02000427246094,199.6199951171875,196.16000366210938,198.11000061035156,195.7238006591797,66831600,AAPL
2023-12-15,197.52999877929688,198.39999389648438,197.0,197.57000732421875,195.1903076171875,128538400,AAPL
2023-12-18,196.08999633789062,196.6300048828125,194.38999938964844,195.88999938964844,193.53054809570312,55751900,AAPL
2023-12-19,196.16000366210938,196.9499969482422,195.88999938964844,196.94000244140625,194.56790161132812,40714100,AAPL
2023-12-20,196.89999389648438,197.67999267578125,194.8300018310547,194.8300018310547,192.48330688476562,52242800,AAPL
2023-12-21,196.10000610351562,197.0800018310547,193.5,194.67999267578125,192.33509826660156,46482500,AAPL
2023-12-22,195.17999267578125,195.41000366210938,192.97000122070312,193.60000610351562,191.2681427001953,37149600,AAPL
2023-12-26,193.61000061035156,193.88999938964844,192.8300018310547,193.0500030517578,190.72476196289062,28919300,AAPL
2023-12-27,192.49000549316406,193.5,191.08999633789062,193.14999389648438,190.8235626220703,48087700,AAPL
2023-12-28,194.13999938964844,194.66000366210938,193.1699981689453,193.5800018310547,191.24839782714844,34049900,AAPL
2023-12-29,193.89999389648438,194.39999389648438,191.72999572753906,192.52999877929688,190.21102905273438,42672100,AAPL
2024-01-02,187.14999389648438,188.44000244140625,183.88999938964844,185.63999938964844,183.4040069580078,82488700,AAPL
2024-01-03,184.22000122070312,185.8800048828125,183.42999267578125,184.25,182.03074645996094,58414500,AAPL
2024-01-04,182.14999389648438,183.08999633789062,180.8800048828125,181.91000366210938,179.7189483642578,71983600,AAPL
2024-01-05,181.99000549316406,182.75999450683594,180.1699981689453,181.17999267578125,178.9977264404297,62379700,AAPL
2024-01-08,182.08999633789062,185.60000610351562,181.5,185.55999755859375,183.32498168945312,59144500,AAPL
2024-01-09,183.9199981689453,185.14999389648438,182.72999572753906,185.13999938964844,182.91006469726562,42841800,AAPL
2024-01-10,184.35000610351562,186.39999389648438,183.9199981689453,186.19000244140625,183.94737243652344,46792900,AAPL
2024-01-11,186.5399932861328,187.0500030517578,183.6199951171875,185.58999633789062,183.35459899902344,49128400,AAPL
2024-01-12,186.05999755859375,186.74000549316406,185.19000244140625,185.9199981689453,183.68064880371094,40477800,AAPL
2024-01-16,182.16000366210938,184.25999450683594,180.92999267578125,183.6300048828125,181.418212890625,65603000,AAPL
2024-01-17,181.27000427246094,182.92999267578125,180.3000030517578,182.67999267578125,180.47962951660156,47317400,AAPL
2024-01-18,186.08999633789062,189.13999938964844,185.8300018310547,188.6300048828125,186.35801696777344,78005800,AAPL
2024-01-19,189.3300018310547,191.9499969482422,188.82000732421875,191.55999755859375,189.25271606445312,68903000,AAPL
2024-01-22,192.3000030517578,195.3300018310547,192.25999450683594,193.88999938964844,191.55462646484375,60133900,AAPL
2024-01-23,195.02000427246094,195.75,193.8300018310547,195.17999267578125,192.8291015625,42355600,AAPL
2024-01-24,195.4199981689453,196.3800048828125,194.33999633789062,194.5,192.15728759765625,53631300,AAPL
2024-01-25,195.22000122070312,196.27000427246094,193.11000061035156,194.1699981689453,191.831298828125,54822100,AAPL
2024-01-26,194.27000427246094,194.75999450683594,191.94000244140625,192.4199981689453,190.10232543945312,44594000,AAPL
2024-01-29,192.00999450683594,192.1999969482422,189.5800018310547,191.72999572753906,189.420654296875,47145600,AAPL
2024-01-30,190.94000244140625,191.8000030517578,187.47000122070312,188.0399932861328,185.7751007080078,55859400,AAPL
2024-01-31,187.0399932861328,187.10000610351562,184.35000610351562,184.39999389648438,182.17893981933594,55467800,AAPL
2024-02-01,183.99000549316406,186.9499969482422,183.82000732421875,186.86000061035156,184.6093292236328,64885400,AAPL
2024-02-02,179.86000061035156,187.3300018310547,179.25,185.85000610351562,183.61148071289062,102551700,AAPL
2024-02-05,188.14999389648438,189.25,185.83999633789062,187.67999267578125,185.41943359375,69668800,AAPL
2024-02-06,186.86000061035156,189.30999755859375,186.77000427246094,189.3000030517578,187.01992797851562,43490800,AAPL
2024-02-07,190.63999938964844,191.0500030517578,188.61000061035156,189.41000366210938,187.1286163330078,53439000,AAPL
2024-02-08,189.38999938964844,189.5399932861328,187.35000610351562,188.32000732421875,186.05174255371094,40962000,AAPL
2024-02-09,188.64999389648438,189.99000549316406,188.0,188.85000610351562,186.8134307861328,45155200,AAPL
2024-02-12,188.4199981689453,188.6699981689453,186.7899932861328,187.14999389648438,185.13177490234375,41781900,AAPL
2024-02-13,185.77000427246094,186.2100067138672,183.50999450683594,185.0399932861328,183.0445098876953,56529500,AAPL
2024-02-14,185.32000732421875,185.52999877929688,182.44000244140625,184.14999389648438,182.16407775878906,54630500,AAPL
2024-02-15,183.5500030517578,184.49000549316406,181.35000610351562,183.86000061035156,181.8772430419922,65434500,AAPL
2024-02-16,183.4199981689453,184.85000610351562,181.6699981689453,182.30999755859375,180.3439483642578,49752500,AAPL
2024-02-20,181.7899932861328,182.42999267578125,180.0,181.55999755859375,179.60202026367188,53665600,AAPL
2024-02-21,181.94000244140625,182.88999938964844,180.66000366210938,182.32000732421875,180.35385131835938,41371400,AAPL
2024-02-22,183.47999572753906,184.9600067138672,182.4600067138672,184.3699951171875,182.38174438476562,52292200,AAPL
2024-02-23,185.00999450683594,185.0399932861328,182.22999572753906,182.52000427246094,180.5517120361328,45119700,AAPL
2024-02-26,182.24000549316406,182.75999450683594,180.64999389648438,181.16000366210938,179.20635986328125,40867400,AAPL
2024-02-27,181.10000610351562,183.9199981689453,179.55999755859375,182.6300048828125,180.66050720214844,54318900,AAPL
2024-02-28,182.50999450683594,183.1199951171875,180.1300048828125,181.4199981689453,179.46353149414062,48953900,AAPL
2024-02-29,181.27000427246094,182.57000732421875,179.52999877929688,180.75,178.80078125,136682600,AAPL
2024-03-01,179.5500030517578,180.52999877929688,177.3800048828125,179.66000366210938,177.72254943847656,73563100,AAPL
2024-03-04,176.14999389648438,176.89999389648438,173.7899932861328,175.10000610351562,173.21170043945312,81510100,AAPL
2024-03-05,170.75999450683594,172.0399932861328,169.6199951171875,170.1199951171875,168.28541564941406,95132400,AAPL
2024-03-06,171.05999755859375,171.24000549316406,168.67999267578125,169.1199951171875,167.2961883544922,68587700,AAPL
2024-03-07,169.14999389648438,170.72999572753906,168.49000549316406,169.0,167.17747497558594,71765100,AAPL
2024-03-08,169.0,173.6999969482422,168.94000244140625,170.72999572753906,168.8888397216797,76267000,AAPL
2024-03-11,172.94000244140625,174.3800048828125,172.0500030517578,172.75,170.88706970214844,60139500,AAPL
2024-03-12,173.14999389648438,174.02999877929688,171.00999450683594,173.22999572753906,171.36184692382812,59825400,AAPL
2024-03-13,172.77000427246094,173.19000244140625,170.75999450683594,171.1300048828125,169.28451538085938,52488700,AAPL
2024-03-14,172.91000366210938,174.30999755859375,172.0500030517578,173.0,171.13436889648438,72913500,AAPL
2024-03-15,171.1699981689453,172.6199951171875,170.2899932861328,172.6199951171875,170.7584686279297,121752700,AAPL
2024-03-18,175.57000732421875,177.7100067138672,173.52000427246094,173.72000122070312,171.84658813476562,75604200,AAPL
2024-03-19,174.33999633789062,176.61000061035156,173.02999877929688,176.0800018310547,174.18115234375,55215200,AAPL
2024-03-20,175.72000122070312,178.6699981689453,175.08999633789062,178.6699981689453,176.7432098388672,53423100,AAPL
2024-03-21,177.0500030517578,177.49000549316406,170.83999633789062,171.3699951171875,169.5219268798828,106181300,AAPL
2024-03-22,171.75999450683594,173.0500030517578,170.05999755859375,172.27999877929688,170.422119140625,71160100,AAPL
2024-03-25,170.57000732421875,171.94000244140625,169.4499969482422,170.85000610351562,169.0075225830078,54288300,AAPL
2024-03-26,170.0,171.4199981689453,169.5800018310547,169.7100067138672,167.8798370361328,57388400,AAPL
2024-03-27,170.41000366210938,173.60000610351562,170.11000061035156,173.30999755859375,171.4409942626953,60273300,AAPL
2024-03-28,171.75,172.22999572753906,170.50999450683594,171.47999572753906,169.63072204589844,65672700,AAPL
2024-04-01,171.19000244140625,171.25,169.47999572753906,170.02999877929688,168.19639587402344,46240500,AAPL
2024-04-02,169.0800018310547,169.33999633789062,168.22999572753906,168.83999633789062,167.0192108154297,49329500,AAPL
2024-04-03,168.7899932861328,170.67999267578125,168.5800018310547,169.64999389648438,167.82049560546875,47691700,AAPL
2024-04-04,170.2899932861328,171.9199981689453,168.82000732421875,168.82000732421875,166.99945068359375,53704400,AAPL
2024-04-05,169.58999633789062,170.38999938964844,168.9499969482422,169.5800018310547,167.75125122070312,42104800,AAPL
2024-04-08,169.02999877929688,169.1999969482422,168.24000549316406,168.4499969482422,166.63340759277344,37425500,AAPL
2024-04-09,168.6999969482422,170.0800018310547,168.35000610351562,169.6699981689453,167.84024047851562,42373800,AAPL
2024-04-10,168.8000030517578,169.08999633789062,167.11000061035156,167.77999877929688,165.9706268310547,49709300,AAPL
2024-04-11,168.33999633789062,175.4600067138672,168.16000366210938,175.0399932861328,173.15234375,91070300,AAPL
2024-04-12,174.25999450683594,178.36000061035156,174.2100067138672,176.5500030517578,174.6460723876953,101670900,AAPL
2024-04-15,175.36000061035156,176.6300048828125,172.5,172.69000244140625,170.8276824951172,73531800,AAPL
2024-04-16,171.75,173.75999450683594,168.27000427246094,169.3800048828125,167.5534210205078,73711200,AAPL
2024-04-17,169.61000061035156,170.64999389648438,168.0,168.0,166.18826293945312,50901200,AAPL
2024-04-18,168.02999877929688,168.63999938964844,166.5500030517578,167.0399932861328,165.23861694335938,43122900,AAPL
2024-04-19,166.2100067138672,166.39999389648438,164.0800018310547,165.0,163.22061157226562,68149400,AAPL
2024-04-22,165.52000427246094,167.25999450683594,164.77000427246094,165.83999633789062,164.05152893066406,48116400,AAPL
2024-04-23,165.35000610351562,167.0500030517578,164.9199981689453,166.89999389648438,165.10012817382812,49537800,AAPL
2024-04-24,166.5399932861328,169.3000030517578,166.2100067138672,169.02000427246094,167.197265625,48251800,AAPL
2024-04-25,169.52999877929688,170.61000061035156,168.14999389648438,169.88999938964844,168.05787658691406,50558300,AAPL
2024-04-26,169.8800048828125,171.33999633789062,169.17999267578125,169.3000030517578,167.4742889404297,44838400,AAPL
2024-04-29,173.3699951171875,176.02999877929688,173.10000610351562,173.5,171.62893676757812,68169400,AAPL
2024-04-30,173.3300018310547,174.99000549316406,170.0,170.3300018310547,168.4931640625,65934800,AAPL
2024-05-01,169.5800018310547,172.7100067138672,169.11000061035156,169.3000030517578,167.4742889404297,50383100,AAPL
2024-05-02,172.50999450683594,173.4199981689453,170.88999938964844,173.02999877929688,171.16403198242188,94214900,AAPL
2024-05-03,186.64999389648438,187.0,182.66000366210938,183.3800048828125,181.4024200439453,163224100,AAPL
2024-05-06,182.35000610351562,184.1999969482422,180.4199981689453,181.7100067138672,179.75042724609375,78569700,AAPL
2024-05-07,183.4499969482422,184.89999389648438,181.32000732421875,182.39999389648438,180.43296813964844,77305800,AAPL
2024-05-08,182.85000610351562,183.07000732421875,181.4499969482422,182.74000549316406,180.76931762695312,45057100,AAPL
2024-05-09,182.55999755859375,184.66000366210938,182.11000061035156,184.57000732421875,182.57958984375,48983000,AAPL
2024-05-10,184.89999389648438,185.08999633789062,182.1300048828125,183.0500030517578,181.32156372070312,50759500,AAPL
2024-05-13,185.44000244140625,187.10000610351562,184.6199951171875,186.27999877929688,184.5210723876953,72044800,AAPL
2024-05-14,187.50999450683594,188.3000030517578,186.2899932861328,187.42999267578125,185.6602020263672,52393600,AAPL
2024-05-15,187.91000366210938,190.64999389648438,187.3699951171875,189.72000122070312,187.92860412597656,70400000,AAPL
2024-05-16,190.47000122070312,191.10000610351562,189.66000366210938,189.83999633789062,188.04745483398438,52845200,AAPL
2024-05-17,189.50999450683594,190.80999755859375,189.17999267578125,189.8699951171875,188.07717895507812,41282900,AAPL
2024-05-20,189.3300018310547,191.9199981689453,189.00999450683594,191.0399932861328,189.2361297607422,44361300,AAPL
2024-05-21,191.08999633789062,192.72999572753906,190.9199981689453,192.35000610351562,190.5337677001953,42309400,AAPL
2024-05-22,192.27000427246094,192.82000732421875,190.27000427246094,190.89999389648438,189.09744262695312,34648500,AAPL
2024-05-23,190.97999572753906,191.0,186.6300048828125,186.8800048828125,185.11541748046875,51005900,AAPL
2024-05-24,188.82000732421875,190.5800018310547,188.0399932861328,189.97999572753906,188.1861114501953,36327000,AAPL
2024-05-28,191.50999450683594,193.0,189.10000610351562,189.99000549316406,188.19606018066406,52280100,AAPL
2024-05-29,189.61000061035156,192.25,189.50999450683594,190.2899932861328,188.4932098388672,53068000,AAPL
2024-05-30,190.75999450683594,192.17999267578125,190.6300048828125,191.2899932861328,189.4837646484375,49889100,AAPL
2024-05-31,191.44000244140625,192.57000732421875,189.91000366210938,192.25,190.4346923828125,75158300,AAPL
2024-06-03,192.89999389648438,194.99000549316406,192.52000427246094,194.02999877929688,192.19789123535156,50080500,AAPL
2024-06-04,194.63999938964844,195.32000732421875,193.02999877929688,194.35000610351562,192.514892578125,47471400,AAPL
2024-06-05,195.39999389648438,196.89999389648438,194.8699951171875,195.8699951171875,194.02052307128906,54156800,AAPL
2024-06-06,195.69000244140625,196.5,194.1699981689453,194.47999572753906,192.6436309814453,41181800,AAPL
2024-06-07,194.64999389648438,196.94000244140625,194.13999938964844,196.88999938964844,195.03089904785156,53103900,AAPL
2024-06-10,196.89999389648438,197.3000030517578,192.14999389648438,193.1199951171875,191.29649353027344,97010200,AAPL
2024-06-11,193.64999389648438,207.16000366210938,193.6300048828125,207.14999389648438,205.1940155029297,172373300,AAPL
2024-06-12,207.3699951171875,220.1999969482422,206.89999389648438,213.07000732421875,211.05812072753906,198134300,AAPL
2024-06-13,214.74000549316406,216.75,211.60000610351562,214.24000549316406,212.21707153320312,97862700,AAPL
2024-06-14,213.85000610351562,215.1699981689453,211.3000030517578,212.49000549316406,210.48361206054688,70122700,AAPL
2024-06-17,213.3699951171875,218.9499969482422,212.72000122070312,216.6699981689453,214.62411499023438,93728300,AAPL
2024-06-18,217.58999633789062,218.6300048828125,213.0,214.2899932861328,212.26657104492188,79943300,AAPL
2024-06-20,213.92999267578125,214.24000549316406,208.85000610351562,209.67999267578125,207.70010375976562,86172500,AAPL
2024-06-21,210.38999938964844,211.88999938964844,207.11000061035156,207.49000549316406,205.5308074951172,241805100,AAPL
2024-06-24,207.72000122070312,212.6999969482422,206.58999633789062,208.13999938964844,206.17466735839844,80727000,AAPL
2024-06-25,209.14999389648438,211.3800048828125,208.61000061035156,209.07000732421875,207.0959014892578,55549700,AAPL
2024-06-26,211.5,214.86000061035156,210.63999938964844,213.25,211.2364044189453,66213200,AAPL
2024-06-27,214.69000244140625,215.74000549316406,212.35000610351562,214.10000610351562,212.07839965820312,49772700,AAPL
2024-06-28,215.77000427246094,216.07000732421875,210.3000030517578,210.6199951171875,208.63125610351562,82542700,AAPL
2024-07-01,212.08999633789062,217.50999450683594,211.9199981689453,216.75,214.70335388183594,60402900,AAPL
2024-07-02,216.14999389648438,220.3800048828125,215.10000610351562,220.27000427246094,218.1901092529297,58046200,AAPL
2024-07-03,220.0,221.5500030517578,219.02999877929688,221.5500030517578,219.45802307128906,37369800,AAPL
2024-07-05,221.64999389648438,226.4499969482422,221.64999389648438,226.33999633789062,224.2028045654297,60412400,AAPL
2024-07-08,227.08999633789062,227.85000610351562,223.25,227.82000732421875,225.66883850097656,59085900,AAPL
2024-07-09,227.92999267578125,229.39999389648438,226.3699951171875,228.67999267578125,226.52072143554688,48076100,AAPL
2024-07-10,229.3000030517578,233.0800018310547,229.25,232.97999572753906,230.78012084960938,62627700,AAPL
2024-07-11,231.38999938964844,232.38999938964844,225.77000427246094,227.57000732421875,225.4212188720703,64710600,AAPL
2024-07-12,228.9199981689453,232.63999938964844,228.67999267578125,230.5399932861328,228.36314392089844,53046500,AAPL
2024-07-15,236.47999572753906,237.22999572753906,233.08999633789062,234.39999389648438,232.18670654296875,62631300,AAPL
2024-07-16,235.0,236.27000427246094,232.3300018310547,234.82000732421875,232.60276794433594,43234300,AAPL
2024-07-17,229.4499969482422,231.4600067138672,226.63999938964844,228.8800048828125,226.71884155273438,57345900,AAPL
2024-07-18,230.27999877929688,230.44000244140625,222.27000427246094,224.17999267578125,222.06321716308594,66034600,AAPL
2024-07-19,224.82000732421875,226.8000030517578,223.27999877929688,224.30999755859375,222.19198608398438,49151500,AAPL
2024-07-22,227.00999450683594,227.77999877929688,223.08999633789062,223.9600067138672,221.84532165527344,48201800,AAPL
2024-07-23,224.3699951171875,226.94000244140625,222.67999267578125,225.00999450683594,222.88534545898438,39960300,AAPL
2024-07-24,224.0,224.8000030517578,217.1300048828125,218.5399932861328,216.47647094726562,61777600,AAPL
2024-07-25,218.92999267578125,220.85000610351562,214.6199951171875,217.49000549316406,215.43637084960938,51391200,AAPL
2024-07-26,218.6999969482422,219.49000549316406,216.00999450683594,217.9600067138672,215.9019775390625,41601300,AAPL
2024-07-29,216.9600067138672,219.3000030517578,215.75,218.24000549316406,216.1793212890625,36311800,AAPL
2024-07-30,219.19000244140625,220.3300018310547,216.1199951171875,218.8000030517578,216.73403930664062,41643800,AAPL
2024-07-31,221.44000244140625,223.82000732421875,220.6300048828125,222.0800018310547,219.98304748535156,50036300,AAPL
2024-08-01,224.3699951171875,224.47999572753906,217.02000427246094,218.36000061035156,216.2981414794922,62501000,AAPL
2024-08-02,219.14999389648438,225.60000610351562,217.7100067138672,219.86000061035156,217.7840118408203,105568600,AAPL
2024-08-05,199.08999633789062,213.5,196.0,209.27000427246094,207.2940216064453,119548600,AAPL
2024-08-06,205.3000030517578,209.99000549316406,201.07000732421875,207.22999572753906,205.2732391357422,69660500,AAPL
2024-08-07,206.89999389648438,213.63999938964844,206.38999938964844,209.82000732421875,207.8387908935547,63516400,AAPL
2024-08-08,213.11000061035156,214.1999969482422,208.8300018310547,213.30999755859375,211.29588317871094,47161100,AAPL
2024-08-09,212.10000610351562,216.77999877929688,211.97000122070312,216.24000549316406,214.19821166992188,42201600,AAPL
2024-08-12,216.07000732421875,219.50999450683594,215.60000610351562,217.52999877929688,215.72543334960938,38028100,AAPL
2024-08-13,219.00999450683594,221.88999938964844,219.00999450683594,221.27000427246094,219.4344024658203,44155300,AAPL
2024-08-14,220.57000732421875,223.02999877929688,219.6999969482422,221.72000122070312,219.8806610107422,41960600,AAPL
2024-08-15,224.60000610351562,225.35000610351562,222.75999450683594,224.72000122070312,222.8557891845703,46414000,AAPL
2024-08-16,223.9199981689453,226.8300018310547,223.64999389648438,226.0500030517578,224.1747283935547,44340200,AAPL
2024-08-19,225.72000122070312,225.99000549316406,223.0399932861328,225.88999938964844,224.01605224609375,40687800,AAPL
2024-08-20,225.77000427246094,227.1699981689453,225.4499969482422,226.50999450683594,224.6309051513672,30299000,AAPL
2024-08-21,226.52000427246094,227.97999572753906,225.0500030517578,226.39999389648438,224.52182006835938,34765500,AAPL
2024-08-22,227.7899932861328,228.33999633789062,223.89999389648438,224.52999877929688,222.66732788085938,43695300,AAPL
2024-08-23,225.66000366210938,228.22000122070312,224.3300018310547,226.83999633789062,224.9581756591797,38677300,AAPL
2024-08-26,226.75999450683594,227.27999877929688,223.88999938964844,227.17999267578125,225.2953643798828,30602200,AAPL
2024-08-27,226.0,228.85000610351562,224.88999938964844,228.02999877929688,226.13832092285156,35934600,AAPL
2024-08-28,227.9199981689453,229.86000061035156,225.67999267578125,226.49000549316406,224.611083984375,38052200,AAPL
2024-08-29,230.10000610351562,232.9199981689453,228.8800048828125,229.7899932861328,227.8837127685547,51906300,AAPL
2024-08-30,230.19000244140625,230.39999389648438,227.47999572753906,229.0,227.10023498535156,52990800,AAPL
2024-09-03,228.5500030517578,229.0,221.1699981689453,222.77000427246094,220.9219512939453,50190600,AAPL
2024-09-04,221.66000366210938,221.77999877929688,217.47999572753906,220.85000610351562,219.01785278320312,43840200,AAPL
2024-09-05,221.6300048828125,225.47999572753906,221.52000427246094,222.3800048828125,220.5352020263672,36615400,AAPL
2024-09-06,223.9499969482422,225.24000549316406,219.77000427246094,220.82000732421875,218.9881134033203,48423000,AAPL
2024-09-09,220.82000732421875,221.27000427246094,216.7100067138672,220.91000366210938,219.077392578125,67180000,AAPL
2024-09-10,218.9199981689453,221.47999572753906,216.72999572753906,220.11000061035156,218.28399658203125,51591000,AAPL
2024-09-11,221.4600067138672,223.08999633789062,217.88999938964844,222.66000366210938,220.81285095214844,44587100,AAPL
2024-09-12,222.5,223.5500030517578,219.82000732421875,222.77000427246094,220.9219512939453,37455600,AAPL
2024-09-13,223.5800018310547,224.0399932861328,221.91000366210938,222.5,220.6541748046875,36766600,AAPL
2024-09-16,216.5399932861328,217.22000122070312,213.9199981689453,216.32000732421875,214.52545166015625,59357400,AAPL
2024-09-17,215.75,216.89999389648438,214.5,216.7899932861328,214.99156188964844,45519300,AAPL
2024-09-18,217.5500030517578,222.7100067138672,217.5399932861328,220.69000244140625,218.85922241210938,59894900,AAPL
2024-09-19,224.99000549316406,229.82000732421875,224.6300048828125,228.8699951171875,226.97134399414062,66781300,AAPL
2024-09-20,229.97000122070312,233.08999633789062,227.6199951171875,228.1999969482422,226.30691528320312,318679900,AAPL
2024-09-23,227.33999633789062,229.4499969482422,225.80999755859375,226.47000122070312,224.59124755859375,54146000,AAPL
2024-09-24,228.64999389648438,229.35000610351562,225.72999572753906,227.3699951171875,225.4837646484375,43556100,AAPL
2024-09-25,224.92999267578125,227.2899932861328,224.02000427246094,226.3699951171875,224.4920654296875,42308700,AAPL
2024-09-26,227.3000030517578,228.5,225.41000366210938,227.52000427246094,225.6325225830078,36636700,AAPL
2024-09-27,228.4600067138672,229.52000427246094,227.3000030517578,227.7899932861328,225.90028381347656,34026000,AAPL
2024-09-30,230.0399932861328,233.0,229.64999389648438,233.0,231.0670623779297,54541900,AAPL
2024-10-01,229.52000427246094,229.64999389648438,223.74000549316406,226.2100067138672,224.3334197998047,63285000,AAPL
2024-10-02,225.88999938964844,227.3699951171875,223.02000427246094,226.77999877929688,224.898681640625,32880600,AAPL
2024-10-03,225.13999938964844,226.80999755859375,223.32000732421875,225.6699981689453,223.79788208007812,34044200,AAPL
2024-10-04,227.89999389648438,228.0,224.1300048828125,226.8000030517578,224.91851806640625,37245100,AAPL
2024-10-07,224.5,225.69000244140625,221.3300018310547,221.69000244140625,219.8509063720703,39505400,AAPL
2024-10-08,224.3000030517578,225.97999572753906,223.25,225.77000427246094,223.89706420898438,31855700,AAPL
2024-10-09,225.22999572753906,229.75,224.8300018310547,229.5399932861328,227.63575744628906,33591100,AAPL
2024-10-10,227.77999877929688,229.5,227.1699981689453,229.0399932861328,227.13992309570312,28183500,AAPL
2024-10-11,229.3000030517578,229.41000366210938,227.33999633789062,227.5500030517578,225.66229248046875,31759200,AAPL
2024-10-14,228.6999969482422,231.72999572753906,228.60000610351562,231.3000030517578,229.3811798095703,39882100,AAPL
2024-10-15,233.61000061035156,237.49000549316406,232.3699951171875,233.85000610351562,231.91001892089844,64751400,AAPL
2024-10-16,231.60000610351562,232.1199951171875,229.83999633789062,231.77999877929688,229.85720825195312,34082200,AAPL
2024-10-17,233.42999267578125,233.85000610351562,230.52000427246094,232.14999389648438,230.22412109375,32993800,AAPL
2024-10-18,236.17999267578125,236.17999267578125,234.00999450683594,235.0,233.0504608154297,46431500,AAPL
2024-10-21,234.4499969482422,236.85000610351562,234.4499969482422,236.47999572753906,234.51821899414062,36254500,AAPL
2024-10-22,233.88999938964844,236.22000122070312,232.60000610351562,235.86000061035156,233.90335083007812,38846600,AAPL
2024-10-23,234.0800018310547,235.13999938964844,227.75999450683594,230.75999450683594,228.84564208984375,52287000,AAPL
2024-10-24,229.97999572753906,230.82000732421875,228.41000366210938,230.57000732421875,228.6572265625,31109500,AAPL
2024-10-25,229.74000549316406,233.22000122070312,229.57000732421875,231.41000366210938,229.4902801513672,38802300,AAPL
2024-10-28,233.32000732421875,234.72999572753906,232.5500030517578,233.39999389648438,231.46377563476562,36087100,AAPL
2024-10-29,233.10000610351562,234.3300018310547,232.32000732421875,233.6699981689453,231.73153686523438,35417200,AAPL
2024-10-30,232.61000061035156,233.47000122070312,229.5500030517578,230.10000610351562,228.19114685058594,47070900,AAPL
2024-10-31,229.33999633789062,229.8300018310547,225.3699951171875,225.91000366210938,224.035888671875,64370100,AAPL
2024-11-01,220.97000122070312,225.35000610351562,220.27000427246094,222.91000366210938,221.06077575683594,65276700,AAPL
2024-11-04,220.99000549316406,222.7899932861328,219.7100067138672,222.00999450683594,220.16822814941406,44944500,AAPL
2024-11-05,221.8000030517578,223.9499969482422,221.13999938964844,223.4499969482422,221.59629821777344,28111300,AAPL
2024-11-06,222.61000061035156,226.07000732421875,221.19000244140625,222.72000122070312,220.8723602294922,54561100,AAPL
2024-11-07,224.6300048828125,227.8800048828125,224.57000732421875,227.47999572753906,225.5928497314453,42137700,AAPL
2024-11-08,227.1699981689453,228.66000366210938,226.41000366210938,226.9600067138672,225.3248291015625,38328800,AAPL
2024-11-11,225.0,225.6999969482422,221.5,224.22999572753906,222.61448669433594,42005600,AAPL
2024-11-12,224.5500030517578,225.58999633789062,223.36000061035156,224.22999572753906,222.61448669433594,40398300,AAPL
2024-11-13,224.00999450683594,226.64999389648438,222.75999450683594,225.1199951171875,223.49807739257812,48566200,AAPL
2024-11-14,225.02000427246094,228.8699951171875,225.0,228.22000122070312,226.5757293701172,44923900,AAPL
2024-11-15,226.39999389648438,226.9199981689453,224.27000427246094,225.0,223.37893676757812,47923700,AAPL
2024-11-18,225.25,229.74000549316406,225.1699981689453,228.02000427246094,226.37716674804688,44633700,AAPL
2024-11-19,226.97999572753906,230.16000366210938,226.66000366210938,228.27999877929688,226.63531494140625,36211800,AAPL
2024-11-20,228.05999755859375,229.92999267578125,225.88999938964844,229.0,227.35009765625,35169600,AAPL
2024-11-21,228.8800048828125,230.16000366210938,225.7100067138672,228.52000427246094,226.87359619140625,42108300,AAPL
2024-11-22,228.05999755859375,230.72000122070312,228.05999755859375,229.8699951171875,228.2138671875,38168300,AAPL
2024-11-25,231.4600067138672,233.25,229.74000549316406,232.8699951171875,231.1922149658203,90152800,AAPL
2024-11-26,233.3300018310547,235.57000732421875,233.3300018310547,235.05999755859375,233.366455078125,45986200,AAPL
2024-11-27,234.47000122070312,235.69000244140625,233.80999755859375,234.92999267578125,233.2373504638672,33498400,AAPL
2024-11-29,234.80999755859375,237.80999755859375,233.97000122070312,237.3300018310547,235.62010192871094,28481400,AAPL
2024-12-02,237.27000427246094,240.7899932861328,237.16000366210938,239.58999633789062,237.86378479003906,48137100,AAPL
2024-12-03,239.80999755859375,242.75999450683594,238.89999389648438,242.64999389648438,240.9017791748047,38861000,AAPL
2024-12-04,242.8699951171875,244.11000061035156,241.25,243.00999450683594,241.25918579101562,44383900,AAPL
2024-12-05,243.99000549316406,244.5399932861328,242.1300048828125,243.0399932861328,241.28895568847656,40033900,AAPL
2024-12-06,242.91000366210938,244.6300048828125,242.0800018310547,242.83999633789062,241.0903778076172,36870600,AAPL
2024-12-09,241.8300018310547,247.24000549316406,241.75,246.75,244.97222900390625,44649200,AAPL
2024-12-10,246.88999938964844,248.2100067138672,245.33999633789062,247.77000427246094,245.98489379882812,36914800,AAPL
2024-12-11,247.9600067138672,250.8000030517578,246.25999450683594,246.49000549316406,244.71409606933594,45205800,AAPL
2024-12-12,246.88999938964844,248.74000549316406,245.67999267578125,247.9600067138672,246.1735076904297,32777500,AAPL
2024-12-13,247.82000732421875,249.2899932861328,246.24000549316406,248.1300048828125,246.34230041503906,33155300,AAPL
2024-12-16,247.99000549316406,251.3800048828125,247.64999389648438,251.0399932861328,249.2313232421875,51694800,AAPL
2024-12-17,250.0800018310547,253.8300018310547,249.77999877929688,253.47999572753906,251.6537322998047,51356400,AAPL
2024-12-18,252.16000366210938,254.27999877929688,247.74000549316406,248.0500030517578,246.2628631591797,56774100,AAPL
2024-12-19,247.5,252.0,247.08999633789062,249.7899932861328,247.99032592773438,60882300,AAPL
2024-12-20,248.0399932861328,255.0,245.69000244140625,254.49000549316406,252.65647888183594,147495300,AAPL
2024-12-23,254.77000427246094,255.64999389648438,253.4499969482422,255.27000427246094,253.43084716796875,40858800,AAPL
2024-12-24,255.49000549316406,258.2099914550781,255.2899932861328,258.20001220703125,256.3397521972656,23234700,AAPL
2024-12-26,258.19000244140625,260.1000061035156,257.6300048828125,259.0199890136719,257.1538391113281,27237100,AAPL
2024-12-27,257.8299865722656,258.70001220703125,253.05999755859375,255.58999633789062,253.74851989746094,42355300,AAPL
2024-12-30,252.22999572753906,253.5,250.75,252.1999969482422,250.38296508789062,35557500,AAPL
2024-12-31,252.44000244140625,253.27999877929688,249.42999267578125,250.4199981689453,248.61578369140625,39480700,AAPL
2025-01-02,248.92999267578125,249.10000610351562,241.82000732421875,243.85000610351562,242.09315490722656,55740700,AAPL
2025-01-03,243.36000061035156,244.17999267578125,241.88999938964844,243.36000061035156,241.60667419433594,40244100,AAPL
2025-01-06,244.30999755859375,247.3300018310547,243.1999969482422,245.0,243.23484802246094,45045600,AAPL
2025-01-07,242.97999572753906,245.5500030517578,241.35000610351562,242.2100067138672,240.46495056152344,40856000,AAPL
2025-01-08,241.9199981689453,243.7100067138672,240.0500030517578,242.6999969482422,240.951416015625,37628900,AAPL
2025-01-10,240.00999450683594,240.16000366210938,233.0,236.85000610351562,235.1435546875,61710900,AAPL
2025-01-13,233.52999877929688,234.6699981689453,229.72000122070312,234.39999389648438,232.71121215820312,49630700,AAPL
2025-01-14,234.75,236.1199951171875,232.47000122070312,233.27999877929688,231.59927368164062,39435300,AAPL
2025-01-15,234.63999938964844,238.9600067138672,234.42999267578125,237.8699951171875,236.1562042236328,39832000,AAPL
2025-01-16,237.35000610351562,238.00999450683594,228.02999877929688,228.25999450683594,226.6154327392578,71759100,AAPL
2025-01-17,232.1199951171875,232.2899932861328,228.47999572753906,229.97999572753906,228.32305908203125,68488300,AAPL
2025-01-21,224.0,224.4199981689453,219.3800048828125,222.63999938964844,221.03591918945312,98070400,AAPL
2025-01-22,219.7899932861328,224.1199951171875,219.7899932861328,223.8300018310547,222.21734619140625,64126500,AAPL
2025-01-23,224.74000549316406,227.02999877929688,222.3000030517578,223.66000366210938,222.04859924316406,60234800,AAPL
2025-01-24,224.77999877929688,225.6300048828125,221.41000366210938,222.77999877929688,221.1749267578125,54697900,AAPL
2025-01-27,224.02000427246094,232.14999389648438,223.97999572753906,229.86000061035156,228.20391845703125,94863400,AAPL
2025-01-28,230.85000610351562,240.19000244140625,230.80999755859375,238.25999450683594,236.5433807373047,75707600,AAPL
2025-01-29,234.1199951171875,239.86000061035156,234.00999450683594,239.36000061035156,237.6354522705078,45486100,AAPL
2025-01-30,238.6699981689453,240.7899932861328,237.2100067138672,237.58999633789062,235.8782196044922,55658300,AAPL
2025-01-31,247.19000244140625,247.19000244140625,233.44000244140625,236.0,234.2996826171875,100959800,AAPL
2025-02-03,229.99000549316406,231.8300018310547,225.6999969482422,228.00999450683594,226.36724853515625,73063300,AAPL
2025-02-04,227.25,233.1300048828125,226.64999389648438,232.8000030517578,231.1227264404297,45067300,AAPL
2025-02-05,228.52999877929688,232.6699981689453,228.27000427246094,232.47000122070312,230.79513549804688,39620300,AAPL
2025-02-06,231.2899932861328,233.8000030517578,230.42999267578125,233.22000122070312,231.5397186279297,29925300,AAPL
2025-02-07,232.60000610351562,234.0,227.25999450683594,227.6300048828125,225.99000549316406,39707200,AAPL
2025-02-10,229.57000732421875,230.58999633789062,227.1999969482422,227.64999389648438,226.2583465576172,33115600,AAPL
2025-02-11,228.1999969482422,235.22999572753906,228.1300048828125,232.6199951171875,231.19796752929688,53718400,AAPL
2025-02-12,231.1999969482422,236.9600067138672,230.67999267578125,236.8699951171875,235.42196655273438,45243300,AAPL
2025-02-13,236.91000366210938,242.33999633789062,235.57000732421875,241.52999877929688,240.05348205566406,53614100,AAPL
2025-02-14,241.25,245.5500030517578,240.99000549316406,244.60000610351562,243.10470581054688,40896200,AAPL
2025-02-18,244.14999389648438,245.17999267578125,241.83999633789062,244.47000122070312,242.97552490234375,48822500,AAPL
2025-02-19,244.66000366210938,246.00999450683594,243.16000366210938,244.8699951171875,243.373046875,32204200,AAPL
2025-02-20,244.94000244140625,246.77999877929688,244.2899932861328,245.8300018310547,244.32720947265625,32316900,AAPL
2025-02-21,245.9499969482422,248.69000244140625,245.22000122070312,245.5500030517578,244.04891967773438,53197400,AAPL
2025-02-24,244.92999267578125,248.86000061035156,244.4199981689453,247.10000610351562,245.58944702148438,51326400,AAPL
2025-02-25,248.0,250.0,244.91000366210938,247.0399932861328,245.52978515625,48013300,AAPL
2025-02-26,244.3300018310547,244.97999572753906,239.1300048828125,240.36000061035156,238.890625,44433600,AAPL
2025-02-27,239.41000366210938,242.4600067138672,237.05999755859375,237.3000030517578,235.84934997558594,41153600,AAPL
2025-02-28,236.9499969482422,242.08999633789062,230.1999969482422,241.83999633789062,240.36158752441406,56833400,AAPL
2025-03-03,241.7899932861328,244.02999877929688,236.11000061035156,238.02999877929688,236.57484436035156,47184000,AAPL
2025-03-04,237.7100067138672,240.07000732421875,234.67999267578125,235.92999267578125,234.48773193359375,53798100,AAPL
2025-03-05,235.4199981689453,236.5500030517578,229.22999572753906,235.74000549316406,234.29888916015625,47227600,AAPL
2025-03-06,234.44000244140625,237.86000061035156,233.16000366210938,235.3300018310547,233.8914031982422,45170400,AAPL
2025-03-07,235.11000061035156,241.3699951171875,234.75999450683594,239.07000732421875,237.60853576660156,46273600,AAPL
2025-03-10,235.5399932861328,236.16000366210938,224.22000122070312,227.47999572753906,226.08937072753906,72071200,AAPL
2025-03-11,223.80999755859375,225.83999633789062,217.4499969482422,220.83999633789062,219.48997497558594,76137400,AAPL
2025-03-12,220.13999938964844,221.75,214.91000366210938,216.97999572753906,215.653564453125,62547500,AAPL
2025-03-13,215.9499969482422,216.83999633789062,208.4199981689453,209.67999267578125,208.39817810058594,61368300,AAPL
2025-03-14,211.25,213.9499969482422,209.5800018310547,213.49000549316406,212.18492126464844,60107600,AAPL
2025-03-17,213.30999755859375,215.22000122070312,209.97000122070312,214.0,212.69178771972656,48073400,AAPL
2025-03-18,214.16000366210938,215.14999389648438,211.49000549316406,212.69000244140625,211.38978576660156,42432400,AAPL
2025-03-19,214.22000122070312,218.75999450683594,213.75,215.24000549316406,213.92420959472656,54385400,AAPL
2025-03-20,213.99000549316406,217.49000549316406,212.22000122070312,214.10000610351562,212.79115295410156,48862900,AAPL
2025-03-21,211.55999755859375,218.83999633789062,211.27999877929688,218.27000427246094,216.93568420410156,94127800,AAPL
2025-03-24,221.0,221.47999572753906,218.5800018310547,220.72999572753906,219.38064575195312,44299500,AAPL
2025-03-25,220.77000427246094,224.10000610351562,220.0800018310547,223.75,222.38218688964844,34493600,AAPL
2025-03-26,223.50999450683594,225.02000427246094,220.47000122070312,221.52999877929688,220.1757354736328,34466100,AAPL
2025-03-27,221.38999938964844,224.99000549316406,220.55999755859375,223.85000610351562,222.48158264160156,37094800,AAPL
2025-03-28,221.6699981689453,223.80999755859375,217.67999267578125,217.89999389648438,216.5679473876953,39818600,AAPL
2025-03-31,217.00999450683594,225.6199951171875,216.22999572753906,222.1300048828125,220.77206420898438,65299300,AAPL
2025-04-01,219.80999755859375,223.67999267578125,218.89999389648438,223.19000244140625,221.8256072998047,36412700,AAPL
2025-04-02,221.32000732421875,225.19000244140625,221.02000427246094,223.88999938964844,222.52133178710938,35905900,AAPL
2025-04-03,205.5399932861328,207.49000549316406,201.25,203.19000244140625,201.94786071777344,103419000,AAPL
2025-04-04,193.88999938964844,199.8800048828125,187.33999633789062,188.3800048828125,187.22840881347656,125910900,AAPL
2025-04-07,177.1999969482422,194.14999389648438,174.6199951171875,181.4600067138672,180.35072326660156,160466300,AAPL
2025-04-08,186.6999969482422,190.33999633789062,169.2100067138672,172.4199981689453,171.365966796875,120859500,AAPL
2025-04-09,171.9499969482422,200.61000061035156,171.88999938964844,198.85000610351562,197.6343994140625,184395900,AAPL
2025-04-10,189.07000732421875,194.77999877929688,183.0,190.4199981689453,189.25595092773438,121880000,AAPL
2025-04-11,186.10000610351562,199.5399932861328,186.05999755859375,198.14999389648438,196.93865966796875,87435900,AAPL
2025-04-14,211.44000244140625,212.94000244140625,201.16000366210938,202.52000427246094,201.28196716308594,101352900,AAPL
2025-04-15,201.86000061035156,203.50999450683594,199.8000030517578,202.13999938964844,200.90428161621094,51343900,AAPL
2025-04-16,198.36000061035156,200.6999969482422,192.3699951171875,194.27000427246094,193.08238220214844,59732400,AAPL
2025-04-17,197.1999969482422,198.8300018310547,194.4199981689453,196.97999572753906,195.77584838867188,52164700,AAPL
2025-04-21,193.27000427246094,193.8000030517578,189.80999755859375,193.16000366210938,191.97918701171875,46742500,AAPL
2025-04-22,196.1199951171875,201.58999633789062,195.97000122070312,199.74000549316406,198.5189666748047,52976400,AAPL
2025-04-23,206.0,208.0,202.8000030517578,204.60000610351562,203.34925842285156,52929200,AAPL
2025-04-24,204.88999938964844,208.8300018310547,202.94000244140625,208.3699951171875,207.09619140625,47311000,AAPL
2025-04-25,206.3699951171875,209.75,206.1999969482422,209.27999877929688,208.00064086914062,38222300,AAPL
2025-04-28,210.0,211.5,207.4600067138672,210.13999938964844,208.85536193847656,38743100,AAPL
2025-04-29,208.69000244140625,212.24000549316406,208.3699951171875,211.2100067138672,209.91885375976562,36827600,AAPL
2025-04-30,209.3000030517578,213.5800018310547,206.6699981689453,212.5,211.20094299316406,52286500,AAPL
2025-05-01,209.0800018310547,214.55999755859375,208.89999389648438,213.32000732421875,212.0159454345703,57365700,AAPL
2025-05-02,206.08999633789062,206.99000549316406,202.16000366210938,205.35000610351562,204.09466552734375,101010600,AAPL
2025-05-05,203.10000610351562,204.10000610351562,198.2100067138672,198.88999938964844,197.67416381835938,69018500,AAPL
2025-05-06,198.2100067138672,200.64999389648438,197.02000427246094,198.50999450683594,197.2964630126953,51216500,AAPL
2025-05-07,199.1699981689453,199.44000244140625,193.25,196.25,195.05027770996094,68536700,AAPL
2025-05-08,197.72000122070312,200.0500030517578,194.67999267578125,197.49000549316406,196.28273010253906,50478900,AAPL
2025-05-09,199.0,200.5399932861328,197.5399932861328,198.52999877929688,197.31634521484375,36453900,AAPL
2025-05-12,210.97000122070312,211.27000427246094,206.75,210.7899932861328,209.776123046875,63775800,AAPL
2025-05-13,210.42999267578125,213.39999389648438,209.0,212.92999267578125,211.9058380126953,51909300,AAPL
2025-05-14,212.42999267578125,213.94000244140625,210.5800018310547,212.3300018310547,211.3087158203125,49325800,AAPL
2025-05-15,210.9499969482422,212.9600067138672,209.5399932861328,211.4499969482422,210.43295288085938,45029500,AAPL
2025-05-16,212.36000061035156,212.57000732421875,209.77000427246094,211.25999450683594,210.24386596679688,54737900,AAPL
2025-05-19,207.91000366210938,209.47999572753906,204.25999450683594,208.77999877929688,207.7758026123047,46140500,AAPL
2025-05-20,207.6699981689453,208.47000122070312,205.02999877929688,206.86000061035156,205.8650360107422,42496600,AAPL
2025-05-21,205.1699981689453,207.0399932861328,200.7100067138672,202.08999633789062,201.1179656982422,59211800,AAPL
2025-05-22,200.7100067138672,202.75,199.6999969482422,201.36000061035156,200.3914794921875,46742400,AAPL
2025-05-23,193.6699981689453,197.6999969482422,193.4600067138672,195.27000427246094,194.33079528808594,78432900,AAPL
2025-05-27,198.3000030517578,200.74000549316406,197.42999267578125,200.2100067138672,199.24705505371094,56288500,AAPL
2025-05-28,200.58999633789062,202.72999572753906,199.89999389648438,200.4199981689453,199.45602416992188,45339700,AAPL
2025-05-29,203.5800018310547,203.80999755859375,198.50999450683594,199.9499969482422,198.98826599121094,51396800,AAPL
2025-05-30,199.3699951171875,201.9600067138672,196.77999877929688,200.85000610351562,199.88394165039062,70819900,AAPL
2025-06-02,200.27999877929688,202.1300048828125,200.1199951171875,201.6999969482422,200.7298583984375,35423300,AAPL
2025-06-03,201.35000610351562,203.77000427246094,200.9600067138672,203.27000427246094,202.29229736328125,46381600,AAPL
2025-06-04,202.91000366210938,206.24000549316406,202.10000610351562,202.82000732421875,201.84446716308594,43604000,AAPL
2025-06-05,203.5,204.75,200.14999389648438,200.6300048828125,199.6649932861328,55126100,AAPL
2025-06-06,203.0,205.6999969482422,202.0500030517578,203.9199981689453,202.9391632080078,46607700,AAPL
2025-06-09,204.38999938964844,206.0,200.02000427246094,201.4499969482422,200.48106384277344,72862600,AAPL
2025-06-10,200.60000610351562,204.35000610351562,200.57000732421875,202.6699981689453,201.69517517089844,54672600,AAPL
2025-06-11,203.5,204.5,198.41000366210938,198.77999877929688,197.8238983154297,60989900,AAPL
2025-06-12,199.0800018310547,199.67999267578125,197.36000061035156,199.1999969482422,198.24188232421875,43904600,AAPL
2025-06-13,199.72999572753906,200.3699951171875,195.6999969482422,196.4499969482422,195.50511169433594,51447300,AAPL
2025-06-16,197.3000030517578,198.69000244140625,196.55999755859375,198.4199981689453,197.4656219482422,43020700,AAPL
2025-06-17,197.1999969482422,198.38999938964844,195.2100067138672,195.63999938964844,194.6990203857422,38856200,AAPL
2025-06-18,195.94000244140625,197.57000732421875,195.07000732421875,196.5800018310547,195.6344757080078,45394700,AAPL
2025-06-20,198.24000549316406,201.6999969482422,196.86000061035156,201.0,200.03321838378906,96813500,AAPL
2025-06-23,201.6300048828125,202.3000030517578,198.9600067138672,201.5,200.53082275390625,55814300,AAPL
2025-06-24,202.58999633789062,203.44000244140625,200.1999969482422,200.3000030517578,199.3365936279297,54064000,AAPL
2025-06-25,201.4499969482422,203.6699981689453,200.6199951171875,201.55999755859375,200.5904998779297,39525700,AAPL
2025-06-26,201.42999267578125,202.63999938964844,199.4600067138672,201.0,200.03321838378906,50799100,AAPL
2025-06-27,201.88999938964844,203.22000122070312,200.0,201.0800018310547,200.1128387451172,73188600,AAPL
2025-06-30,202.00999450683594,207.38999938964844,199.25999450683594,205.1699981689453,204.18316650390625,91912800,AAPL
2025-07-01,206.6699981689453,210.19000244140625,206.13999938964844,207.82000732421875,206.8204345703125,78788900,AAPL
2025-07-02,208.91000366210938,213.33999633789062,208.13999938964844,212.44000244140625,211.418212890625,67941800,AAPL
2025-07-03,212.14999389648438,214.64999389648438,211.80999755859375,213.5500030517578,212.52284240722656,34955800,AAPL
2025-07-07,212.67999267578125,216.22999572753906,208.8000030517578,209.9499969482422,208.940185546875,50229000,AAPL
2025-07-08,210.10000610351562,211.42999267578125,208.4499969482422,210.00999450683594,208.9998779296875,42848900,AAPL
2025-07-09,209.52999877929688,211.3300018310547,207.22000122070312,211.13999938964844,210.12445068359375,48749400,AAPL
2025-07-10,210.50999450683594,213.47999572753906,210.02999877929688,212.41000366210938,211.38833618164062,44443600,AAPL
2025-07-11,210.57000732421875,212.1300048828125,209.86000061035156,211.16000366210938,210.14434814453125,39765800,AAPL
2025-07-14,209.92999267578125,210.91000366210938,207.5399932861328,208.6199951171875,207.61656188964844,38840100,AAPL
2025-07-15,209.22000122070312,211.88999938964844,208.9199981689453,209.11000061035156,208.10421752929688,42296300,AAPL
2025-07-16,210.3000030517578,212.39999389648438,208.63999938964844,210.16000366210938,209.14918518066406,47490500,AAPL
2025-07-17,210.57000732421875,211.8000030517578,209.58999633789062,210.02000427246094,209.0098419189453,48068100,AAPL
2025-07-18,210.8699951171875,211.7899932861328,209.6999969482422,211.17999267578125,210.16424560546875,48974600,AAPL
2025-07-21,212.10000610351562,215.77999877929688,211.6300048828125,212.47999572753906,211.4580078125,51377400,AAPL
2025-07-22,213.13999938964844,214.9499969482422,212.22999572753906,214.39999389648438,213.36875915527344,46404100,AAPL
2025-07-23,215.0,215.14999389648438,212.41000366210938,214.14999389648438,213.1199493408203,46989300,AAPL
2025-07-24,213.89999389648438,215.69000244140625,213.52999877929688,213.75999450683594,212.73184204101562,46022600,AAPL
2025-07-25,214.6999969482422,215.24000549316406,213.39999389648438,213.8800048828125,212.85128784179688,40268800,AAPL
2025-07-28,214.02999877929688,214.85000610351562,213.05999755859375,214.0500030517578,213.02044677734375,37858000,AAPL
2025-07-29,214.17999267578125,214.80999755859375,210.82000732421875,211.27000427246094,210.25384521484375,51411700,AAPL
2025-07-30,211.89999389648438,212.38999938964844,207.72000122070312,209.0500030517578,208.04449462890625,45512500,AAPL
2025-07-31,208.49000549316406,209.83999633789062,207.16000366210938,207.57000732421875,206.5716094970703,80698400,AAPL
2025-08-01,210.8699951171875,213.5800018310547,201.5,202.3800048828125,201.40660095214844,104434500,AAPL
2025-08-04,204.50999450683594,207.8800048828125,201.67999267578125,203.35000610351562,202.37193298339844,75109300,AAPL
2025-08-05,203.39999389648438,205.33999633789062,202.16000366210938,202.9199981689453,201.9439697265625,44155100,AAPL
2025-08-06,205.6300048828125,215.3800048828125,205.58999633789062,213.25,212.22430419921875,108483100,AAPL
2025-08-07,218.8800048828125,220.85000610351562,216.5800018310547,220.02999877929688,218.9716796875,90224800,AAPL
2025-08-08,220.8300018310547,231.0,219.25,229.35000610351562,228.2468719482422,113854000,AAPL
2025-08-11,227.9199981689453,229.55999755859375,224.75999450683594,227.17999267578125,226.3438720703125,61806100,AAPL
2025-08-12,228.00999450683594,230.8000030517578,227.07000732421875,229.64999389648438,228.80477905273438,55626200,AAPL
2025-08-13,231.07000732421875,235.0,230.42999267578125,233.3300018310547,232.47125244140625,69878500,AAPL
2025-08-14,234.05999755859375,235.1199951171875,230.85000610351562,232.77999877929688,231.92327880859375,51916300,AAPL
2025-08-15,234.0,234.27999877929688,229.33999633789062,231.58999633789062,230.73765563964844,56038700,AAPL
2025-08-18,231.6999969482422,233.1199951171875,230.11000061035156,230.88999938964844,230.0402374267578,37476200,AAPL
2025-08-19,231.27999877929688,232.8699951171875,229.35000610351562,230.55999755859375,229.71145629882812,39402600,AAPL
2025-08-20,229.97999572753906,230.47000122070312,225.77000427246094,226.00999450683594,225.17819213867188,42263900,AAPL
2025-08-21,226.27000427246094,226.52000427246094,223.77999877929688,224.89999389648438,224.07228088378906,30621200,AAPL
2025-08-22,226.1699981689453,229.08999633789062,225.41000366210938,227.75999450683594,226.9217529296875,42477800,AAPL
2025-08-25,226.47999572753906,229.3000030517578,226.22999572753906,227.16000366210938,226.32398986816406,30983100,AAPL
2025-08-26,226.8699951171875,229.49000549316406,224.69000244140625,229.30999755859375,228.46603393554688,54575100,AAPL
2025-08-27,228.61000061035156,230.89999389648438,228.25999450683594,230.49000549316406,229.6417236328125,31259500,AAPL
2025-08-28,230.82000732421875,233.41000366210938,229.33999633789062,232.55999755859375,231.70408630371094,38074700,AAPL
2025-08-29,232.50999450683594,233.3800048828125,231.3699951171875,232.13999938964844,231.28561401367188,39418400,AAPL
2025-09-02,229.25,230.85000610351562,226.97000122070312,229.72000122070312,228.87454223632812,44075600,AAPL
2025-09-03,237.2100067138672,238.85000610351562,234.36000061035156,238.47000122070312,237.59234619140625,66427800,AAPL
2025-09-04,238.4499969482422,239.89999389648438,236.74000549316406,239.77999877929688,238.89752197265625,47549400,AAPL
2025-09-05,240.0,241.32000732421875,238.49000549316406,239.69000244140625,238.80783081054688,54870400,AAPL
2025-09-08,239.3000030517578,240.14999389648438,236.33999633789062,237.8800048828125,237.00450134277344,48999500,AAPL
2025-09-09,237.0,238.77999877929688,233.36000061035156,234.35000610351562,233.4875030517578,66313900,AAPL
2025-09-10,232.19000244140625,232.4199981689453,225.9499969482422,226.7899932861328,225.955322265625,83440800,AAPL
2025-09-11,226.8800048828125,230.4499969482422,226.64999389648438,230.02999877929688,229.18341064453125,50208600,AAPL
2025-09-12,229.22000122070312,234.50999450683594,229.02000427246094,234.07000732421875,233.20852661132812,55824200,AAPL
2025-09-15,237.0,238.19000244140625,235.02999877929688,236.6999969482422,235.828857421875,42699500,AAPL
2025-09-16,237.17999267578125,241.22000122070312,236.32000732421875,238.14999389648438,237.2735137939453,63421100,AAPL
2025-09-17,238.97000122070312,240.10000610351562,237.72999572753906,238.99000549316406,238.11044311523438,46508000,AAPL
2025-09-18,239.97000122070312,241.1999969482422,236.64999389648438,237.8800048828125,237.00450134277344,44249600,AAPL
2025-09-19,241.22999572753906,246.3000030517578,240.2100067138672,245.5,244.59646606445312,163741300,AAPL
2025-09-22,248.3000030517578,256.6400146484375,248.1199951171875,256.0799865722656,255.1374969482422,105517400,AAPL
2025-09-23,255.8800048828125,257.3399963378906,253.5800018310547,254.42999267578125,253.49359130859375,60275200,AAPL
2025-09-24,255.22000122070312,255.74000549316406,251.0399932861328,252.30999755859375,251.38140869140625,42303700,AAPL
2025-09-25,253.2100067138672,257.1700134277344,251.7100067138672,256.8699951171875,255.9246063232422,55202100,AAPL
2025-09-26,254.10000610351562,257.6000061035156,253.77999877929688,255.4600067138672,254.51980590820312,46076300,AAPL
2025-09-29,254.55999755859375,255.0,253.00999450683594,254.42999267578125,253.49359130859375,40127700,AAPL
2025-09-30,254.86000061035156,255.9199981689453,253.11000061035156,254.6300048828125,253.69287109375,37704300,AAPL
2025-10-01,255.0399932861328,258.7900085449219,254.92999267578125,255.4499969482422,254.5098419189453,48713900,AAPL
2025-10-02,256.5799865722656,258.17999267578125,254.14999389648438,257.1300048828125,256.18365478515625,42630200,AAPL
2025-10-03,254.6699981689453,259.239990234375,253.9499969482422,258.0199890136719,257.0703430175781,49155600,AAPL
2025-10-06,257.989990234375,259.07000732421875,255.0500030517578,256.69000244140625,255.74526977539062,44664100,AAPL
2025-10-07,256.80999755859375,257.3999938964844,255.42999267578125,256.4800109863281,255.5360870361328,31955800,AAPL
2025-10-08,256.5199890136719,258.5199890136719,256.1099853515625,258.05999755859375,257.1102294921875,36496900,AAPL
2025-10-09,257.80999755859375,258.0,253.13999938964844,254.0399932861328,253.1050262451172,38322000,AAPL
2025-10-10,254.94000244140625,256.3800048828125,244.0,245.27000427246094,244.3673095703125,61999100,AAPL
2025-10-13,249.3800048828125,249.69000244140625,245.55999755859375,247.66000366210938,246.74851989746094,38142900,AAPL
2025-10-14,246.60000610351562,248.85000610351562,244.6999969482422,247.77000427246094,246.8581085205078,35478000,AAPL
2025-10-15,249.49000549316406,251.82000732421875,247.47000122070312,249.33999633789062,248.42233276367188,33893600,AAPL
2025-10-16,248.25,249.0399932861328,245.1300048828125,247.4499969482422,246.53929138183594,39777000,AAPL
2025-10-17,248.02000427246094,253.3800048828125,247.27000427246094,252.2899932861328,251.36148071289062,49147000,AAPL
2025-10-20,255.88999938964844,264.3800048828125,255.6300048828125,262.239990234375,261.27484130859375,90483000,AAPL
2025-10-21,261.8800048828125,265.2900085449219,261.8299865722656,262.7699890136719,261.8028869628906,46695900,AAPL
2025-10-22,262.6499938964844,262.8500061035156,255.42999267578125,258.45001220703125,257.4988098144531,45015300,AAPL
2025-10-23,259.94000244140625,260.6199951171875,258.010009765625,259.5799865722656,258.6246337890625,32754900,AAPL
2025-10-24,261.19000244140625,264.1300048828125,259.17999267578125,262.82000732421875,261.85272216796875,38253700,AAPL
2025-10-27,264.8800048828125,269.1199951171875,264.6499938964844,268.80999755859375,267.8206787109375,44888200,AAPL
2025-10-28,268.989990234375,269.8900146484375,268.1499938964844,269.0,268.00994873046875,41534800,AAPL
2025-10-29,269.2799987792969,271.4100036621094,267.1099853515625,269.70001220703125,268.7073974609375,51086700,AAPL
2025-10-30,271.989990234375,274.1400146484375,268.4800109863281,271.3999938964844,270.4011535644531,69886500,AAPL
2025-10-31,276.989990234375,277.32000732421875,269.1600036621094,270.3699951171875,269.37493896484375,86167100,AAPL
2025-11-03,270.4200134277344,270.8500061035156,266.25,269.04998779296875,268.0597839355469,50194600,AAPL
2025-11-04,268.3299865722656,271.489990234375,267.6199951171875,270.0400085449219,269.0461730957031,49274800,AAPL
2025-11-05,268.6099853515625,271.70001220703125,266.92999267578125,270.1400146484375,269.14581298828125,43683100,AAPL
2025-11-06,267.8900146484375,273.3999938964844,267.8900146484375,269.7699890136719,268.7771301269531,51204000,AAPL
2025-11-07,269.79998779296875,272.2900085449219,266.7699890136719,268.4700012207031,267.4819030761719,48227400,AAPL
2025-11-10,268.9599914550781,273.7300109863281,267.4599914550781,269.42999267578125,268.6985778808594,41312400,AAPL
2025-11-11,269.80999755859375,275.9100036621094,269.79998779296875,275.25,274.5028076171875,46208300,AAPL
2025-11-12,275.0,275.7300109863281,271.70001220703125,273.4700012207031,272.7276611328125,48398000,AAPL
2025-11-13,274.1099853515625,276.70001220703125,272.0899963378906,272.95001220703125,272.2090759277344,49602800,AAPL
2025-11-14,271.04998779296875,275.9599914550781,269.6000061035156,272.4100036621094,271.6705322265625,47431300,AAPL
2025-11-17,268.82000732421875,270.489990234375,265.7300109863281,267.4599914550781,266.7339782714844,45018300,AAPL
2025-11-18,269.989990234375,270.7099914550781,265.32000732421875,267.44000244140625,266.7139892578125,45677300,AAPL
2025-11-19,265.5299987792969,272.2099914550781,265.5,268.55999755859375,267.83099365234375,40424500,AAPL
2025-11-20,270.8299865722656,275.42999267578125,265.9200134277344,266.25,265.5272521972656,45823600,AAPL
2025-11-21,265.95001220703125,273.3299865722656,265.6700134277344,271.489990234375,270.75299072265625,59030800,AAPL
2025-11-24,270.8999938964844,277.0,270.8999938964844,275.9200134277344,275.1710205078125,65585800,AAPL
2025-11-25,275.2699890136719,280.3800048828125,275.25,276.9700012207031,276.2181396484375,46914200,AAPL
2025-11-26,276.9599914550781,279.5299987792969,276.6300048828125,277.54998779296875,276.79656982421875,33431400,AAPL
2025-11-28,277.260009765625,279.0,275.989990234375,278.8500061035156,278.0930480957031,20135600,AAPL
2025-12-01,278.010009765625,283.4200134277344,276.1400146484375,283.1000061035156,282.33148193359375,46587700,AAPL
2025-12-02,283.0,287.3999938964844,282.6300048828125,286.19000244140625,285.4131164550781,53669500,AAPL
2025-12-03,286.20001220703125,288.6199951171875,283.29998779296875,284.1499938964844,283.378662109375,43538700,AAPL
2025-12-04,284.1000061035156,284.7300109863281,278.5899963378906,280.70001220703125,279.93804931640625,43989100,AAPL
2025-12-05,280.5400085449219,281.1400146484375,278.04998779296875,278.7799987792969,278.0232238769531,47265800,AAPL
2025-12-08,278.1300048828125,279.6700134277344,276.1499938964844,277.8900146484375,277.1356506347656,38211800,AAPL
2025-12-09,278.1600036621094,280.0299987792969,276.9200134277344,277.17999267578125,276.42755126953125,32193300,AAPL
2025-12-10,277.75,279.75,276.44000244140625,278.7799987792969,278.0232238769531,33038300,AAPL
2025-12-11,279.1000061035156,279.5899963378906,273.80999755859375,278.0299987792969,277.2752380371094,33248000,AAPL
2025-12-12,277.8999938964844,279.2200012207031,276.82000732421875,278.2799987792969,277.52459716796875,39532900,AAPL
2025-12-15,280.1499938964844,280.1499938964844,272.8399963378906,274.1099853515625,273.3658752441406,50409100,AAPL
2025-12-16,272.82000732421875,275.5,271.7900085449219,274.6099853515625,273.8645324707031,37648600,AAPL
2025-12-17,275.010009765625,276.1600036621094,271.6400146484375,271.8399963378906,271.1020812988281,50138700,AAPL
2025-12-18,273.6099853515625,273.6300048828125,266.95001220703125,272.19000244140625,271.45111083984375,51630700,AAPL
2025-12-19,272.1499938964844,274.6000061035156,269.8999938964844,273.6700134277344,272.9271545410156,144632000,AAPL
2025-12-22,272.8599853515625,273.8800048828125,270.510009765625,270.9700012207031,270.23443603515625,36571800,AAPL
2025-12-23,270.8399963378906,272.5,269.55999755859375,272.3599853515625,271.62066650390625,29642000,AAPL
2025-12-24,272.3399963378906,275.42999267578125,272.20001220703125,273.80999755859375,273.06671142578125,17910600,AAPL
2025-12-26,274.1600036621094,275.3699951171875,272.8599853515625,273.3999938964844,272.6578369140625,21521800,AAPL
2025-12-29,272.69000244140625,274.3599853515625,272.3500061035156,273.760009765625,273.0168762207031,23715200,AAPL
2025-12-30,272.80999755859375,274.0799865722656,272.2799987792969,273.0799865722656,272.33868408203125,22139600,AAPL
2025-12-31,273.05999755859375,273.67999267578125,271.75,271.8599853515625,271.12200927734375,27293600,AAPL
2026-01-02,272.260009765625,277.8399963378906,269.0,271.010009765625,270.27435302734375,37838100,AAPL
2026-01-05,270.6400146484375,271.510009765625,266.1400146484375,267.260009765625,266.5345458984375,45647200,AAPL
2026-01-06,267.0,267.54998779296875,262.1199951171875,262.3599853515625,261.64776611328125,52352100,AAPL
2026-01-07,263.20001220703125,263.67999267578125,259.80999755859375,260.3299865722656,259.6233215332031,48309800,AAPL
2026-01-08,257.0199890136719,259.2900085449219,255.6999969482422,259.0400085449219,258.33685302734375,50419300,AAPL
2026-01-09,259.0799865722656,260.2099914550781,256.2200012207031,259.3699951171875,258.6659240722656,39997000,AAPL
2026-01-12,259.1600036621094,261.29998779296875,256.79998779296875,260.25,259.54351806640625,45263800,AAPL
2026-01-13,258.7200012207031,261.80999755859375,258.3900146484375,261.04998779296875,260.34136962890625,45730800,AAPL
2026-01-14,259.489990234375,261.82000732421875,256.7099914550781,259.9599914550781,259.25433349609375,40019400,AAPL
2026-01-15,260.6499938964844,261.0400085449219,257.04998779296875,258.2099914550781,257.5090637207031,39388600,AAPL
2026-01-16,257.8999938964844,258.8999938964844,254.92999267578125,255.52999877929688,254.83636474609375,72142800,AAPL
2026-01-20,252.72999572753906,254.7899932861328,243.4199981689453,246.6999969482422,246.0303192138672,80267500,AAPL
2026-01-21,248.6999969482422,251.55999755859375,245.17999267578125,247.64999389648438,246.97775268554688,54641700,AAPL
2026-01-22,249.1999969482422,251.0,248.14999389648438,248.35000610351562,247.67584228515625,39708300,AAPL
2026-01-23,247.32000732421875,249.41000366210938,244.67999267578125,248.0399932861328,247.36668395996094,41689000,AAPL
2026-01-26,251.47999572753906,256.55999755859375,249.8000030517578,255.41000366210938,254.7166748046875,55969200,AAPL
2026-01-27,259.1700134277344,261.95001220703125,258.2099914550781,258.2699890136719,257.56890869140625,49648300,AAPL
2026-01-28,257.6499938964844,258.8599853515625,254.50999450683594,256.44000244140625,255.74388122558594,41288000,AAPL
2026-01-29,258.0,259.6499938964844,254.41000366210938,258.2799987792969,257.578857421875,67253000,AAPL
2026-01-30,255.1699981689453,261.8999938964844,252.17999267578125,259.4800109863281,258.775634765625,92443400,AAPL
2026-02-02,260.0299987792969,270.489990234375,259.2099914550781,270.010009765625,269.2770690917969,73913400,AAPL
2026-02-03,269.20001220703125,271.8800048828125,267.6099853515625,269.4800109863281,268.7485046386719,64394700,AAPL
2026-02-04,272.2900085449219,278.95001220703125,272.2900085449219,276.489990234375,275.73944091796875,90545700,AAPL
2026-02-05,278.1300048828125,279.5,273.2300109863281,275.9100036621094,275.1610107421875,52977400,AAPL
2026-02-06,277.1199951171875,280.9100036621094,276.92999267578125,278.1199951171875,277.36505126953125,50453400,AAPL
2026-02-09,277.9100036621094,278.20001220703125,271.70001220703125,274.6199951171875,274.13079833984375,44623400,AAPL
2026-02-10,274.8900146484375,275.3699951171875,272.94000244140625,273.67999267578125,273.19244384765625,34376900,AAPL
2026-02-11,274.70001220703125,280.17999267578125,274.45001220703125,275.5,275.00921630859375,51931300,AAPL
2026-02-12,275.5899963378906,275.7200012207031,260.17999267578125,261.7300109863281,261.2637634277344,81077200,AAPL
2026-02-13,262.010009765625,262.2300109863281,255.4499969482422,255.77999877929688,255.32435607910156,56290700,AAPL
2026-02-17,258.04998779296875,266.2900085449219,255.5399932861328,263.8800048828125,263.4099426269531,58469100,AAPL
2026-02-18,263.6000061035156,266.82000732421875,262.45001220703125,264.3500061035156,263.8791198730469,34203300,AAPL
2026-02-19,262.6000061035156,264.4800109863281,260.04998779296875,260.5799865722656,260.11578369140625,30845300,AAPL
2026-02-20,258.9700012207031,264.75,258.1600036621094,264.5799865722656,264.1086730957031,42070500,AAPL
2026-02-23,263.489990234375,269.42999267578125,263.3800048828125,266.17999267578125,265.705810546875,37308200,AAPL
2026-02-24,267.8599853515625,274.8900146484375,267.7099914550781,272.1400146484375,271.6552429199219,47014600,AAPL
2026-02-25,271.7799987792969,274.94000244140625,271.04998779296875,274.2300109863281,273.74151611328125,33714300,AAPL
2026-02-26,274.95001220703125,276.1099853515625,270.79998779296875,272.95001220703125,272.4637756347656,32345100,AAPL
2026-02-27,272.80999755859375,272.80999755859375,262.8900146484375,264.17999267578125,263.70941162109375,72366500,AAPL
2026-03-02,262.4100036621094,266.5299987792969,260.20001220703125,264.7200012207031,264.2484130859375,41827900,AAPL
2026-03-03,263.4800109863281,265.55999755859375,260.1300048828125,263.75,263.2801818847656,38568900,AAPL
2026-03-04,264.6499938964844,266.1499938964844,261.4200134277344,262.5199890136719,262.0523376464844,39803100,AAPL
2026-03-05,260.7900085449219,261.55999755859375,257.25,260.2900085449219,259.8263244628906,49658600,AAPL
2026-03-06,258.6300048828125,258.7699890136719,254.3699951171875,257.4599914550781,257.0013427734375,41120000,AAPL
2026-03-09,255.69000244140625,261.1499938964844,253.67999267578125,259.8800048828125,259.41705322265625,38218500,AAPL
2026-03-10,257.6499938964844,262.4800109863281,256.95001220703125,260.8299865722656,260.3653564453125,30590800,AAPL
2026-03-11,261.0899963378906,262.1300048828125,259.54998779296875,260.80999755859375,260.34539794921875,26218900,AAPL
2026-03-12,258.6600036621094,258.95001220703125,254.17999267578125,255.75999450683594,255.3043975830078,40794000,AAPL
2026-03-13,255.47999572753906,256.3299865722656,249.52000427246094,250.1199951171875,249.6744384765625,36930000,AAPL
2026-03-16,252.11000061035156,253.88999938964844,249.8800048828125,252.82000732421875,252.36964416503906,32074200,AAPL
2026-03-17,252.9600067138672,255.1300048828125,252.17999267578125,254.22999572753906,253.77711486816406,32361600,AAPL
2026-03-18,252.6300048828125,254.94000244140625,249.0,249.94000244140625,249.49476623535156,35757900,AAPL
2026-03-19,249.39999389648438,251.8300018310547,247.3000030517578,248.9600067138672,248.5165252685547,34864100,AAPL
2026-03-20,247.97999572753906,249.1999969482422,246.0,247.99000549316406,247.54823303222656,88331100,AAPL
2026-03-23,253.97000122070312,254.60000610351562,250.27999877929688,251.49000549316406,251.04200744628906,40546100,AAPL
2026-03-24,250.35000610351562,254.8300018310547,249.5500030517578,251.63999938964844,251.1917266845703,45152300,AAPL
2026-03-25,254.10000610351562,255.0,251.60000610351562,252.6199951171875,252.16998291015625,28476700,AAPL
2026-03-26,252.1199951171875,257.0,250.77000427246094,252.88999938964844,252.43951416015625,41796700,AAPL
2026-03-27,253.89999389648438,255.49000549316406,248.07000732421875,248.8000030517578,248.35679626464844,47900000,AAPL
2026-03-30,250.07000732421875,250.8699951171875,245.50999450683594,246.6300048828125,246.19065856933594,39446200,AAPL
2026-03-31,247.91000366210938,255.47999572753906,247.10000610351562,253.7899932861328,253.33790588378906,49598100,AAPL
2026-04-01,254.0800018310547,256.17999267578125,253.3300018310547,255.6300048828125,255.1746368408203,40059400,AAPL
2026-04-02,254.1999969482422,256.1300048828125,250.64999389648438,255.9199981689453,255.464111328125,31289400,AAPL
2026-04-06,256.510009765625,262.1600036621094,256.4599914550781,258.8599853515625,258.39886474609375,29329900,AAPL
2026-04-07,256.1600036621094,256.20001220703125,245.6999969482422,253.5,253.0484161376953,62148000,AAPL
2026-04-08,258.45001220703125,259.75,256.5299987792969,258.8999938964844,258.4388122558594,41032800,AAPL
2026-04-09,259.0,261.1199951171875,256.07000732421875,260.489990234375,260.0259704589844,28121600,AAPL
2026-04-10,259.9800109863281,262.19000244140625,259.0199890136719,260.4800109863281,260.0159912109375,31291500,AAPL
2026-04-13,259.7300109863281,260.17999267578125,256.6600036621094,259.20001220703125,258.73828125,36234700,AAPL
2026-04-14,259.25,261.92999267578125,257.19000244140625,258.8299865722656,258.3689270019531,48370700,AAPL
2026-04-15,258.1600036621094,266.55999755859375,257.80999755859375,266.42999267578125,265.95538330078125,49913500,AAPL
2026-04-16,266.79998779296875,267.1600036621094,261.2699890136719,263.3999938964844,262.9307861328125,43323100,AAPL
2026-04-17,266.9599914550781,272.29998779296875,266.7200012207031,270.2300109863281,269.7486267089844,61436200,AAPL
2026-04-20,270.3299865722656,274.2799987792969,270.2900085449219,273.04998779296875,272.5635681152344,36590200,AAPL
2026-04-21,271.5,272.79998779296875,265.3999938964844,266.1700134277344,265.69586181640625,50209800,AAPL
2026-04-22,267.82000732421875,273.739990234375,266.8699951171875,273.1700134277344,272.68341064453125,43249200,AAPL
2026-04-23,275.04998779296875,275.7699890136719,271.6499938964844,273.42999267578125,272.9429016113281,33399600,AAPL
2026-04-24,272.760009765625,273.05999755859375,269.6499938964844,271.05999755859375,270.5771179199219,38157100,AAPL
2026-04-27,266.0899963378906,268.3599853515625,265.07000732421875,267.6099853515625,267.1332702636719,41466800,AAPL
2026-04-28,272.3399963378906,273.2300109863281,268.6600036621094,270.7099914550781,270.2277526855469,40018900,AAPL
2026-04-29,267.54998779296875,271.0400085449219,267.0400085449219,270.1700134277344,269.688720703125,30047900,AAPL
2026-04-30,270.5,276.0,268.1400146484375,271.3500061035156,270.86663818359375,91848200,AAPL
2026-05-01,278.8599853515625,287.2200012207031,278.3699951171875,280.1400146484375,279.6409912109375,79915400,AAPL
2026-05-04,279.6600036621094,280.6300048828125,274.8599853515625,276.8299865722656,276.3368225097656,46668400,AAPL
2026-05-05,276.92999267578125,284.57000732421875,276.5,284.17999267578125,283.67376708984375,49311700,AAPL
2026-05-06,281.9200134277344,288.0299987792969,281.07000732421875,287.510009765625,286.99786376953125,58336100,AAPL
2026-05-07,289.2699890136719,292.1300048828125,285.7799987792969,287.44000244140625,286.927978515625,45224300,AAPL
2026-05-08,290.010009765625,294.760009765625,290.0,293.32000732421875,292.7974853515625,52692800,AAPL
2026-05-11,291.9800109863281,293.8800048828125,290.2300109863281,292.67999267578125,292.42779541015625,42247300,AAPL
2026-05-12,292.55999755859375,295.2699890136719,292.55999755859375,294.79998779296875,294.54595947265625,45748100,AAPL
2026-05-13,293.5,300.9200134277344,293.5,298.8699951171875,298.6124572753906,52684300,AAPL
2026-05-14,299.82000732421875,300.45001220703125,295.3800048828125,298.2099914550781,297.9530334472656,35324900,AAPL
2026-05-15,297.8999938964844,303.20001220703125,296.5199890136719,300.2300109863281,299.9713134765625,54862800,AAPL
2026-05-18,300.239990234375,300.6600036621094,294.9100036621094,297.8399963378906,297.5833435058594,34483000,AAPL
2026-05-19,296.9700012207031,300.510009765625,296.3500061035156,298.9700012207031,298.7123718261719,42243600,AAPL
2026-05-20,298.17999267578125,302.79998779296875,298.0799865722656,302.25,301.98956298828125,38229800,AAPL
2026-05-21,301.05999755859375,305.5400085449219,300.3999938964844,304.989990234375,304.7271728515625,42965100,AAPL
2026-05-22,306.1199951171875,311.3999938964844,305.8399963378906,308.82000732421875,308.55389404296875,43670200,AAPL
2026-05-26,309.55999755859375,311.82000732421875,307.6700134277344,308.3299865722656,308.0643005371094,48000500,AAPL
2026-05-27,308.3299865722656,313.260009765625,308.29998779296875,310.8500061035156,310.5821533203125,50430900,AAPL
2026-05-28,310.67999267578125,312.79998779296875,309.57000732421875,312.510009765625,312.24072265625,48220400,AAPL
2026-05-29,311.7799987792969,315.0,309.5299987792969,312.05999755859375,311.7911071777344,70026800,AAPL
2026-06-01,309.6300048828125,310.94000244140625,305.0199890136719,306.30999755859375,306.0460510253906,48849900,AAPL
2026-06-02,307.4599914550781,315.45001220703125,306.69000244140625,315.20001220703125,314.92840576171875,44534700,AAPL
2026-06-03,314.17999267578125,316.94000244140625,308.8500061035156,310.260009765625,309.9926452636719,50836700,AAPL
2026-06-04,313.2300109863281,313.5400085449219,309.6499938964844,311.2300109863281,310.9618225097656,44869100,AAPL
2026-06-05,312.8599853515625,315.1700134277344,307.1499938964844,307.3399963378906,307.0751647949219,65310500,AAPL
2026-06-08,308.739990234375,317.3999938964844,301.1700134277344,301.5400085449219,301.2801818847656,77949100,AAPL
2026-06-09,300.2799987792969,300.75,287.7799987792969,290.54998779296875,290.29962158203125,70108800,AAPL
2026-06-10,290.739990234375,294.75,287.3800048828125,291.5799865722656,291.3287353515625,52793300,AAPL
2026-06-11,293.7200012207031,297.0,289.5899963378906,295.6300048828125,295.375244140625,42572500,AAPL
2026-06-12,296.0299987792969,297.1400146484375,289.6199951171875,291.1300048828125,290.879150390625,38742100,AAPL
2026-06-15,294.1199951171875,297.7799987792969,291.70001220703125,296.4200134277344,296.1645812988281,45732600,AAPL
2026-06-16,295.25,300.4800109863281,293.9700012207031,299.239990234375,298.9821472167969,39874400,AAPL
2026-06-17,300.8500061035156,302.07000732421875,294.3599853515625,295.95001220703125,295.6949768066406,42745100,AAPL
2026-06-18,298.1099853515625,300.57000732421875,295.6199951171875,298.010009765625,297.7532043457031,85962200,AAPL
2026-06-22,297.30999755859375,302.4200134277344,296.760009765625,297.010009765625,296.75408935546875,44879900,AAPL
2026-06-23,297.5400085449219,301.6400146484375,294.17999267578125,294.29998779296875,294.04638671875,52010900,AAPL
2026-06-24,295.3599853515625,299.70001220703125,292.94000244140625,293.0799865722656,292.8274230957031,53081900,AAPL
2026-06-25,287.3999938964844,288.79998779296875,273.75,275.1499938964844,274.91290283203125,107013700,AAPL
2026-06-26,275.0,285.95001220703125,274.2099914550781,283.7799987792969,283.53546142578125,261775500,AAPL
2026-06-29,286.7300109863281,288.3699951171875,279.8500061035156,281.739990234375,281.4972229003906,66427000,AAPL
2026-06-30,281.1700134277344,289.94000244140625,280.70001220703125,289.3599853515625,289.11065673828125,65100200,AAPL
2026-07-01,293.44000244140625,296.5899963378906,289.20001220703125,294.3800048828125,294.1263427734375,50164200,AAPL
2026-07-02,294.1199951171875,309.4200134277344,293.67999267578125,308.6300048828125,308.3640441894531,75352800,AAPL
2026-07-06,307.3599853515625,314.20001220703125,307.0,312.6600036621094,312.3905944824219,53590000,AAPL
2026-07-07,315.2900085449219,315.4800109863281,310.1499938964844,310.6600036621094,310.3923034667969,42490000,AAPL
2026-07-08,311.9100036621094,314.82000732421875,307.04998779296875,313.3900146484375,313.1199645996094,41323500,AAPL
2026-07-09,310.510009765625,316.5299987792969,308.1600036621094,316.2200012207031,315.947509765625,48124500,AAPL
2026-07-10,314.7200012207031,316.9100036621094,312.1700134277344,315.32000732421875,315.0483093261719,34132300,AAPL
2026-07-13,317.0199890136719,323.45001220703125,315.7799987792969,317.30999755859375,317.03656005859375,43257800,AAPL
2026-07-14,313.760009765625,316.19000244140625,311.9100036621094,314.8599853515625,314.58868408203125,36336800,AAPL
2026-07-15,317.6199951171875,328.7300109863281,317.32000732421875,327.5,327.2178039550781,60957600,AAPL
2026-07-16,328.010009765625,334.67999267578125,326.7900085449219,333.260009765625,332.97283935546875,62970600,AAPL
2026-07-17,331.9800109863281,334.989990234375,329.0,333.739990234375,333.452392578125,63407100,AAPL
2026-07-20,333.510009765625,333.7099914550781,323.67999267578125,326.5899963378906,326.3085632324219,53468000,AAPL
2026-07-21,323.1300048828125,329.6000061035156,322.2200012207031,327.739990234375,327.45758056640625,41338900,AAPL
2026-07-22,327.8699951171875,329.0,323.3399963378906,325.8900146484375,325.60919189453125,38755900,AAPL
2026-07-23,321.7300109863281,323.29998779296875,319.3500061035156,321.6600036621094,321.3828430175781,40840800,AAPL
2026-07-24,321.7900085449219,334.3699951171875,321.6199951171875,333.0199890136719,332.7330322265625,47489400,AAPL
2026-07-27,334.5400085449219,339.57000732421875,334.0199890136719,336.9100036621094,336.61968994140625,49604300,AAPL
2026-07-28,340.0299987792969,342.8900146484375,335.6000061035156,340.0799865722656,339.78692626953125,51859000,AAPL
2026-07-29,339.7300109863281,344.57000732421875,337.3500061035156,338.19000244140625,337.8985900878906,56090800,AAPL
2026-07-30,333.1000061035156,334.75,329.5899963378906,333.42999267578125,333.1426696777344,74817800,AAPL
2026-07-31,304.80999755859375,310.69000244140625,300.0,308.9100036621094,308.6438293457031,132489100,AAPL
2026-08-03,309.5799865722656,311.79998779296875,302.55999755859375,303.4200134277344,303.1585693359375,75052000,AAPL
2026-08-04,302.7300109863281,310.4200134277344,301.32000732421875,309.3800048828125,309.1134033203125,68001000,AAPL
2026-08-05,309.3599853515625,311.7099914550781,305.6700134277344,311.0,310.7320251464844,49438800,AAPL
2026-08-06,314.3399963378906,316.2900085449219,309.2300109863281,312.4100036621094,312.14080810546875,46139900,AAPL
2026-08-07,311.45001220703125,314.80999755859375,310.739990234375,313.3299865722656,313.05999755859375,34437200,AAPL
2026-08-10,306.8299865722656,308.260009765625,304.6099853515625,308.260009765625,308.260009765625,44812500,AAPL
2026-08-11,307.75,309.9700012207031,302.7900085449219,304.9100036621094,304.9100036621094,37476700,AAPL
2026-08-12,305.1000061035156,305.6600036621094,300.57000732421875,302.25,302.25,41657800,AAPL
2026-08-13,304.2099914550781,306.0,302.04998779296875,305.260009765625,305.260009765625,40349300,AAPL
2026-08-14,306.0,307.489990234375,304.29998779296875,305.92999267578125,305.92999267578125,28229400,AAPL
2026-08-17,306.2099914550781,307.6600036621094,302.94000244140625,305.5899963378906,305.5899963378906,38169300,AAPL
2026-08-18,307.5799865722656,311.489990234375,305.739990234375,310.0299987792969,310.0299987792969,53424500,AAPL
2026-08-19,310.1400146484375,319.2799987792969,309.6000061035156,316.8299865722656,316.8299865722656,50505600,AAPL
2026-08-20,317.4599914550781,320.2799987792969,310.6499938964844,311.29998779296875,311.29998779296875,40959200,AAPL
2026-08-21,312.04998779296875,312.3800048828125,307.010009765625,309.3500061035156,309.3500061035156,46876800,AAPL
2026-08-24,311.4700012207031,313.3599853515625,309.9700012207031,310.3399963378906,310.3399963378906,34673600,AAPL
2026-08-25,310.7900085449219,313.5899963378906,308.2099914550781,309.8999938964844,309.8999938964844,25869800,AAPL
2026-08-26,310.29998779296875,315.42999267578125,308.79998779296875,313.45001220703125,313.45001220703125,34024500,AAPL
2026-08-27,310.54998779296875,315.3999938964844,309.3999938964844,314.5799865722656,314.5799865722656,32419200,AAPL
2026-08-28,316.8500061035156,322.3699951171875,315.45001220703125,319.70001220703125,319.70001220703125,38649400,AAPL
2026-08-31,319.6000061035156,321.239990234375,312.79998779296875,316.8500061035156,316.8500061035156,41242700,AAPL
2026-09-01,316.9800109863281,327.29998779296875,314.7300109863281,325.1300048828125,325.1300048828125,53167400,AAPL
2026-09-02,326.8699951171875,328.3999938964844,323.5299987792969,324.9599914550781,324.9599914550781,33776400,AAPL
2026-09-03,324.8699951171875,330.80999755859375,324.1099853515625,328.2099914550781,328.2099914550781,37225800,AAPL
2026-09-04,328.30999755859375,328.92999267578125,317.8599853515625,319.9700012207031,319.9700012207031,39606900,AAPL
2026-09-08,317.1000061035156,320.70001220703125,314.8999938964844,316.2200012207031,316.2200012207031,35477100,AAPL
2026-09-09,315.489990234375,319.1499938964844,309.8999938964844,315.3399963378906,315.3399963378906,65640000,AAPL
2026-09-10,316.6700134277344,326.739990234375,316.510009765625,326.57000732421875,326.57000732421875,70011900,AAPL
2026-09-11,327.45001220703125,336.2200012207031,326.29998779296875,332.2699890136719,332.2699890136719,50716900,AAPL
2026-09-14,334.7900085449219,335.5,331.3399963378906,333.0799865722656,333.0799865722656,39269100,AAPL
2026-09-15,330.1400146484375,331.7799987792969,328.3500061035156,331.3399963378906,331.3399963378906,31748200,AAPL
2026-09-16,332.5299987792969,335.4800109863281,330.70001220703125,332.4100036621094,332.4100036621094,35981000,AAPL
2026-09-17,334.7699890136719,338.3399963378906,330.17999267578125,337.0,337.0,36700200,AAPL
2026-09-18,337.9100036621094,338.489990234375,332.5299987792969,336.1300048828125,336.1300048828125,86588200,AAPL
2026-09-21,335.2799987792969,339.6400146484375,333.04998779296875,338.9800109863281,338.9800109863281,34999200,AAPL
2026-09-22,340.1400146484375,345.3399963378906,338.75,339.75,339.75,40711800,AAPL
2026-09-23,341.0799865722656,341.79998779296875,335.5,337.0199890136719,337.0199890136719,31658800,AAPL
2026-09-24,336.7200012207031,338.9100036621094,334.29998779296875,335.9200134277344,335.9200134277344,24733100,AAPL
2026-09-25,336.0400085449219,341.6700134277344,334.5299987792969,341.07000732421875,341.07000732421875,30002500,AAPL
2026-09-28,340.3699951171875,342.989990234375,338.0400085449219,338.3999938964844,338.3999938964844,32820800,AAPL
2026-09-29,336.9700012207031,337.0899963378906,328.70001220703125,329.3999938964844,329.3999938964844,38478000,AAPL
2026-09-30,330.79998779296875,339.5,330.1400146484375,333.0199890136719,333.0199890136719,49988600,AAPL
2026-10-01,330.0,332.4800109863281,325.80999755859375,330.32000732421875,330.32000732421875,36306300,AAPL
2026-10-02,333.260009765625,334.5400085449219,330.6099853515625,333.69000244140625,333.69000244140625,33278600,AAPL
2026-10-05,332.82000732421875,336.2099914550781,331.6499938964844,332.8900146484375,332.8900146484375,34400900,AAPL
2026-10-06,332.2799987792969,334.3800048828125,330.6199951171875,333.6300048828125,333.6300048828125,30449000,AAPL
2026-10-07,336.9599914550781,338.6700134277344,332.7799987792969,336.6700134277344,336.6700134277344,34147900,AAPL
2026-10-08,336.82000732421875,341.57000732421875,335.8999938964844,340.4200134277344,340.4200134277344,35332400,AAPL
2026-10-09,331.70001220703125,338.6099853515625,330.70001220703125,336.6400146484375,336.6400146484375,37855000,AAPL
2021-10-11,20.575000762939453,21.062999725341797,20.51099967956543,20.69499969482422,20.604251861572266,163388000,NVDA
2021-10-12,20.827999114990234,21.05699920654297,20.527999877929688,20.67099952697754,20.580350875854492,162134000,NVDA
2021-10-13,20.917999267578125,20.989999771118164,20.71299934387207,20.93899917602539,20.847171783447266,180652000,NVDA
2021-10-14,21.288000106811523,21.7549991607666,21.121999740600586,21.746000289916992,21.6506404876709,243589000,NVDA
2021-10-15,21.809999465942383,21.930999755859375,21.66200065612793,21.86199951171875,21.766132354736328,226994000,NVDA
2021-10-18,21.749000549316406,22.291000366210938,21.643999099731445,22.222000122070312,22.12454605102539,189494000,NVDA
2021-10-19,22.275999069213867,22.378999710083008,22.03700065612793,22.290000915527344,22.19224739074707,161473000,NVDA
2021-10-20,22.30500030517578,22.433000564575195,21.98200035095215,22.10300064086914,22.006071090698242,146276000,NVDA
2021-10-21,22.097000122070312,22.711000442504883,22.08300018310547,22.691999435424805,22.592491149902344,187590000,NVDA
2021-10-22,22.822999954223633,23.1299991607666,22.56100082397461,22.72599983215332,22.626344680786133,249384000,NVDA
2021-10-25,22.972999572753906,23.354999542236328,22.770000457763672,23.166000366210938,23.064416885375977,230235000,NVDA
2021-10-26,23.98900032043457,25.259000778198242,23.923999786376953,24.716999053955078,24.608610153198242,485898000,NVDA
2021-10-27,24.474000930786133,25.09000015258789,24.281999588012695,24.451000213623047,24.343774795532227,245990000,NVDA
2021-10-28,24.878000259399414,24.950000762939453,24.523000717163086,24.94099998474121,24.831623077392578,234204000,NVDA
2021-10-29,25.000999450683594,25.708999633789062,25.0,25.566999435424805,25.454883575439453,292503000,NVDA
2021-11-01,25.64900016784668,25.893999099731445,25.226999282836914,25.82699966430664,25.71373748779297,265740000,NVDA
2021-11-02,25.82200050354004,26.67799949645996,25.799999237060547,26.400999069213867,26.285221099853516,294112000,NVDA
2021-11-03,26.670000076293945,26.784000396728516,26.235000610351562,26.597999572753906,26.48135757446289,239910000,NVDA
2021-11-04,27.229000091552734,31.364999771118164,27.118000030517578,29.801000595092773,29.670318603515625,1153631000,NVDA
2021-11-05,30.187000274658203,31.399999618530273,29.40999984741211,29.75200080871582,29.62152862548828,851260000,NVDA
2021-11-08,30.14900016784668,31.100000381469727,29.906999588012695,30.804000854492188,30.668914794921875,503101000,NVDA
2021-11-09,32.28200149536133,32.310001373291016,29.964000701904297,30.656999588012695,30.522565841674805,646746000,NVDA
2021-11-10,29.356000900268555,30.850000381469727,28.777999877929688,29.458999633789062,29.32981300354004,636206000,NVDA
2021-11-11,30.468000411987305,30.59000015258789,29.777000427246094,30.389999389648438,30.25672721862793,332172000,NVDA
2021-11-12,30.010000228881836,30.68000030517578,29.6299991607666,30.389999389648438,30.25672721862793,413054000,NVDA
2021-11-15,30.552000045776367,30.643999099731445,29.246999740600586,30.024999618530273,29.89333152770996,384909000,NVDA
2021-11-16,29.759000778198242,30.389999389648438,29.70599937438965,30.202999114990234,30.070552825927734,264484000,NVDA
2021-11-17,30.417999267578125,30.509000778198242,28.799999237060547,29.26099967956543,29.1326847076416,428508000,NVDA
2021-11-18,32.367000579833984,32.7599983215332,31.320999145507812,31.674999237060547,31.536096572875977,781711000,NVDA
2021-11-19,32.24300003051758,33.0880012512207,31.905000686645508,32.98500061035156,32.84035873413086,533867000,NVDA
2021-11-22,33.516998291015625,34.64699935913086,31.899999618530273,31.95599937438965,31.815860748291016,754335000,NVDA
2021-11-23,31.53499984741211,32.36000061035156,30.8799991607666,31.746000289916992,31.606788635253906,532163000,NVDA
2021-11-24,31.461000442504883,32.85499954223633,30.92799949645996,32.67399978637695,32.53071212768555,435162000,NVDA
2021-11-26,32.599998474121094,32.709999084472656,31.350000381469727,31.503000259399414,31.364852905273438,283069000,NVDA
2021-11-29,32.36600112915039,33.4119987487793,32.0359992980957,33.375999450683594,33.229637145996094,454964000,NVDA
2021-11-30,33.16899871826172,33.35300064086914,31.86400032043457,32.67599868774414,32.53270721435547,622066000,NVDA
2021-12-01,33.21900177001953,33.28900146484375,31.3799991607666,31.434999465942383,31.300979614257812,484368000,NVDA
2021-12-02,31.214000701904297,32.47800064086914,31.024999618530273,32.125999450683594,31.989025115966797,472890000,NVDA
2021-12-03,32.0,32.12900161743164,30.1299991607666,30.69300079345703,30.562149047851562,544325000,NVDA
2021-12-06,29.8799991607666,30.240999221801758,28.038000106811523,30.03700065612793,29.90894317626953,658938000,NVDA
2021-12-07,30.957000732421875,32.44900131225586,30.650999069213867,32.426998138427734,32.288753509521484,593053000,NVDA
2021-12-08,31.999000549316406,32.290000915527344,31.42099952697754,31.826000213623047,31.6903133392334,475551000,NVDA
2021-12-09,31.733999252319336,32.20500183105469,30.42799949645996,30.489999771118164,30.360004425048828,488507000,NVDA
2021-12-10,31.149999618530273,31.30500030517578,29.861000061035156,30.197999954223633,30.069255828857422,488825000,NVDA
2021-12-13,30.249000549316406,30.29400062561035,28.115999221801758,28.160999298095703,28.04093360900879,598344000,NVDA
2021-12-14,27.698999404907227,28.67799949645996,27.25,28.336999893188477,28.216188430786133,667035000,NVDA
2021-12-15,28.399999618530273,30.5,27.83799934387207,30.458999633789062,30.329137802124023,698297000,NVDA
2021-12-16,31.152000427246094,31.15999984741211,28.093000411987305,28.386999130249023,28.26597785949707,707366000,NVDA
2021-12-17,27.985000610351562,28.922000885009766,27.760000228881836,27.801000595092773,27.682476043701172,713758000,NVDA
2021-12-20,27.30500030517578,28.143999099731445,27.145000457763672,27.7189998626709,27.6008243560791,461847000,NVDA
2021-12-21,28.374000549316406,29.1200008392334,27.400999069213867,29.075000762939453,28.951040267944336,524385000,NVDA
2021-12-22,28.891000747680664,29.55500030517578,28.448999404907227,29.399999618530273,29.2746524810791,395184000,NVDA
2021-12-23,29.7549991607666,30.05900001525879,29.430999755859375,29.639999389648438,29.513633728027344,343022000,NVDA
2021-12-27,29.65999984741211,31.086999893188477,29.639999389648438,30.94499969482422,30.81307029724121,403686000,NVDA
2021-12-28,31.312000274658203,31.329999923706055,30.011999130249023,30.32200050354004,30.192724227905273,420591000,NVDA
2021-12-29,30.273000717163086,30.54800033569336,29.365999221801758,30.000999450683594,29.873096466064453,343139000,NVDA
2021-12-30,29.82699966430664,30.457000732421875,29.540000915527344,29.586000442504883,29.459867477416992,308864000,NVDA
2021-12-31,29.673999786376953,30.030000686645508,29.33099937438965,29.410999298095703,29.28561019897461,266530000,NVDA
2022-01-03,29.815000534057617,30.711000442504883,29.78499984741211,30.121000289916992,29.99258041381836,391547000,NVDA
2022-01-04,30.277000427246094,30.468000411987305,28.349000930786133,29.290000915527344,29.16512107849121,527154000,NVDA
2022-01-05,28.948999404907227,29.416000366210938,27.533000946044922,27.604000091552734,27.486312866210938,498064000,NVDA
2022-01-06,27.639999389648438,28.437999725341797,27.065000534057617,28.17799949645996,28.0578670501709,454186000,NVDA
2022-01-07,28.141000747680664,28.422000885009766,27.05699920654297,27.246999740600586,27.13083267211914,409939000,NVDA
2022-01-10,26.58099937438965,27.4689998626709,25.643999099731445,27.399999618530273,27.28318214416504,594681000,NVDA
2022-01-11,27.322999954223633,28.065000534057617,26.839000701904297,27.816999435424805,27.698402404785156,404089000,NVDA
2022-01-12,28.066999435424805,28.594999313354492,27.607999801635742,27.999000549316406,27.8796329498291,383413000,NVDA
2022-01-13,28.378999710083008,28.479999542236328,26.49799919128418,26.575000762939453,26.461698532104492,540171000,NVDA
2022-01-14,26.299999237060547,27.19700050354004,26.209999084472656,26.941999435424805,26.82713508605957,395832000,NVDA
2022-01-18,26.260000228881836,26.63800048828125,25.770000457763672,25.902999877929688,25.792566299438477,424270000,NVDA
2022-01-19,26.07900047302246,26.542999267578125,25.052000045776367,25.066999435424805,24.960128784179688,488315000,NVDA
2022-01-20,25.304000854492188,25.57900047302246,24.077999114990234,24.149999618530273,24.04703712463379,435181000,NVDA
2022-01-21,23.506999969482422,24.822999954223633,23.26300048828125,23.374000549316406,23.27434539794922,718958000,NVDA
2022-01-24,22.329999923706055,23.3799991607666,20.88800048828125,23.371999740600586,23.272354125976562,913982000,NVDA
2022-01-25,22.54599952697754,22.94300079345703,22.0,22.323999404907227,22.22882652282715,664616000,NVDA
2022-01-26,23.239999771118164,24.05699920654297,22.299999237060547,22.77199935913086,22.674915313720703,755959000,NVDA
2022-01-27,23.56800079345703,23.9950008392334,21.674999237060547,21.944000244140625,21.85044288635254,573353000,NVDA
2022-01-28,22.011999130249023,22.857999801635742,21.29599952697754,22.84000015258789,22.74262237548828,543774000,NVDA
2022-01-31,23.18199920654297,24.509000778198242,23.052000045776367,24.486000061035156,24.381603240966797,564680000,NVDA
2022-02-01,25.104000091552734,25.145000457763672,23.889999389648438,24.63800048828125,24.532957077026367,518925000,NVDA
2022-02-02,25.79400062561035,25.816999435424805,24.55299949645996,25.242000579833984,25.134384155273438,543419000,NVDA
2022-02-03,24.45800018310547,25.07699966430664,23.780000686645508,23.947999954223633,23.84589958190918,410178000,NVDA
2022-02-04,23.972000122070312,24.635000228881836,23.631999969482422,24.319000244140625,24.215320587158203,354829000,NVDA
2022-02-07,24.371999740600586,25.18199920654297,24.20199966430664,24.72800064086914,24.622573852539062,376868000,NVDA
2022-02-08,24.358999252319336,25.229999542236328,23.979999542236328,25.107999801635742,25.000957489013672,410359000,NVDA
2022-02-09,25.621999740600586,26.725000381469727,25.35300064086914,26.704999923706055,26.59114646911621,524282000,NVDA
2022-02-10,25.9950008392334,26.924999237060547,25.600000381469727,25.823999404907227,25.713897705078125,513200000,NVDA
2022-02-11,25.916000366210938,26.152000427246094,23.773000717163086,23.948999404907227,23.846895217895508,605472000,NVDA
2022-02-14,23.93400001525879,24.875,23.7549991607666,24.267000198364258,24.163543701171875,440424000,NVDA
2022-02-15,24.948999404907227,26.545000076293945,24.784000396728516,26.4950008392334,26.382041931152344,699869000,NVDA
2022-02-16,26.259000778198242,26.582000732421875,25.552000045776367,26.51099967956543,26.397972106933594,732676000,NVDA
2022-02-17,25.6299991607666,25.78499984741211,24.165000915527344,24.506999969482422,24.402515411376953,810595000,NVDA
2022-02-18,24.667999267578125,24.986000061035156,23.100000381469727,23.642000198364258,23.541208267211914,761255000,NVDA
2022-02-22,23.03499984741211,24.06399917602539,23.0,23.389999389648438,23.290281295776367,633422000,NVDA
2022-02-23,23.802000045776367,24.155000686645508,22.301000595092773,22.386999130249023,22.29155731201172,566511000,NVDA
2022-02-24,21.014999389648438,23.799999237060547,20.889999389648438,23.74799919128418,23.646753311157227,735801000,NVDA
2022-02-25,23.72100067138672,24.216999053955078,23.381000518798828,24.156999588012695,24.05400848388672,528866000,NVDA
2022-02-28,23.992000579833984,24.665000915527344,23.707000732421875,24.385000228881836,24.28104019165039,477319000,NVDA
2022-03-01,24.291000366210938,24.37700080871582,23.131999969482422,23.476999282836914,23.37690544128418,412056000,NVDA
2022-03-02,23.756000518798828,24.409000396728516,23.415000915527344,24.219999313354492,24.120851516723633,389642000,NVDA
2022-03-03,24.261999130249023,24.326000213623047,23.4689998626709,23.714000701904297,23.616924285888672,365095000,NVDA
2022-03-04,23.384000778198242,23.68000030517578,22.48200035095215,22.93600082397461,22.842103958129883,431415000,NVDA
2022-03-07,22.816999435424805,23.033000946044922,21.329999923706055,21.351999282836914,21.264589309692383,450821000,NVDA
2022-03-08,21.30900001525879,22.37299919128418,20.649999618530273,21.513999938964844,21.425926208496094,557467000,NVDA
2022-03-09,22.386999130249023,23.219999313354492,22.246999740600586,23.013999938964844,22.91978645324707,492742000,NVDA
2022-03-10,22.5310001373291,22.788000106811523,21.881999969482422,22.658000946044922,22.565244674682617,428066000,NVDA
2022-03-11,23.02199935913086,23.145000457763672,22.04599952697754,22.100000381469727,22.00952911376953,367209000,NVDA
2022-03-14,21.868999481201172,22.261999130249023,21.159000396728516,21.329999923706055,21.242685317993164,385354000,NVDA
2022-03-15,21.51799964904785,23.038000106811523,21.32200050354004,22.972999572753906,22.878955841064453,491996000,NVDA
2022-03-16,23.5,24.597000122070312,23.172000885009766,24.496000289916992,24.395721435546875,671422000,NVDA
2022-03-17,24.1200008392334,24.841999053955078,23.9060001373291,24.766000747680664,24.66461181640625,471941000,NVDA
2022-03-18,24.798999786376953,26.569000244140625,24.624000549316406,26.452999114990234,26.34471321105957,730719000,NVDA
2022-03-21,26.506999969482422,27.152000427246094,25.966999053955078,26.733999252319336,26.624557495117188,591727000,NVDA
2022-03-22,26.726999282836914,27.238000869750977,26.07200050354004,26.52400016784668,26.415422439575195,547007000,NVDA
2022-03-23,26.125999450683594,26.61199951171875,25.575000762939453,25.634000778198242,25.52906036376953,502120000,NVDA
2022-03-24,26.166000366210938,28.31999969482422,25.906999588012695,28.149999618530273,28.034761428833008,877379000,NVDA
2022-03-25,27.88599967956543,28.357999801635742,27.270999908447266,27.691999435424805,27.578636169433594,579016000,NVDA
2022-03-28,27.756000518798828,28.25,27.20599937438965,28.2189998626709,28.103477478027344,425494000,NVDA
2022-03-29,28.69499969482422,28.945999145507812,27.979999542236328,28.6560001373291,28.5386905670166,488984000,NVDA
2022-03-30,28.304000854492188,28.496000289916992,27.503000259399414,27.690000534057617,27.57664680480957,463487000,NVDA
2022-03-31,27.781999588012695,28.24799919128418,27.270000457763672,27.285999298095703,27.174297332763672,523440000,NVDA
2022-04-01,27.375,27.496000289916992,26.267000198364258,26.711999893188477,26.602645874023438,517235000,NVDA
2022-04-04,26.72800064086914,27.558000564575195,26.613000869750977,27.360000610351562,27.24799919128418,397120000,NVDA
2022-04-05,27.253999710083008,27.319000244140625,25.81999969482422,25.930999755859375,25.824846267700195,436615000,NVDA
2022-04-06,24.93400001525879,25.299999237060547,24.003000259399414,24.406999588012695,24.307085037231445,703833000,NVDA
2022-04-07,24.44099998474121,24.722000122070312,23.47800064086914,24.20800018310547,24.108896255493164,557992000,NVDA
2022-04-08,23.91699981689453,23.92300033569336,23.062000274658203,23.118999481201172,23.024356842041016,524781000,NVDA
2022-04-11,22.214000701904297,22.31999969482422,21.65999984741211,21.91699981689453,21.827274322509766,575207000,NVDA
2022-04-12,22.53700065612793,22.725000381469727,21.281999588012695,21.503999710083008,21.41596794128418,662258000,NVDA
2022-04-13,21.72800064086914,22.5,21.454999923706055,22.202999114990234,22.112104415893555,516943000,NVDA
2022-04-14,22.5049991607666,22.777000427246094,21.163000106811523,21.257999420166016,21.170970916748047,569097000,NVDA
2022-04-18,21.200000762939453,22.08799934387207,21.07900047302246,21.783000946044922,21.693824768066406,525701000,NVDA
2022-04-19,21.719999313354492,22.37299919128418,21.31399917602539,22.197999954223633,22.10712242126465,512781000,NVDA
2022-04-20,22.517000198364258,22.670000076293945,21.200000762939453,21.48200035095215,21.394058227539062,468974000,NVDA
2022-04-21,21.708999633789062,22.392000198364258,20.0,20.183000564575195,20.10037612915039,656209000,NVDA
2022-04-22,20.30299949645996,20.486000061035156,19.5,19.514999389648438,19.435108184814453,624713000,NVDA
2022-04-25,19.20199966430664,19.94499969482422,19.09600067138672,19.902000427246094,19.820528030395508,641566000,NVDA
2022-04-26,19.718000411987305,19.788000106811523,18.670000076293945,18.788000106811523,18.711088180541992,653143000,NVDA
2022-04-27,18.597999572753906,19.16699981689453,18.290000915527344,18.415000915527344,18.33961296081543,499460000,NVDA
2022-04-28,18.966999053955078,20.03700065612793,18.489999771118164,19.781999588012695,19.701017379760742,570327000,NVDA
2022-04-29,19.402000427246094,20.128000259399414,18.517000198364258,18.547000885009766,18.4710750579834,500435000,NVDA
2022-05-02,18.541000366210938,19.573999404907227,18.391000747680664,19.533000946044922,19.453035354614258,572049000,NVDA
2022-05-03,19.399999618530273,19.825000762939453,19.132999420166016,19.601999282836914,19.52175521850586,475751000,NVDA
2022-05-04,19.92300033569336,20.399999618530273,18.750999450683594,20.333999633789062,20.250757217407227,648855000,NVDA
2022-05-05,19.867000579833984,19.924999237060547,18.5,18.8439998626709,18.766857147216797,626331000,NVDA
2022-05-06,18.736000061035156,19.511999130249023,17.989999771118164,18.674999237060547,18.598548889160156,633297000,NVDA
2022-05-09,18.034000396728516,18.2549991607666,16.82699966430664,16.950000762939453,16.880613327026367,644455000,NVDA
2022-05-10,17.68899917602539,18.197999954223633,17.024999618530273,17.594999313354492,17.52297019958496,761474000,NVDA
2022-05-11,17.347000122070312,17.753000259399414,16.56800079345703,16.6299991607666,16.561922073364258,670167000,NVDA
2022-05-12,16.2189998626709,16.788000106811523,15.567000389099121,16.174999237060547,16.108779907226562,708728000,NVDA
2022-05-13,16.788000106811523,17.92799949645996,16.593000411987305,17.70599937438965,17.63351058959961,670437000,NVDA
2022-05-16,17.509000778198242,17.788000106811523,17.106000900268555,17.263999938964844,17.19332504272461,521446000,NVDA
2022-05-17,18.073999404907227,18.371000289916992,17.634000778198242,18.177000045776367,18.10258674621582,585830000,NVDA
2022-05-18,17.704999923706055,18.118000030517578,16.86400032043457,16.937999725341797,16.8686580657959,545161000,NVDA
2022-05-19,16.937000274658203,17.687000274658203,16.733999252319336,17.124000549316406,17.053903579711914,621310000,NVDA
2022-05-20,17.332000732421875,17.40999984741211,15.755000114440918,16.694000244140625,16.625656127929688,739105000,NVDA
2022-05-23,16.27400016784668,16.915000915527344,16.179000854492188,16.898000717163086,16.82882308959961,639889000,NVDA
2022-05-24,16.510000228881836,16.597000122070312,15.779999732971191,16.15399932861328,16.087867736816406,588550000,NVDA
2022-05-25,16.020000457763672,17.111000061035156,16.0,16.975000381469727,16.90550994873047,781132000,NVDA
2022-05-26,16.035999298095703,18.091999053955078,16.02199935913086,17.85099983215332,17.777917861938477,996575000,NVDA
2022-05-27,18.18600082397461,18.881000518798828,18.100000381469727,18.81100082397461,18.733993530273438,738379000,NVDA
2022-05-31,18.979999542236328,19.200000762939453,18.350000381469727,18.672000885009766,18.595561981201172,664100000,NVDA
2022-06-01,18.724000930786133,19.05299949645996,18.121999740600586,18.31999969482422,18.24500274658203,544514000,NVDA
2022-06-02,18.29199981689453,19.618999481201172,18.197999954223633,19.591999053955078,19.51179313659668,648656000,NVDA
2022-06-03,19.082000732421875,19.332000732421875,18.52199935913086,18.719999313354492,18.643367767333984,598779000,NVDA
2022-06-06,19.138999938964844,19.336999893188477,18.56399917602539,18.785999298095703,18.70909309387207,422406000,NVDA
2022-06-07,18.472000122070312,19.0,18.187999725341797,18.926000595092773,18.84852409362793,388914000,NVDA
2022-06-08,18.798999786376953,19.18000030517578,18.53499984741211,18.648000717163086,18.575586318969727,363252000,NVDA
2022-06-09,18.481000900268555,18.933000564575195,18.041000366210938,18.04800033569336,17.977924346923828,395574000,NVDA
2022-06-10,17.600000381469727,17.69700050354004,16.868999481201172,16.974000930786133,16.908084869384766,465248000,NVDA
2022-06-13,16.0,16.312000274658203,15.605999946594238,15.647000312805176,15.586240768432617,604153000,NVDA
2022-06-14,15.730999946594238,16.06599998474121,15.411999702453613,15.836000442504883,15.774506568908691,469680000,NVDA
2022-06-15,16.094999313354492,16.868000030517578,15.925999641418457,16.527000427246094,16.46282196044922,563936000,NVDA
2022-06-16,15.859999656677246,15.942000389099121,15.401000022888184,15.60099983215332,15.54041862487793,545749000,NVDA
2022-06-17,15.64799976348877,15.994999885559082,15.32800006866455,15.880000114440918,15.818333625793457,630334000,NVDA
2022-06-21,16.475000381469727,17.007999420166016,16.406999588012695,16.56599998474121,16.501670837402344,483089000,NVDA
2022-06-22,16.22599983215332,16.66200065612793,16.18000030517578,16.360000610351562,16.296470642089844,437135000,NVDA
2022-06-23,16.518999099731445,16.584999084472656,15.852999687194824,16.225000381469727,16.1619930267334,463680000,NVDA
2022-06-24,16.5,17.139999389648438,16.309999465942383,17.125999450683594,17.059497833251953,472153000,NVDA
2022-06-27,17.312000274658203,17.329999923706055,16.625999450683594,16.868999481201172,16.803491592407227,427968000,NVDA
2022-06-28,16.899999618530273,17.20199966430664,15.944999694824219,15.982000350952148,15.919938087463379,461149000,NVDA
2022-06-29,15.814000129699707,15.819999694824219,15.170000076293945,15.541999816894531,15.481647491455078,482352000,NVDA
2022-06-30,15.361000061035156,15.567000389099121,14.862000465393066,15.159000396728516,15.10013484954834,686070000,NVDA
2022-07-01,14.89900016784668,15.062999725341797,14.392000198364258,14.52299976348877,14.466604232788086,577610000,NVDA
2022-07-05,14.175000190734863,14.970999717712402,14.055000305175781,14.96399974822998,14.905890464782715,651397000,NVDA
2022-07-06,15.010000228881836,15.319000244140625,14.788999557495117,15.130000114440918,15.071247100830078,529066000,NVDA
2022-07-07,15.456000328063965,15.944999694824219,15.388999938964844,15.857999801635742,15.796420097351074,492903000,NVDA
2022-07-08,15.430000305175781,16.03700065612793,15.388999938964844,15.838000297546387,15.776498794555664,467972000,NVDA
2022-07-11,15.526000022888184,15.527000427246094,15.038000106811523,15.152000427246094,15.093162536621094,437321000,NVDA
2022-07-12,15.267999649047852,15.430999755859375,14.876999855041504,15.081999778747559,15.02343463897705,458483000,NVDA
2022-07-13,14.59000015258789,15.375,14.46500015258789,15.163999557495117,15.105117797851562,521918000,NVDA
2022-07-14,15.107999801635742,15.472999572753906,14.727999687194824,15.371999740600586,15.312308311462402,456235000,NVDA
2022-07-15,15.659000396728516,15.781999588012695,15.444999694824219,15.76200008392334,15.700793266296387,385935000,NVDA
2022-07-18,16.302000045776367,16.89699935913086,16.00200080871582,16.10099983215332,16.03847885131836,670517000,NVDA
2022-07-19,16.486000061035156,17.110000610351562,16.172000885009766,16.992000579833984,16.926021575927734,702366000,NVDA
2022-07-20,16.94700050354004,17.933000564575195,16.801000595092773,17.80699920654297,17.737852096557617,760538000,NVDA
2022-07-21,17.885000228881836,18.143999099731445,17.545000076293945,18.049999237060547,17.97990608215332,557049000,NVDA
2022-07-22,17.89299964904785,17.966999053955078,17.136999130249023,17.319000244140625,17.25174903869629,536671000,NVDA
2022-07-25,17.018999099731445,17.124000549316406,16.64900016784668,17.02400016784668,16.95789337158203,480748000,NVDA
2022-07-26,16.888999938964844,16.91900062561035,16.47800064086914,16.533000946044922,16.46880340576172,397865000,NVDA
2022-07-27,17.031999588012695,17.93600082397461,16.913000106811523,17.790000915527344,17.720918655395508,569776000,NVDA
2022-07-28,17.975000381469727,18.139999389648438,17.440000534057617,17.983999252319336,17.91416358947754,474646000,NVDA
2022-07-29,17.812999725341797,18.243999481201172,17.691999435424805,18.163000106811523,18.09246826171875,435460000,NVDA
2022-08-01,18.18199920654297,18.84600067138672,17.989999771118164,18.44099998474121,18.36939239501953,476469000,NVDA
2022-08-02,18.121999740600586,18.937999725341797,18.091999053955078,18.525999069213867,18.454059600830078,489527000,NVDA
2022-08-03,18.18400001525879,18.968000411987305,18.136999130249023,18.89299964904785,18.81963348388672,418146000,NVDA
2022-08-04,18.849000930786133,19.27400016784668,18.760000228881836,19.21500015258789,19.140384674072266,409652000,NVDA
2022-08-05,18.809999465942383,19.229000091552734,18.666000366210938,18.98900032043457,18.915264129638672,386068000,NVDA
2022-08-08,17.50200080871582,18.23900032043457,17.242000579833984,17.792999267578125,17.723905563354492,981859000,NVDA
2022-08-09,17.25200080871582,17.44700050354004,16.724000930786133,17.086000442504883,17.0196533203125,668263000,NVDA
2022-08-10,17.697999954223633,18.118000030517578,17.316999435424805,18.097000122070312,18.026723861694336,597422000,NVDA
2022-08-11,18.131000518798828,18.707000732421875,17.875999450683594,17.941999435424805,17.87232780456543,509327000,NVDA
2022-08-12,18.15999984741211,18.718000411987305,17.952999114990234,18.708999633789062,18.636350631713867,478094000,NVDA
2022-08-15,18.701000213623047,19.163999557495117,18.613000869750977,19.031999588012695,18.95809555053711,457666000,NVDA
2022-08-16,18.920000076293945,19.142000198364258,18.500999450683594,18.878999710083008,18.80569076538086,451240000,NVDA
2022-08-17,18.523000717163086,18.687999725341797,18.145000457763672,18.334999084472656,18.263803482055664,446799000,NVDA
2022-08-18,18.301000595092773,18.864999771118164,18.183000564575195,18.773000717163086,18.700098037719727,415447000,NVDA
2022-08-19,18.4060001373291,18.520000457763672,17.770000457763672,17.849000930786133,17.77968406677246,441588000,NVDA
2022-08-22,17.489999771118164,17.558000564575195,16.965999603271484,17.034000396728516,16.967851638793945,409593000,NVDA
2022-08-23,16.98900032043457,17.46500015258789,16.969999313354492,17.180999755859375,17.11428451538086,369986000,NVDA
2022-08-24,17.011999130249023,17.4060001373291,16.895000457763672,17.222000122070312,17.155122756958008,522661000,NVDA
2022-08-25,16.8439998626709,17.94700050354004,16.83300018310547,17.913000106811523,17.843441009521484,770691000,NVDA
2022-08-26,17.85700035095215,17.923999786376953,16.23699951171875,16.260000228881836,16.19685935974121,769127000,NVDA
2022-08-29,16.020000457763672,16.33799934387207,15.767000198364258,15.800999641418457,15.739642143249512,496132000,NVDA
2022-08-30,15.960000038146973,16.038999557495117,15.182000160217285,15.468000411987305,15.407937049865723,530181000,NVDA
2022-08-31,15.383999824523926,15.539999961853027,14.958999633789062,15.093999862670898,15.035388946533203,573710000,NVDA
2022-09-01,14.208999633789062,14.380000114440918,13.270000457763672,13.937000274658203,13.882878303527832,1178865000,NVDA
2022-09-02,14.100000381469727,14.170999526977539,13.590999603271484,13.647000312805176,13.594006538391113,743157000,NVDA
2022-09-06,13.730999946594238,13.779000282287598,13.35099983215332,13.46500015258789,13.412713050842285,535751000,NVDA
2022-09-07,13.562999725341797,13.838000297546387,13.345999717712402,13.71399974822998,13.664806365966797,512657000,NVDA
2022-09-08,13.458999633789062,14.008000373840332,13.369000434875488,13.989999771118164,13.939814567565918,624873000,NVDA
2022-09-09,14.156999588012695,14.473999977111816,14.12600040435791,14.38700008392334,14.335390090942383,486612000,NVDA
2022-09-12,14.369000434875488,14.54699993133545,14.197999954223633,14.505000114440918,14.45296859741211,484159000,NVDA
2022-09-13,13.802000045776367,13.92199993133545,13.098999977111816,13.130999565124512,13.083894729614258,714956000,NVDA
2022-09-14,13.253999710083008,13.289999961853027,12.913000106811523,13.128000259399414,13.080906867980957,588507000,NVDA
2022-09-15,13.015000343322754,13.232999801635742,12.789999961853027,12.928999900817871,12.882621765136719,523625000,NVDA
2022-09-16,12.741999626159668,13.211999893188477,12.616999626159668,13.197999954223633,13.150656700134277,670751000,NVDA
2022-09-19,13.01200008392334,13.463000297546387,13.010000228881836,13.381999969482422,13.333995819091797,569685000,NVDA
2022-09-20,13.21500015258789,13.482999801635742,13.057000160217285,13.175999641418457,13.128734588623047,524818000,NVDA
2022-09-21,13.213000297546387,14.031000137329102,13.109999656677246,13.26099967956543,13.213430404663086,807679000,NVDA
2022-09-22,13.069999694824219,13.14900016784668,12.428000450134277,12.560999870300293,12.515942573547363,759162000,NVDA
2022-09-23,12.420000076293945,12.611000061035156,12.256999969482422,12.515999794006348,12.471102714538574,663309000,NVDA
2022-09-26,12.491000175476074,12.659000396728516,12.21399974822998,12.227999687194824,12.184136390686035,547343000,NVDA
2022-09-27,12.506999969482422,12.736000061035156,12.258000373840332,12.413000106811523,12.3684720993042,553854000,NVDA
2022-09-28,12.40999984741211,12.822999954223633,12.354000091552734,12.736000061035156,12.690311431884766,542414000,NVDA
2022-09-29,12.447999954223633,12.5,11.946000099182129,12.220000267028809,12.176163673400879,532763000,NVDA
2022-09-30,12.086999893188477,12.633000373840332,12.074999809265137,12.138999938964844,12.09545612335205,565638000,NVDA
2022-10-03,12.347000122070312,12.678000450134277,12.104999542236328,12.51200008392334,12.467117309570312,547478000,NVDA
2022-10-04,12.878999710083008,13.220000267028809,12.878999710083008,13.166999816894531,13.119769096374512,584182000,NVDA
2022-10-05,12.91100025177002,13.321000099182129,12.621000289916992,13.208999633789062,13.161617279052734,507131000,NVDA
2022-10-06,13.220000267028809,13.656000137329102,13.102999687194824,13.130000114440918,13.082900047302246,644157000,NVDA
2022-10-07,12.505000114440918,12.670000076293945,12.022000312805176,12.076000213623047,12.032681465148926,672478000,NVDA
2022-10-10,12.036999702453613,12.12399959564209,11.407999992370605,11.670000076293945,11.628137588500977,698699000,NVDA
2022-10-11,11.560999870300293,11.845999717712402,11.282999992370605,11.586000442504883,11.544439315795898,667482000,NVDA
2022-10-12,11.579000473022461,11.734999656677246,11.345000267028809,11.5,11.458745002746582,492590000,NVDA
2022-10-13,10.970999717712402,12.07800006866455,10.812999725341797,11.960000038146973,11.917097091674805,850103000,NVDA
2022-10-14,12.057000160217285,12.111000061035156,11.204000473022461,11.22700023651123,11.186725616455078,713432000,NVDA
2022-10-17,11.517999649047852,11.947999954223633,11.517000198364258,11.887999534606934,11.845354080200195,580774000,NVDA
2022-10-18,12.343999862670898,12.491999626159668,11.618000030517578,11.967000007629395,11.924071311950684,659362000,NVDA
2022-10-19,11.878999710083008,12.350000381469727,11.833999633789062,12.050999641418457,12.007769584655762,523131000,NVDA
2022-10-20,12.11299991607666,12.769000053405762,12.104999542236328,12.194000244140625,12.150257110595703,652398000,NVDA
2022-10-21,12.097999572753906,12.498000144958496,11.88700008392334,12.465999603271484,12.421283721923828,609494000,NVDA
2022-10-24,12.508000373840332,12.710000038146973,12.064000129699707,12.598999977111816,12.553803443908691,517457000,NVDA
2022-10-25,12.694000244140625,13.300000190734863,12.663999557495117,13.26099967956543,13.213430404663086,505482000,NVDA
2022-10-26,12.869000434875488,13.387999534606934,12.708000183105469,12.895999908447266,12.849740982055664,532953000,NVDA
2022-10-27,13.630000114440918,13.838000297546387,13.121999740600586,13.175999641418457,13.128734588623047,583113000,NVDA
2022-10-28,13.104000091552734,13.850000381469727,13.060999870300293,13.833999633789062,13.784374237060547,521040000,NVDA
2022-10-31,13.777999877929688,13.838000297546387,13.29699993133545,13.496999740600586,13.44858169555664,486341000,NVDA
2022-11-01,13.810999870300293,13.925000190734863,13.519000053405762,13.543000221252441,13.49441909790039,432817000,NVDA
2022-11-02,13.850000381469727,14.210000038146973,13.211000442504883,13.218999862670898,13.171581268310547,672628000,NVDA
2022-11-03,13.043000221252441,13.781000137329102,12.956000328063965,13.420999526977539,13.372856140136719,500065000,NVDA
2022-11-04,13.986000061035156,14.229000091552734,13.696999549865723,14.156000137329102,14.105219841003418,612576000,NVDA
2022-11-07,14.227999687194824,14.411999702453613,13.954000473022461,14.300999641418457,14.249698638916016,410061000,NVDA
2022-11-08,14.800999641418457,14.890999794006348,14.215999603271484,14.60200023651123,14.549620628356934,595292000,NVDA
2022-11-09,14.161999702453613,14.211000442504883,13.758999824523926,13.776000022888184,13.726585388183594,454414000,NVDA
2022-11-10,14.800000190734863,15.77299976348877,14.54699993133545,15.75,15.693503379821777,700819000,NVDA
2022-11-11,15.807000160217285,16.388999938964844,15.482000350952148,16.32699966430664,16.268428802490234,655487000,NVDA
2022-11-14,16.218000411987305,16.540000915527344,15.92199993133545,16.295000076293945,16.236543655395508,527852000,NVDA
2022-11-15,16.722000122070312,16.99799919128418,16.381999969482422,16.666000366210938,16.60621452331543,545876000,NVDA
2022-11-16,16.16200065612793,16.36199951171875,15.873000144958496,15.90999984741211,15.852928161621094,649547000,NVDA
2022-11-17,15.71500015258789,16.266000747680664,15.53499984741211,15.677000045776367,15.620763778686523,710894000,NVDA
2022-11-18,15.965999603271484,16.00200080871582,15.119999885559082,15.409000396728516,15.353726387023926,492072000,NVDA
2022-11-21,15.147000312805176,15.47700023651123,15.079999923706055,15.317000389099121,15.262056350708008,404739000,NVDA
2022-11-22,15.32800006866455,16.058000564575195,15.121999740600586,16.038000106811523,15.980466842651367,472866000,NVDA
2022-11-23,16.097999572753906,16.527000427246094,16.04800033569336,16.518999099731445,16.459741592407227,427241000,NVDA
2022-11-25,16.31800079345703,16.48699951171875,16.172000885009766,16.270000457763672,16.211639404296875,167934000,NVDA
2022-11-28,16.025999069213867,16.35700035095215,15.725000381469727,15.82699966430664,15.77022647857666,303741000,NVDA
2022-11-29,15.82699966430664,15.932000160217285,15.520000457763672,15.638999938964844,15.58289909362793,298384000,NVDA
2022-11-30,15.696999549865723,16.93000030517578,15.597000122070312,16.92300033569336,16.866609573364258,565298000,NVDA
2022-12-01,16.999000549316406,17.264999389648438,16.635000228881836,17.135000228881836,17.077899932861328,470977000,NVDA
2022-12-02,16.659000396728516,16.933000564575195,16.44499969482422,16.875999450683594,16.819765090942383,371389000,NVDA
2022-12-05,16.679000854492188,16.9950008392334,16.472000122070312,16.610000610351562,16.554651260375977,352255000,NVDA
2022-12-06,16.530000686645508,16.572999954223633,15.819000244140625,15.987000465393066,15.93372917175293,352694000,NVDA
2022-12-07,15.772000312805176,16.18600082397461,15.666999816894531,16.1200008392334,16.066286087036133,372388000,NVDA
2022-12-08,16.273000717163086,17.179000854492188,15.958999633789062,17.16900062561035,17.11178970336914,515456000,NVDA
2022-12-09,17.15999984741211,17.58300018310547,16.975000381469727,17.000999450683594,16.944347381591797,465338000,NVDA
2022-12-12,17.03700065612793,17.538000106811523,16.797000885009766,17.53499984741211,17.476564407348633,457328000,NVDA
2022-12-13,18.5310001373291,18.790000915527344,17.711000442504883,18.07200050354004,18.01177978515625,656589000,NVDA
2022-12-14,17.98699951171875,18.25200080871582,17.420000076293945,17.673999786376953,17.615102767944336,496888000,NVDA
2022-12-15,17.145999908447266,17.31999969482422,16.700000762939453,16.95199966430664,16.8955135345459,478542000,NVDA
2022-12-16,16.86400032043457,17.041000366210938,16.40999984741211,16.570999145507812,16.515775680541992,478232000,NVDA
2022-12-19,16.57200050354004,16.608999252319336,16.145000457763672,16.253999710083008,16.19983673095703,354039000,NVDA
2022-12-20,16.06399917602539,16.309999465942383,15.85200023651123,16.084999084472656,16.03139877319336,403260000,NVDA
2022-12-21,16.11400032043457,16.62700080871582,16.101999282836914,16.500999450683594,16.446012496948242,325025000,NVDA
2022-12-22,16.0939998626709,16.13800048828125,14.881999969482422,15.33899974822998,15.287885665893555,565045000,NVDA
2022-12-23,15.196000099182129,15.33899974822998,14.883000373840332,15.206000328063965,15.155329704284668,349326000,NVDA
2022-12-27,15.074000358581543,15.100000381469727,14.055999755859375,14.121000289916992,14.073945999145508,464902000,NVDA
2022-12-28,13.927000045776367,14.26200008392334,13.883999824523926,14.03600025177002,13.989228248596191,351066000,NVDA
2022-12-29,14.402000427246094,14.682999610900879,14.22700023651123,14.602999687194824,14.554337501525879,354923000,NVDA
2022-12-30,14.333999633789062,14.628999710083008,14.232999801635742,14.61400032043457,14.565301895141602,310490000,NVDA
2023-01-03,14.85099983215332,14.996000289916992,14.095999717712402,14.3149995803833,14.267298698425293,401277000,NVDA
2023-01-04,14.567000389099121,14.852999687194824,14.241000175476074,14.74899959564209,14.69985294342041,431324000,NVDA
2023-01-05,14.491000175476074,14.564000129699707,14.14799976348877,14.265000343322754,14.2174654006958,389168000,NVDA
2023-01-06,14.473999977111816,15.010000228881836,14.034000396728516,14.859000205993652,14.80948543548584,405044000,NVDA
2023-01-09,15.284000396728516,16.055999755859375,15.140999794006348,15.628000259399414,15.575923919677734,504231000,NVDA
2023-01-10,15.506999969482422,15.961999893188477,15.472000122070312,15.909000396728516,15.855986595153809,384101000,NVDA
2023-01-11,15.84000015258789,16.027999877929688,15.562999725341797,16.000999450683594,15.947680473327637,353285000,NVDA
2023-01-12,16.100000381469727,16.636999130249023,15.491999626159668,16.51099967956543,16.455982208251953,551409000,NVDA
2023-01-13,16.277999877929688,16.922000885009766,16.165000915527344,16.89900016784668,16.842689514160156,447287000,NVDA
2023-01-17,16.89900016784668,17.72800064086914,16.89900016784668,17.70199966430664,17.64301300048828,511102000,NVDA
2023-01-18,17.66699981689453,17.87299919128418,17.281999588012695,17.37700080871582,17.319095611572266,439624000,NVDA
2023-01-19,17.035999298095703,17.19700050354004,16.731000900268555,16.764999389648438,16.70913314819336,452932000,NVDA
2023-01-20,17.01099967956543,17.856000900268555,16.825000762939453,17.839000701904297,17.779556274414062,564967000,NVDA
2023-01-23,18.06399917602539,19.2450008392334,17.81800079345703,19.19300079345703,19.129043579101562,655163000,NVDA
2023-01-24,18.82699966430664,19.4950008392334,18.81999969482422,19.264999389648438,19.200803756713867,496204000,NVDA
2023-01-25,18.913000106811523,19.3700008392334,18.579999923706055,19.322999954223633,19.258609771728516,449537000,NVDA
2023-01-26,19.701000213623047,20.166000366210938,19.277999877929688,19.802000045776367,19.73601531982422,489535000,NVDA
2023-01-27,19.461999893188477,20.628000259399414,19.405000686645508,20.364999771118164,20.29714012145996,542142000,NVDA
2023-01-30,19.950000762939453,20.139999389648438,19.149999618530273,19.16200065612793,19.098146438598633,488611000,NVDA
2023-01-31,19.170000076293945,19.687000274658203,18.950000762939453,19.53700065612793,19.471900939941406,498017000,NVDA
2023-02-01,19.69099998474121,21.191999435424805,19.611000061035156,20.94300079345703,20.873214721679688,660477000,NVDA
2023-02-02,21.0,21.948999404907227,20.700000762939453,21.708999633789062,21.636659622192383,564276000,NVDA
2023-02-03,21.0,21.7450008392334,20.788999557495117,21.100000381469727,21.029687881469727,429366000,NVDA
2023-02-06,20.805999755859375,21.56999969482422,20.785999298095703,21.089000701904297,21.01873016357422,452197000,NVDA
2023-02-07,21.381999969482422,22.259000778198242,21.149999618530273,22.17300033569336,22.099117279052734,664150000,NVDA
2023-02-08,22.386999130249023,22.878000259399414,22.007999420166016,22.204999923706055,22.131006240844727,559651000,NVDA
2023-02-09,22.606000900268555,23.020000457763672,22.1200008392334,22.336999893188477,22.2625675201416,523876000,NVDA
2023-02-10,21.690000534057617,22.077999114990234,20.81100082397461,21.264999389648438,21.194133758544922,550737000,NVDA
2023-02-13,21.538000106811523,22.04800033569336,20.961999893188477,21.788000106811523,21.71539878845215,474919000,NVDA
2023-02-14,21.577999114990234,23.048999786376953,21.365999221801758,22.97100067138672,22.894454956054688,675474000,NVDA
2023-02-15,22.548999786376953,22.854999542236328,22.106000900268555,22.763999938964844,22.688142776489258,420575000,NVDA
2023-02-16,22.132999420166016,22.549999237060547,21.927000045776367,22.00200080871582,21.928686141967773,412026000,NVDA
2023-02-17,21.631000518798828,21.739999771118164,20.975000381469727,21.38800048828125,21.316728591918945,465888000,NVDA
2023-02-21,21.0,21.493999481201172,20.618000030517578,20.655000686645508,20.58617401123047,410015000,NVDA
2023-02-22,20.707000732421875,21.104000091552734,20.42099952697754,20.753999710083008,20.684837341308594,513184000,NVDA
2023-02-23,23.440000534057617,23.88800048828125,23.024999618530273,23.663999557495117,23.585147857666016,1117995000,NVDA
2023-02-24,23.225000381469727,23.474000930786133,22.94700050354004,23.285999298095703,23.208402633666992,589716000,NVDA
2023-02-27,23.670000076293945,23.8799991607666,23.45400047302246,23.500999450683594,23.422685623168945,452994000,NVDA
2023-02-28,23.371999740600586,23.825000762939453,23.20599937438965,23.215999603271484,23.138635635375977,455963000,NVDA
2023-03-01,23.191999435424805,23.256000518798828,22.507999420166016,22.697999954223633,22.62236785888672,460026000,NVDA
2023-03-02,22.488000869750977,23.3799991607666,22.43199920654297,23.31399917602539,23.236310958862305,389415000,NVDA
2023-03-03,23.31999969482422,23.899999618530273,23.1299991607666,23.889999389648438,23.81039047241211,412393000,NVDA
2023-03-06,23.891000747680664,24.24799919128418,23.48699951171875,23.554000854492188,23.475513458251953,437429000,NVDA
2023-03-07,23.600000381469727,24.125,23.240999221801758,23.288000106811523,23.214338302612305,515154000,NVDA
2023-03-08,23.48699951171875,24.200000762939453,23.423999786376953,24.180999755859375,24.104516983032227,513573000,NVDA
2023-03-09,24.174999237060547,24.45400047302246,23.382999420166016,23.43600082397461,23.361873626708984,501257000,NVDA
2023-03-10,23.409000396728516,23.62700080871582,22.72599983215332,22.96500015258789,22.892362594604492,474866000,NVDA
2023-03-13,22.75200080871582,23.29800033569336,22.297000885009766,22.965999603271484,22.89335823059082,421890000,NVDA
2023-03-14,23.496000289916992,24.2189998626709,23.459999084472656,24.062999725341797,23.986888885498047,474910000,NVDA
2023-03-15,23.76099967956543,24.285999298095703,23.360000610351562,24.22800064086914,24.151365280151367,524486000,NVDA
2023-03-16,24.027000427246094,25.58799934387207,23.893999099731445,25.541000366210938,25.46021270751953,583253000,NVDA
2023-03-17,25.98200035095215,26.39900016784668,25.667999267578125,25.725000381469727,25.64362907409668,848547000,NVDA
2023-03-20,25.614999771118164,26.02400016784668,25.1299991607666,25.899999618530273,25.818078994750977,432747000,NVDA
2023-03-21,26.18000030517578,26.392000198364258,25.381000518798828,26.198999404907227,26.116134643554688,547408000,NVDA
2023-03-22,26.424999237060547,27.589000701904297,26.23699951171875,26.468000411987305,26.38428497314453,797295000,NVDA
2023-03-23,27.114999771118164,27.499000549316406,26.690000534057617,27.19099998474121,27.10499382019043,564889000,NVDA
2023-03-24,27.0310001373291,27.16699981689453,26.354999542236328,26.77899932861328,26.694297790527344,454920000,NVDA
2023-03-27,26.836999893188477,27.0,26.364999771118164,26.5310001373291,26.44708251953125,361026000,NVDA
2023-03-28,26.44700050354004,26.51300048828125,25.850000381469727,26.40999984741211,26.326465606689453,356104000,NVDA
2023-03-29,26.825000762939453,27.077999114990234,26.597000122070312,26.983999252319336,26.898645401000977,393694000,NVDA
2023-03-30,27.229000091552734,27.499000549316406,27.101999282836914,27.382999420166016,27.296388626098633,364516000,NVDA
2023-03-31,27.139999389648438,27.833999633789062,27.104999542236328,27.777000427246094,27.689146041870117,433933000,NVDA
2023-04-03,27.509000778198242,28.0,27.336000442504883,27.96500015258789,27.87654685974121,398716000,NVDA
2023-04-04,27.965999603271484,28.0,27.30699920654297,27.452999114990234,27.366168975830078,368592000,NVDA
2023-04-05,26.82900047302246,26.99799919128418,26.395000457763672,26.881000518798828,26.795978546142578,515015000,NVDA
2023-04-06,26.583999633789062,27.079999923706055,26.427000045776367,27.03700065612793,26.951480865478516,397654000,NVDA
2023-04-10,26.822999954223633,27.621000289916992,26.66900062561035,27.57900047302246,27.49176788330078,395279000,NVDA
2023-04-11,27.724000930786133,27.790000915527344,27.125999450683594,27.16900062561035,27.083066940307617,314378000,NVDA
2023-04-12,27.3700008392334,27.468000411987305,26.447999954223633,26.4950008392334,26.411197662353516,446259000,NVDA
2023-04-13,26.733999252319336,26.886999130249023,26.32900047302246,26.46299934387207,26.379297256469727,353615000,NVDA
2023-04-14,26.503999710083008,26.882999420166016,26.219999313354492,26.757999420166016,26.673364639282227,395660000,NVDA
2023-04-17,26.565000534057617,27.006000518798828,26.433000564575195,27.00200080871582,26.916593551635742,321471000,NVDA
2023-04-18,27.533000946044922,28.110000610351562,27.35700035095215,27.66699981689453,27.57948875427246,604812000,NVDA
2023-04-19,27.361000061035156,28.0,27.23200035095215,27.930999755859375,27.8426513671875,358660000,NVDA
2023-04-20,27.67099952697754,28.030000686645508,27.0,27.104000091552734,27.01827049255371,427713000,NVDA
2023-04-21,26.95199966430664,27.183000564575195,26.722000122070312,27.118999481201172,27.033218383789062,345103000,NVDA
2023-04-24,27.01300048828125,27.365999221801758,26.67099952697754,27.04199981689453,26.956466674804688,339282000,NVDA
2023-04-25,27.077999114990234,27.246999740600586,26.225000381469727,26.240999221801758,26.157997131347656,378527000,NVDA
2023-04-26,27.00200080871582,27.329999923706055,26.704999923706055,26.95599937438965,26.870738983154297,406337000,NVDA
2023-04-27,27.363000869750977,27.4950008392334,26.625,27.22599983215332,27.139883041381836,377161000,NVDA
2023-04-28,27.225000381469727,27.757999420166016,27.070999145507812,27.749000549316406,27.661231994628906,292216000,NVDA
2023-05-01,27.84000015258789,29.058000564575195,27.780000686645508,28.90999984741211,28.818561553955078,570329000,NVDA
2023-05-02,28.68000030517578,28.836000442504883,28.08300018310547,28.209999084472656,28.120771408081055,402730000,NVDA
2023-05-03,27.84000015258789,28.367000579833984,27.472000122070312,27.802000045776367,27.714061737060547,383387000,NVDA
2023-05-04,27.650999069213867,27.858999252319336,27.239999771118164,27.562000274658203,27.474821090698242,321850000,NVDA
2023-05-05,27.826000213623047,28.7549991607666,27.731000900268555,28.68000030517578,28.589282989501953,361494000,NVDA
2023-05-08,28.52199935913086,29.219999313354492,28.350000381469727,29.150999069213867,29.058794021606445,344979000,NVDA
2023-05-09,28.89900016784668,28.972999572753906,28.450000762939453,28.570999145507812,28.480627059936523,314869000,NVDA
2023-05-10,29.0049991607666,29.113000869750977,28.461000442504883,28.885000228881836,28.793636322021484,369350000,NVDA
2023-05-11,28.895999908447266,28.950000762939453,28.246000289916992,28.577999114990234,28.487606048583984,322149000,NVDA
2023-05-12,28.52899932861328,28.780000686645508,28.04599952697754,28.34000015258789,28.25035858154297,274222000,NVDA
2023-05-15,28.507999420166016,28.9689998626709,28.152000427246094,28.952999114990234,28.861421585083008,293926000,NVDA
2023-05-16,28.840999603271484,29.8700008392334,28.832000732421875,29.21299934387207,29.1205997467041,449405000,NVDA
2023-05-17,29.583999633789062,30.198999404907227,29.43000030517578,30.17799949645996,30.082548141479492,432535000,NVDA
2023-05-18,30.40999984741211,31.827999114990234,30.31999969482422,31.67799949645996,31.577800750732422,748725000,NVDA
2023-05-19,31.535999298095703,31.579999923706055,30.916000366210938,31.263999938964844,31.16510772705078,473908000,NVDA
2023-05-22,30.900999069213867,31.520000457763672,30.68000030517578,31.176000595092773,31.077390670776367,372000000,NVDA
2023-05-23,31.0,31.288000106811523,30.631000518798828,30.687999725341797,30.590932846069336,356253000,NVDA
2023-05-24,30.209999084472656,30.60700035095215,29.805999755859375,30.538000106811523,30.4414119720459,721419000,NVDA
2023-05-25,38.52299880981445,39.47999954223633,36.6349983215332,37.97999954223633,37.859867095947266,1543911000,NVDA
2023-05-26,37.88999938964844,39.16999816894531,37.54999923706055,38.94599914550781,38.82281494140625,714397000,NVDA
2023-05-30,40.595001220703125,41.9379997253418,39.94900131225586,40.111000061035156,39.98412322998047,923401000,NVDA
2023-05-31,39.487998962402344,40.29499816894531,37.821998596191406,37.83399963378906,37.71432876586914,1002580000,NVDA
2023-06-01,38.48899841308594,40.04999923706055,38.34000015258789,39.77000045776367,39.64421463012695,635873000,NVDA
2023-06-02,40.09700012207031,40.5,39.05799865722656,39.32699966430664,39.20261001586914,482731000,NVDA
2023-06-05,38.909000396728516,39.564998626708984,38.707000732421875,39.17100143432617,39.0471076965332,396094000,NVDA
2023-06-06,38.83000183105469,39.15999984741211,38.14799880981445,38.65399932861328,38.53173828125,388729000,NVDA
2023-06-07,38.915000915527344,39.499000549316406,37.35599899291992,37.474998474121094,37.36033630371094,511998000,NVDA
2023-06-08,37.7239990234375,38.86399841308594,37.505001068115234,38.5099983215332,38.39216613769531,417772000,NVDA
2023-06-09,39.0369987487793,39.71099853515625,38.56700134277344,38.77000045776367,38.651371002197266,427717000,NVDA
2023-06-12,39.20000076293945,39.529998779296875,38.61800003051758,39.481998443603516,39.36118698120117,388701000,NVDA
2023-06-13,40.18600082397461,41.10100173950195,39.7400016784668,41.02199935913086,40.89647674560547,613208000,NVDA
2023-06-14,40.82400131225586,43.0,40.551998138427734,42.99700164794922,42.86544418334961,740465000,NVDA
2023-06-15,42.60200119018555,43.28900146484375,42.14699935913086,42.65299987792969,42.522491455078125,568622000,NVDA
2023-06-16,43.45000076293945,43.72100067138672,42.6609992980957,42.69200134277344,42.561370849609375,655709000,NVDA
2023-06-20,42.99800109863281,43.9900016784668,42.67399978637695,43.80799865722656,43.6739501953125,451153000,NVDA
2023-06-21,43.500999450683594,43.6150016784668,42.08000183105469,43.04499816894531,42.91328430175781,551603000,NVDA
2023-06-22,42.25299835205078,43.42599868774414,42.23400115966797,43.025001525878906,42.89335632324219,417737000,NVDA
2023-06-23,42.4640007019043,42.808998107910156,42.01499938964844,42.20899963378906,42.07985305786133,358140000,NVDA
2023-06-26,42.46099853515625,42.763999938964844,40.099998474121094,40.63199996948242,40.507667541503906,594322000,NVDA
2023-06-27,40.79899978637695,41.939998626708984,40.448001861572266,41.875999450683594,41.747867584228516,462175000,NVDA
2023-06-28,40.65999984741211,41.845001220703125,40.518001556396484,41.117000579833984,40.99119186401367,582639000,NVDA
2023-06-29,41.55799865722656,41.599998474121094,40.599998474121094,40.821998596191406,40.69709014892578,380514000,NVDA
2023-06-30,41.68000030517578,42.54999923706055,41.500999450683594,42.301998138427734,42.172569274902344,501148000,NVDA
2023-07-03,42.516998291015625,42.89799880981445,42.20199966430664,42.41299819946289,42.28322219848633,198209000,NVDA
2023-07-05,42.1349983215332,43.176998138427734,42.084999084472656,42.31700134277344,42.18751525878906,323618000,NVDA
2023-07-06,41.84400177001953,42.17900085449219,41.34600067138672,42.10300064086914,41.97417068481445,303582000,NVDA
2023-07-07,42.321998596191406,43.2140007019043,42.18000030517578,42.50299835205078,42.372955322265625,355881000,NVDA
2023-07-10,42.65700149536133,42.81100082397461,41.64899826049805,42.18000030517578,42.05093002319336,353908000,NVDA
2023-07-11,42.48099899291992,42.757999420166016,42.06700134277344,42.404998779296875,42.27524185180664,298244000,NVDA
2023-07-12,43.03300094604492,43.935001373291016,42.777000427246094,43.902000427246094,43.767669677734375,481277000,NVDA
2023-07-13,44.518001556396484,46.154998779296875,44.492000579833984,45.97700119018555,45.83631896972656,478204000,NVDA
2023-07-14,46.58300018310547,48.0880012512207,45.060001373291016,45.46900177001953,45.32987976074219,772075000,NVDA
2023-07-17,46.28900146484375,46.49599838256836,45.262001037597656,46.46099853515625,46.31882858276367,510488000,NVDA
2023-07-18,46.70100021362305,47.895999908447266,45.73400115966797,47.49399948120117,47.34867858886719,569164000,NVDA
2023-07-19,47.4640007019043,47.81800079345703,46.742000579833984,47.07699966430664,46.932952880859375,427502000,NVDA
2023-07-20,46.50699996948242,47.08700180053711,45.0620002746582,45.52000045776367,45.380714416503906,537865000,NVDA
2023-07-21,45.78799819946289,45.86600112915039,44.099998474121094,44.308998107910156,44.17341232299805,963769000,NVDA
2023-07-24,44.73099899291992,45.10900115966797,44.040000915527344,44.61199951171875,44.475494384765625,382516000,NVDA
2023-07-25,44.941001892089844,46.18299865722656,44.92300033569336,45.67900085449219,45.53922653198242,348081000,NVDA
2023-07-26,46.020999908447266,46.053001403808594,44.630001068115234,45.45199966430664,45.31292724609375,364237000,NVDA
2023-07-27,46.51900100708008,47.39500045776367,45.75,45.900001525878906,45.759552001953125,455976000,NVDA
2023-07-28,46.667999267578125,47.027000427246094,46.38100051879883,46.75,46.60695266723633,331194000,NVDA
2023-07-31,46.75400161743164,47.130001068115234,46.50600051879883,46.729000091552734,46.58601379394531,251055000,NVDA
2023-08-01,46.459999084472656,46.900001525878906,46.027000427246094,46.50699996948242,46.36468505859375,237858000,NVDA
2023-08-02,45.83100128173828,45.84000015258789,43.387001037597656,44.26900100708008,44.133544921875,530142000,NVDA
2023-08-03,43.79999923706055,45.11800003051758,43.79999923706055,44.51499938964844,44.378787994384766,324176000,NVDA
2023-08-04,44.98500061035156,45.641998291015625,44.393001556396484,44.68000030517578,44.54328536987305,362666000,NVDA
2023-08-07,45.111000061035156,45.540000915527344,44.5629997253418,45.41699981689453,45.27802658081055,322154000,NVDA
2023-08-08,44.85300064086914,45.242000579833984,44.055999755859375,44.66400146484375,44.52733612060547,353843000,NVDA
2023-08-09,44.27399826049805,44.3120002746582,42.13399887084961,42.55400085449219,42.42379379272461,586449000,NVDA
2023-08-10,42.15999984741211,43.57400131225586,41.834999084472656,42.38800048828125,42.25829315185547,492705000,NVDA
2023-08-11,41.750999450683594,42.018001556396484,40.638999938964844,40.85499954223633,40.72998046875,533085000,NVDA
2023-08-14,40.486000061035156,43.79999923706055,40.31100082397461,43.75299835205078,43.61912536621094,690286000,NVDA
2023-08-15,44.560001373291016,45.268001556396484,43.709999084472656,43.939998626708984,43.805545806884766,676512000,NVDA
2023-08-16,44.52000045776367,44.67499923706055,43.40599822998047,43.486000061035156,43.352943420410156,527451000,NVDA
2023-08-17,43.970001220703125,44.0620002746582,43.000999450683594,43.34400177001953,43.21137619018555,452395000,NVDA
2023-08-18,42.6349983215332,43.577999114990234,41.65999984741211,43.29899978637695,43.1665153503418,583768000,NVDA
2023-08-21,44.49399948120117,47.064998626708984,44.22200012207031,46.96699905395508,46.82329177856445,692573000,NVDA
2023-08-22,48.1349983215332,48.1870002746582,45.33300018310547,45.667999267578125,45.52827072143555,755293000,NVDA
2023-08-23,45.86600112915039,47.20000076293945,45.20800018310547,47.11600112915039,46.971832275390625,779046000,NVDA
2023-08-24,50.215999603271484,50.26599884033203,47.159000396728516,47.16299819946289,47.01869583129883,1156044000,NVDA
2023-08-25,47.012001037597656,47.80500030517578,45.02399826049805,46.018001556396484,45.877193450927734,925341000,NVDA
2023-08-28,46.481998443603516,46.97999954223633,44.88800048828125,46.834999084472656,46.691688537597656,685192000,NVDA
2023-08-29,46.66600036621094,49.08100128173828,46.39099884033203,48.784000396728516,48.634727478027344,701397000,NVDA
2023-08-30,49.04399871826172,49.926998138427734,48.42499923706055,49.263999938964844,49.113258361816406,735206000,NVDA
2023-08-31,49.380001068115234,49.74399948120117,48.95800018310547,49.35499954223633,49.203983306884766,528570000,NVDA
2023-09-01,49.762001037597656,49.79999923706055,48.141998291015625,48.50899887084961,48.360565185546875,463830000,NVDA
2023-09-05,48.222999572753906,48.85100173950195,47.86000061035156,48.54800033569336,48.39944839477539,382653000,NVDA
2023-09-06,48.441001892089844,48.54899978637695,46.58000183105469,47.06100082397461,46.920860290527344,468670000,NVDA
2023-09-07,45.525001525878906,46.34400177001953,45.152000427246094,46.24100112915039,46.103302001953125,433330000,NVDA
2023-09-08,45.94200134277344,46.60599899291992,45.270999908447266,45.571998596191406,45.4362907409668,473069000,NVDA
2023-09-11,46.14799880981445,46.16299819946289,44.3120002746582,45.178001403808594,45.04347229003906,473966000,NVDA
2023-09-12,44.737998962402344,45.67300033569336,44.53099822998047,44.869998931884766,44.73638916015625,349256000,NVDA
2023-09-13,44.599998474121094,45.93000030517578,44.50299835205078,45.48500061035156,45.34956359863281,398355000,NVDA
2023-09-14,45.95000076293945,45.98699951171875,45.13100051879883,45.58100128173828,45.445274353027344,370097000,NVDA
2023-09-15,45.340999603271484,45.5989990234375,43.80799865722656,43.900001525878906,43.7692756652832,506831000,NVDA
2023-09-18,42.74800109863281,44.242000579833984,42.0,43.965999603271484,43.835079193115234,500271000,NVDA
2023-09-19,43.83300018310547,43.965999603271484,43.00199890136719,43.52000045776367,43.39041519165039,373064000,NVDA
2023-09-20,43.599998474121094,43.90299987792969,42.222999572753906,42.23899841308594,42.113216400146484,367108000,NVDA
2023-09-21,41.58300018310547,42.099998474121094,40.97999954223633,41.016998291015625,40.89486312866211,450736000,NVDA
2023-09-22,41.571998596191406,42.1150016784668,41.23099899291992,41.61000061035156,41.4860954284668,479236000,NVDA
2023-09-25,41.590999603271484,42.5359992980957,41.176998138427734,42.22200012207031,42.096282958984375,419091000,NVDA
2023-09-26,42.000999450683594,42.81999969482422,41.654998779296875,41.9109992980957,41.786197662353516,402282000,NVDA
2023-09-27,42.33000183105469,42.87200164794922,41.62900161743164,42.46799850463867,42.3415412902832,444935000,NVDA
2023-09-28,42.459999084472656,43.44599914550781,42.1150016784668,43.0890007019043,42.960689544677734,424663000,NVDA
2023-09-29,43.82699966430664,44.14400100708008,43.30699920654297,43.499000549316406,43.369476318359375,397830000,NVDA
2023-10-02,44.029998779296875,45.17499923706055,43.861000061035156,44.78200149536133,44.64865493774414,433298000,NVDA
2023-10-03,44.80799865722656,45.130001068115234,43.24599838256836,43.516998291015625,43.387420654296875,470850000,NVDA
2023-10-04,43.742000579833984,44.143001556396484,43.29199981689453,44.04100036621094,43.90985870361328,361821000,NVDA
2023-10-05,44.04999923706055,44.900001525878906,43.88800048828125,44.6879997253418,44.554931640625,393483000,NVDA
2023-10-06,44.19300079345703,45.78900146484375,44.0260009765625,45.762001037597656,45.625736236572266,434436000,NVDA
2023-10-09,44.84199905395508,45.60499954223633,44.36800003051758,45.27299880981445,45.13819122314453,409675000,NVDA
2023-10-10,45.310001373291016,46.25899887084961,45.0880012512207,45.79800033569336,45.661624908447266,368582000,NVDA
2023-10-11,46.19599914550781,46.85900115966797,46.04999923706055,46.805999755859375,46.666622161865234,378137000,NVDA
2023-10-12,46.777000427246094,47.60900115966797,46.33000183105469,46.94499969482422,46.805213928222656,481325000,NVDA
2023-10-13,46.959999084472656,47.11600112915039,45.279998779296875,45.46099853515625,45.32563018798828,474115000,NVDA
2023-10-16,45.0629997253418,46.224998474121094,44.9119987487793,46.095001220703125,45.95774459838867,375099000,NVDA
2023-10-17,44.0,44.75400161743164,42.47999954223633,43.9379997253418,43.807159423828125,812333000,NVDA
2023-10-18,42.590999603271484,43.21900177001953,41.82500076293945,42.19599914550781,42.07034683227539,627294000,NVDA
2023-10-19,42.81100082397461,43.297000885009766,41.88199996948242,42.10100173950195,41.97563934326172,501233000,NVDA
2023-10-20,41.88999938964844,42.470001220703125,41.077999114990234,41.387001037597656,41.26377487182617,477266000,NVDA
2023-10-23,41.229000091552734,43.24800109863281,40.94499969482422,42.974998474121094,42.84703063964844,478530000,NVDA
2023-10-24,43.07699966430664,43.696998596191406,42.691001892089844,43.66299819946289,43.53298568725586,401463000,NVDA
2023-10-25,43.39799880981445,43.650001525878906,41.55500030517578,41.77899932861328,41.65459060668945,398379000,NVDA
2023-10-26,41.85300064086914,42.25600051879883,39.880001068115234,40.32600021362305,40.2059211730957,541001000,NVDA
2023-10-27,41.130001068115234,41.20600128173828,40.01499938964844,40.5,40.3794059753418,416784000,NVDA
2023-10-30,41.08700180053711,41.76599884033203,40.48099899291992,41.1609992980957,41.0384407043457,388028000,NVDA
2023-10-31,40.45000076293945,40.87900161743164,39.22999954223633,40.779998779296875,40.6585693359375,517969000,NVDA
2023-11-01,40.88399887084961,42.38100051879883,40.86899948120117,42.32500076293945,42.19896697998047,437593000,NVDA
2023-11-02,43.327999114990234,43.88399887084961,42.89400100708008,43.50600051879883,43.3764533996582,409172000,NVDA
2023-11-03,44.02000045776367,45.308998107910156,43.722999572753906,45.005001068115234,44.87099075317383,424610000,NVDA
2023-11-06,45.28499984741211,45.935001373291016,44.89899826049805,45.750999450683594,45.61476516723633,400733000,NVDA
2023-11-07,45.71900177001953,46.21799850463867,45.15800094604492,45.95500183105469,45.81815719604492,343165000,NVDA
2023-11-08,46.099998474121094,46.867000579833984,45.96799850463867,46.57400131225586,46.43531036376953,346719000,NVDA
2023-11-09,47.46699905395508,48.22999954223633,46.75,46.95000076293945,46.81019592285156,540496000,NVDA
2023-11-10,47.5,48.47200012207031,47.28300094604492,48.334999084472656,48.191062927246094,421245000,NVDA
2023-11-13,48.31999969482422,49.11600112915039,48.0989990234375,48.619998931884766,48.475215911865234,384136000,NVDA
2023-11-14,49.68000030517578,49.83399963378906,49.040000915527344,49.65599822998047,49.50813293457031,416954000,NVDA
2023-11-15,49.935001373291016,49.959999084472656,48.20000076293945,48.88800048828125,48.742431640625,475497000,NVDA
2023-11-16,48.67900085449219,49.525001525878906,48.33000183105469,49.47999954223633,49.33265686035156,339756000,NVDA
2023-11-17,49.52399826049805,49.71699905395508,49.00699996948242,49.29800033569336,49.151206970214844,325205000,NVDA
2023-11-20,49.3120002746582,50.54800033569336,49.180999755859375,50.409000396728516,50.25889587402344,414120000,NVDA
2023-11-21,50.125999450683594,50.516998291015625,49.22200012207031,49.944000244140625,49.795284271240234,565747000,NVDA
2023-11-22,49.85200119018555,50.334999084472656,47.689998626708984,48.715999603271484,48.57093811035156,899420000,NVDA
2023-11-24,48.470001220703125,48.92100143432617,47.744998931884766,47.7760009765625,47.63374328613281,294645000,NVDA
2023-11-27,47.79999923706055,48.529998779296875,47.652000427246094,48.242000579833984,48.098350524902344,395662000,NVDA
2023-11-28,48.236000061035156,48.323001861572266,47.472999572753906,47.82099914550781,47.67860794067383,401491000,NVDA
2023-11-29,48.37900161743164,48.762001037597656,47.86000061035156,48.13999938964844,47.99665451049805,382005000,NVDA
2023-11-30,48.02399826049805,48.11000061035156,46.422000885009766,46.77000045776367,46.6307373046875,526247000,NVDA
2023-12-01,46.525001525878906,47.20000076293945,46.1870002746582,46.76499938964844,46.62575149536133,369317000,NVDA
2023-12-04,46.07699966430664,46.07699966430664,45.0099983215332,45.5099983215332,45.374481201171875,437543000,NVDA
2023-12-05,45.465999603271484,46.599998474121094,45.270999908447266,46.566001892089844,46.431419372558594,371718000,NVDA
2023-12-06,47.21500015258789,47.387001037597656,45.4119987487793,45.50299835205078,45.371490478515625,380590000,NVDA
2023-12-07,45.70000076293945,46.62900161743164,45.604000091552734,46.59600067138672,46.46133804321289,350823000,NVDA
2023-12-08,46.595001220703125,47.74100112915039,46.54999923706055,47.50600051879883,47.368709564208984,359224000,NVDA
2023-12-11,47.49100112915039,47.53099822998047,45.83000183105469,46.62699890136719,46.49223709106445,509728000,NVDA
2023-12-12,46.04600143432617,47.66600036621094,46.04600143432617,47.65700149536133,47.51927947998047,372387000,NVDA
2023-12-13,47.62900161743164,48.59400177001953,47.608001708984375,48.0880012512207,47.94902038574219,447792000,NVDA
2023-12-14,48.38999938964844,48.66999816894531,47.422000885009766,48.349998474121094,48.21025848388672,391232000,NVDA
2023-12-15,48.194000244140625,49.40399932861328,48.119998931884766,48.88999938964844,48.74870681762695,479948000,NVDA
2023-12-18,49.400001525878906,50.43299865722656,49.150001525878906,50.07699966430664,49.93227005004883,412587000,NVDA
2023-12-19,49.42399978637695,49.70000076293945,48.89500045776367,49.604000091552734,49.46064376831055,464444000,NVDA
2023-12-20,49.654998779296875,49.999000549316406,48.097999572753906,48.111000061035156,47.97195053100586,397894000,NVDA
2023-12-21,48.81100082397461,49.095001220703125,48.41899871826172,48.9900016784668,48.84841537475586,300425000,NVDA
2023-12-22,49.19499969482422,49.382999420166016,48.46699905395508,48.83000183105469,48.688873291015625,252507000,NVDA
2023-12-26,48.96799850463867,49.599998474121094,48.959999084472656,49.27899932861328,49.13658142089844,244200000,NVDA
2023-12-27,49.51100158691406,49.68000030517578,49.084999084472656,49.41699981689453,49.27418518066406,233648000,NVDA
2023-12-28,49.643001556396484,49.88399887084961,49.4119987487793,49.52199935913086,49.378875732421875,246587000,NVDA
2023-12-29,49.8129997253418,49.99700164794922,48.750999450683594,49.52199935913086,49.378875732421875,389293000,NVDA
2024-01-02,49.24399948120117,49.29499816894531,47.595001220703125,48.167999267578125,48.02878952026367,411254000,NVDA
2024-01-03,47.48500061035156,48.183998107910156,47.31999969482422,47.569000244140625,47.431522369384766,320896000,NVDA
2024-01-04,47.766998291015625,48.5,47.507999420166016,47.99800109863281,47.859283447265625,306535000,NVDA
2024-01-05,48.46200180053711,49.547000885009766,48.305999755859375,49.09700012207031,48.955108642578125,415039000,NVDA
2024-01-08,49.512001037597656,52.275001525878906,49.479000091552734,52.25299835205078,52.101985931396484,642510000,NVDA
2024-01-09,52.4010009765625,54.32500076293945,51.689998626708984,53.13999938964844,52.98642349243164,773100000,NVDA
2024-01-10,53.61600112915039,54.599998474121094,53.48899841308594,54.349998474121094,54.19292449951172,533796000,NVDA
2024-01-11,54.999000549316406,55.34600067138672,53.560001373291016,54.821998596191406,54.6635627746582,596759000,NVDA
2024-01-12,54.619998931884766,54.970001220703125,54.33000183105469,54.709999084472656,54.551883697509766,352994000,NVDA
2024-01-16,55.018001556396484,56.834999084472656,54.900001525878906,56.38199996948242,56.219051361083984,449580000,NVDA
2024-01-17,56.34700012207031,56.47100067138672,54.7400016784668,56.053001403808594,55.89100646972656,474394000,NVDA
2024-01-18,57.2599983215332,57.599998474121094,56.106998443603516,57.106998443603516,56.941959381103516,491650000,NVDA
2024-01-19,57.98899841308594,59.5,57.224998474121094,59.49100112915039,59.31906509399414,543501000,NVDA
2024-01-22,60.04899978637695,60.33100128173828,59.06999969482422,59.65399932861328,59.48159408569336,452955000,NVDA
2024-01-23,59.56999969482422,59.90999984741211,58.584999084472656,59.87300109863281,59.69997024536133,294654000,NVDA
2024-01-24,60.30400085449219,62.8489990234375,59.9379997253418,61.36199951171875,61.18465805053711,560271000,NVDA
2024-01-25,62.349998474121094,62.71900177001953,60.849998474121094,61.617000579833984,61.43892288208008,482777000,NVDA
2024-01-26,60.959999084472656,61.78300094604492,60.573001861572266,61.03099822998047,60.854618072509766,390309000,NVDA
2024-01-29,61.231998443603516,62.48899841308594,60.90700149536133,62.46500015258789,62.28447723388672,348733000,NVDA
2024-01-30,62.900001525878906,63.49300003051758,62.2599983215332,62.77399826049805,62.59257888793945,410735000,NVDA
2024-01-31,61.439998626708984,62.26900100708008,60.70000076293945,61.527000427246094,61.349185943603516,453795000,NVDA
2024-02-01,62.099998474121094,63.191001892089844,61.650001525878906,63.027000427246094,62.844852447509766,369146000,NVDA
2024-02-02,63.9739990234375,66.5999984741211,63.689998626708984,66.16000366210938,65.96881103515625,476578000,NVDA
2024-02-05,68.2249984741211,69.49700164794922,67.20500183105469,69.33200073242188,69.13162231445312,680078000,NVDA
2024-02-06,69.62999725341797,69.75399780273438,66.30000305175781,68.2229995727539,68.02582550048828,683111000,NVDA
2024-02-07,68.31900024414062,70.22000122070312,67.5999984741211,70.0989990234375,69.89640808105469,495575000,NVDA
2024-02-08,70.0739974975586,70.79399871826172,69.45500183105469,69.64099884033203,69.43973541259766,414422000,NVDA
2024-02-09,70.53299713134766,72.18499755859375,70.21199798583984,72.13300323486328,71.9245376586914,436637000,NVDA
2024-02-12,72.5999984741211,74.61100006103516,71.25,72.24800109863281,72.03919219970703,613710000,NVDA
2024-02-13,70.4000015258789,73.44999694824219,69.62000274658203,72.12799835205078,71.91954040527344,602580000,NVDA
2024-02-14,73.2020034790039,74.23600006103516,71.93800354003906,73.9000015258789,73.6864242553711,504917000,NVDA
2024-02-15,73.86900329589844,73.9749984741211,72.4000015258789,72.65799713134766,72.4480209350586,420122000,NVDA
2024-02-16,74.0999984741211,74.4020004272461,72.5009994506836,72.61299896240234,72.40314483642578,495327000,NVDA
2024-02-20,71.9469985961914,71.95600128173828,67.73400115966797,69.4520034790039,69.25128936767578,704833000,NVDA
2024-02-21,68.00599670410156,68.88800048828125,66.24800109863281,67.47200012207031,67.2770004272461,673755000,NVDA
2024-02-22,75.0250015258789,78.57499694824219,74.22000122070312,78.53800201416016,78.31102752685547,865100000,NVDA
2024-02-23,80.79000091552734,82.39399719238281,77.56999969482422,78.81700134277344,78.58921813964844,829388000,NVDA
2024-02-26,79.69999694824219,80.64600372314453,78.50499725341797,79.09200286865234,78.8634262084961,503973000,NVDA
2024-02-27,79.38099670410156,79.4800033569336,77.16200256347656,78.70099639892578,78.47354888916016,391705000,NVDA
2024-02-28,77.62000274658203,78.93299865722656,77.125,77.66300201416016,77.43855285644531,393110000,NVDA
2024-02-29,79.09400177001953,79.98999786376953,78.3499984741211,79.11199951171875,78.88336944580078,507289000,NVDA
2024-03-01,80.0,82.30000305175781,79.43499755859375,82.27899932861328,82.04121398925781,479135000,NVDA
2024-03-04,84.12999725341797,87.69499969482422,83.71900177001953,85.23699951171875,84.99066162109375,615616000,NVDA
2024-03-05,85.2699966430664,86.09700012207031,83.41699981689453,85.96399688720703,85.71958923339844,520639000,NVDA
2024-03-06,88.02200317382812,89.7239990234375,87.02999877929688,88.69999694824219,88.44779205322266,582520000,NVDA
2024-03-07,90.15799713134766,92.76699829101562,89.60199737548828,92.66899871826172,92.40550994873047,608119000,NVDA
2024-03-08,95.13800048828125,97.4000015258789,86.50599670410156,87.52799987792969,87.27912902832031,1142269000,NVDA
2024-03-11,86.42900085449219,88.7969970703125,84.16600036621094,85.77400207519531,85.53012084960938,678364000,NVDA
2024-03-12,88.04900360107422,91.95999908447266,86.1500015258789,91.91300201416016,91.65167236328125,668075000,NVDA
2024-03-13,91.05500030517578,91.50399780273438,88.43499755859375,90.88800048828125,90.62958526611328,635713000,NVDA
2024-03-14,89.5770034790039,90.64600372314453,86.5999984741211,87.94400024414062,87.69395446777344,602318000,NVDA
2024-03-15,86.93000030517578,89.5459976196289,86.25700378417969,87.83699798583984,87.58726501464844,642086000,NVDA
2024-03-18,90.38800048828125,92.40499877929688,87.08499908447266,88.45500183105469,88.20349884033203,668976000,NVDA
2024-03-19,86.69999694824219,90.54399871826172,85.01000213623047,89.39800262451172,89.1438217163086,672171000,NVDA
2024-03-20,89.7969970703125,90.41000366210938,88.2229995727539,90.37200164794922,90.11505126953125,479063000,NVDA
2024-03-21,92.30000305175781,92.64800262451172,90.40499877929688,91.43499755859375,91.1750259399414,480372000,NVDA
2024-03-22,91.14099884033203,94.77799987792969,90.83399963378906,94.28900146484375,94.02091979980469,586719000,NVDA
2024-03-25,93.94100189208984,96.76599884033203,93.51000213623047,95.00199890136719,94.73187255859375,552136000,NVDA
2024-03-26,95.85099792480469,96.375,92.50199890136719,92.56099700927734,92.2978286743164,513648000,NVDA
2024-03-27,93.11199951171875,93.23999786376953,89.12300109863281,90.25,89.99339294433594,586067000,NVDA
2024-03-28,90.0,91.30000305175781,89.19300079345703,90.35600280761719,90.0990982055664,435212000,NVDA
2024-04-01,90.29900360107422,92.2249984741211,89.2040023803711,90.36299896240234,90.10607147216797,452441000,NVDA
2024-04-02,88.447998046875,90.09400177001953,87.62000274658203,89.4520034790039,89.19766235351562,433064000,NVDA
2024-04-03,88.48400115966797,90.3740005493164,88.4000015258789,88.96399688720703,88.71104431152344,370067000,NVDA
2024-04-04,90.40599822998047,90.63400268554688,85.87999725341797,85.90499877929688,85.66073608398438,434965000,NVDA
2024-04-05,86.86599731445312,88.48100280761719,85.9260025024414,88.00800323486328,87.75777435302734,399678000,NVDA
2024-04-08,88.69999694824219,88.83000183105469,86.73200225830078,87.13300323486328,86.88526153564453,283220000,NVDA
2024-04-09,87.44200134277344,87.63500213623047,83.02200317382812,85.35399627685547,85.11131286621094,501700000,NVDA
2024-04-10,83.9260025024414,87.4000015258789,83.70899963378906,87.03900146484375,86.7915267944336,431929000,NVDA
2024-04-11,87.41999816894531,90.73899841308594,86.9260025024414,90.61599731445312,90.35836029052734,431637000,NVDA
2024-04-12,89.6989974975586,90.17500305175781,87.52999877929688,88.18599700927734,87.93525695800781,426805000,NVDA
2024-04-15,89.0979995727539,90.61299896240234,85.92900085449219,86.0009994506836,85.7564697265625,443077000,NVDA
2024-04-16,86.43299865722656,88.11799621582031,86.06400299072266,87.41500091552734,87.16645812988281,370453000,NVDA
2024-04-17,88.33999633789062,88.7750015258789,83.94999694824219,84.03500366210938,83.79606628417969,495400000,NVDA
2024-04-18,84.97000122070312,86.19000244140625,82.4020004272461,84.6709976196289,84.43024444580078,447260000,NVDA
2024-04-19,83.1500015258789,84.3239974975586,75.60600280761719,76.19999694824219,75.98335266113281,875198000,NVDA
2024-04-22,78.10399627685547,80.072998046875,76.4000015258789,79.51799774169922,79.29191589355469,596341000,NVDA
2024-04-23,80.76899719238281,82.76899719238281,80.26399993896484,82.4229965209961,82.18865203857422,438559000,NVDA
2024-04-24,83.94999694824219,84.08200073242188,79.18299865722656,79.677001953125,79.45045471191406,512208000,NVDA
2024-04-25,78.86799621582031,83.322998046875,78.2229995727539,82.63200378417969,82.39705657958984,424641000,NVDA
2024-04-26,83.81800079345703,88.33100128173828,83.38700103759766,87.73500061035156,87.48554229736328,551011000,NVDA
2024-04-29,87.59500122070312,87.99199676513672,85.26599884033203,87.75700378417969,87.50749206542969,388971000,NVDA
2024-04-30,87.23999786376953,88.81900024414062,86.30000305175781,86.4020004272461,86.15634155273438,363709000,NVDA
2024-05-01,85.0770034790039,86.0,81.25499725341797,83.04100036621094,82.80488586425781,559863000,NVDA
2024-05-02,84.4489974975586,86.23699951171875,83.19999694824219,85.81700134277344,85.57300567626953,377898000,NVDA
2024-05-03,87.78900146484375,89.28099822998047,87.04000091552734,88.78900146484375,88.53654479980469,398341000,NVDA
2024-05-06,89.38999938964844,92.22000122070312,89.05500030517578,92.13999938964844,91.87801361083984,376203000,NVDA
2024-05-07,91.0979995727539,91.78099822998047,89.01100158691406,90.55400085449219,90.29652404785156,437342000,NVDA
2024-05-08,89.48300170898438,91.19400024414062,89.41999816894531,90.41200256347656,90.15494537353516,325721000,NVDA
2024-05-09,90.52899932861328,91.0719985961914,88.23100280761719,88.74700164794922,88.49467468261719,378013000,NVDA
2024-05-10,90.30500030517578,91.4010009765625,89.22699737548828,89.87799835205078,89.62245178222656,335325000,NVDA
2024-05-13,90.47799682617188,90.99800109863281,88.52899932861328,90.39900207519531,90.14198303222656,289680000,NVDA
2024-05-14,89.5989990234375,91.6510009765625,88.93399810791016,91.35600280761719,91.09625244140625,296507000,NVDA
2024-05-15,92.47200012207031,94.86199951171875,91.5989990234375,94.62999725341797,94.36095428466797,417735000,NVDA
2024-05-16,94.91000366210938,95.81900024414062,94.10299682617188,94.35900115966797,94.0906982421875,323952000,NVDA
2024-05-17,94.36900329589844,94.73999786376953,91.80599975585938,92.47899627685547,92.21605682373047,359691000,NVDA
2024-05-20,93.75,95.19999694824219,93.44000244140625,94.77999877929688,94.51050567626953,318764000,NVDA
2024-05-21,93.5989990234375,95.4000015258789,93.18000030517578,95.38600158691406,95.11479187011719,328946000,NVDA
2024-05-22,95.45899963378906,96.0199966430664,93.2490005493164,94.94999694824219,94.68002319335938,548648000,NVDA
2024-05-23,102.02799987792969,106.31999969482422,101.5199966430664,103.79900360107422,103.50386810302734,835065000,NVDA
2024-05-24,104.4489974975586,106.4749984741211,103.0,106.46900177001953,106.16627502441406,429494000,NVDA
2024-05-28,110.24400329589844,114.93900299072266,109.88300323486328,113.9010009765625,113.5771484375,652728000,NVDA
2024-05-29,113.05000305175781,115.49199676513672,110.9010009765625,114.82499694824219,114.4985122680664,557442000,NVDA
2024-05-30,114.6500015258789,115.81900024414062,109.66300201416016,110.5,110.1858139038086,484553000,NVDA
2024-05-31,112.5199966430664,112.71700286865234,106.94000244140625,109.63300323486328,109.3212890625,613263000,NVDA
2024-06-03,113.62100219726562,115.0,112.00299835205078,115.0,114.67301940917969,438392000,NVDA
2024-06-04,115.71600341796875,116.5999984741211,114.04499816894531,116.43699645996094,116.10594177246094,403324000,NVDA
2024-06-05,118.37100219726562,122.4489974975586,117.46800231933594,122.44000244140625,122.09186553955078,528402000,NVDA
2024-06-06,124.0479965209961,125.58699798583984,118.31999969482422,120.99800109863281,120.65396881103516,664696000,NVDA
2024-06-07,119.7699966430664,121.69200134277344,118.02200317382812,120.88800048828125,120.5442886352539,412386000,NVDA
2024-06-10,120.37000274658203,123.0999984741211,117.01000213623047,121.79000091552734,121.4437255859375,313434100,NVDA
2024-06-11,121.7699966430664,122.87000274658203,118.73999786376953,120.91000366210938,120.57612609863281,222551200,NVDA
2024-06-12,123.05999755859375,126.87999725341797,122.56999969482422,125.19999694824219,124.8542709350586,299595000,NVDA
2024-06-13,129.38999938964844,129.8000030517578,127.16000366210938,129.61000061035156,129.2521209716797,260704500,NVDA
2024-06-14,129.9600067138672,132.83999633789062,128.32000732421875,131.8800048828125,131.51585388183594,309320400,NVDA
2024-06-17,132.99000549316406,133.72999572753906,129.5800018310547,130.97999572753906,130.6183319091797,288504400,NVDA
2024-06-18,131.13999938964844,136.3300018310547,130.69000244140625,135.5800018310547,135.20562744140625,294335100,NVDA
2024-06-20,139.8000030517578,140.75999450683594,129.52000427246094,130.77999877929688,130.41888427734375,517768400,NVDA
2024-06-21,127.12000274658203,130.6300048828125,124.30000305175781,126.56999969482422,126.22048950195312,649445800,NVDA
2024-06-24,123.23999786376953,124.45999908447266,118.04000091552734,118.11000061035156,117.78385162353516,476060900,NVDA
2024-06-25,121.19999694824219,126.5,119.31999969482422,126.08999633789062,125.74181365966797,414192600,NVDA
2024-06-26,126.12999725341797,128.1199951171875,122.5999984741211,126.4000015258789,126.05096435546875,362975900,NVDA
2024-06-27,124.0999984741211,126.41000366210938,122.91999816894531,123.98999786376953,123.64761352539062,252571700,NVDA
2024-06-28,124.58000183105469,127.70999908447266,122.75,123.54000091552734,123.19886016845703,315516700,NVDA
2024-07-01,123.47000122070312,124.83999633789062,118.83000183105469,124.30000305175781,123.95675659179688,284885500,NVDA
2024-07-02,121.12999725341797,123.41000366210938,121.02999877929688,122.66999816894531,122.33126831054688,218374000,NVDA
2024-07-03,121.66000366210938,128.27999877929688,121.36000061035156,128.27999877929688,127.92578887939453,215749000,NVDA
2024-07-05,127.37999725341797,128.85000610351562,125.68000030517578,125.83000183105469,125.48252868652344,214176700,NVDA
2024-07-08,127.48999786376953,130.77000427246094,127.04000091552734,128.1999969482422,127.8459701538086,237677300,NVDA
2024-07-09,130.35000610351562,133.82000732421875,128.64999389648438,131.3800048828125,131.0172119140625,285366600,NVDA
2024-07-10,134.02999877929688,135.10000610351562,132.4199981689453,134.91000366210938,134.53746032714844,248978600,NVDA
2024-07-11,135.75,136.14999389648438,127.05000305175781,127.4000015258789,127.04821014404297,374782700,NVDA
2024-07-12,128.25999450683594,131.9199981689453,127.22000122070312,129.24000549316406,128.8831329345703,252680500,NVDA
2024-07-15,130.55999755859375,131.38999938964844,127.18000030517578,128.44000244140625,128.08534240722656,208326200,NVDA
2024-07-16,128.44000244140625,129.0399932861328,124.58000183105469,126.36000061035156,126.01107025146484,214769500,NVDA
2024-07-17,121.3499984741211,121.8499984741211,116.72000122070312,117.98999786376953,117.66417694091797,390086200,NVDA
2024-07-18,121.8499984741211,122.4000015258789,116.55999755859375,121.08999633789062,120.755615234375,320979500,NVDA
2024-07-19,120.3499984741211,121.5999984741211,117.37000274658203,117.93000030517578,117.60435485839844,217223800,NVDA
2024-07-22,120.3499984741211,124.06999969482422,119.86000061035156,123.54000091552734,123.19886016845703,258068900,NVDA
2024-07-23,122.77999877929688,124.69000244140625,122.0999984741211,122.58999633789062,122.25148010253906,173911000,NVDA
2024-07-24,119.16999816894531,119.94999694824219,113.44000244140625,114.25,113.93451690673828,327776900,NVDA
2024-07-25,113.04000091552734,116.62999725341797,106.30000305175781,112.27999877929688,111.9699478149414,460067000,NVDA
2024-07-26,116.19000244140625,116.19999694824219,111.58000183105469,113.05999755859375,112.74779510498047,293399100,NVDA
2024-07-29,113.69000244140625,116.27999877929688,111.30000305175781,111.58999633789062,111.28185272216797,248152100,NVDA
2024-07-30,111.5199966430664,111.98999786376953,102.54000091552734,103.7300033569336,103.44356536865234,486833300,NVDA
2024-07-31,112.9000015258789,118.33999633789062,110.87999725341797,117.0199966430664,116.69686126708984,473174200,NVDA
2024-08-01,117.52999877929688,120.16000366210938,106.80999755859375,109.20999908447266,108.9084243774414,523462300,NVDA
2024-08-02,103.76000213623047,108.72000122070312,101.37000274658203,107.2699966430664,106.97378540039062,482027500,NVDA
2024-08-05,92.05999755859375,103.41000366210938,90.69000244140625,100.44999694824219,100.17261505126953,552842400,NVDA
2024-08-06,103.83999633789062,107.70999908447266,100.55000305175781,104.25,103.96211242675781,409012100,NVDA
2024-08-07,107.80999755859375,108.80000305175781,98.69000244140625,98.91000366210938,98.63687896728516,411440400,NVDA
2024-08-08,102.0,105.5,97.5199966430664,104.97000122070312,104.68014526367188,391910000,NVDA
2024-08-09,105.63999938964844,106.5999984741211,103.43000030517578,104.75,104.46075439453125,290844200,NVDA
2024-08-12,106.31999969482422,111.06999969482422,106.26000213623047,109.0199966430664,108.7189712524414,325559900,NVDA
2024-08-13,112.44000244140625,116.2300033569336,111.58000183105469,116.13999938964844,115.81929779052734,312646700,NVDA
2024-08-14,118.52999877929688,118.5999984741211,114.06999969482422,118.08000183105469,117.75392150878906,339246400,NVDA
2024-08-15,118.76000213623047,123.23999786376953,117.47000122070312,122.86000061035156,122.52073669433594,318086700,NVDA
2024-08-16,121.94000244140625,125.0,121.18000030517578,124.58000183105469,124.23597717285156,302589900,NVDA
2024-08-19,124.27999877929688,130.0,123.41999816894531,130.0,129.64100646972656,318333600,NVDA
2024-08-20,128.39999389648438,129.8800048828125,125.88999938964844,127.25,126.89861297607422,300087400,NVDA
2024-08-21,127.31999969482422,129.35000610351562,126.66000366210938,128.5,128.14515686035156,257883600,NVDA
2024-08-22,130.02000427246094,130.75,123.0999984741211,123.73999786376953,123.39830017089844,376189100,NVDA
2024-08-23,125.86000061035156,129.60000610351562,125.22000122070312,129.3699951171875,129.0127716064453,323230300,NVDA
2024-08-26,129.57000732421875,131.25999450683594,124.37000274658203,126.45999908447266,126.11080932617188,331964700,NVDA
2024-08-27,125.05000305175781,129.1999969482422,123.87999725341797,128.3000030517578,127.94571685791016,303134600,NVDA
2024-08-28,128.1199951171875,128.3300018310547,122.63999938964844,125.61000061035156,125.26315307617188,448101100,NVDA
2024-08-29,121.36000061035156,124.43000030517578,116.70999908447266,117.58999633789062,117.26528930664062,453023300,NVDA
2024-08-30,119.52999877929688,121.75,117.22000122070312,119.37000274658203,119.0403823852539,333751600,NVDA
2024-09-03,116.01000213623047,116.20999908447266,107.29000091552734,108.0,107.70177459716797,477155100,NVDA
2024-09-04,105.41000366210938,113.2699966430664,104.12000274658203,106.20999908447266,105.91670227050781,372470300,NVDA
2024-09-05,104.98999786376953,109.6500015258789,104.76000213623047,107.20999908447266,106.91394805908203,306850700,NVDA
2024-09-06,108.04000091552734,108.1500015258789,100.94999694824219,102.83000183105469,102.54605102539062,413638100,NVDA
2024-09-09,104.87999725341797,106.55000305175781,103.69000244140625,106.47000122070312,106.17599487304688,273912000,NVDA
2024-09-10,107.80999755859375,109.4000015258789,104.94999694824219,108.0999984741211,107.8014907836914,268283700,NVDA
2024-09-11,109.38999938964844,117.19000244140625,107.41999816894531,116.91000366210938,116.58717346191406,441422400,NVDA
2024-09-12,116.83999633789062,120.79000091552734,115.37999725341797,119.13999938964844,118.82118225097656,366052700,NVDA
2024-09-13,119.08000183105469,119.95999908447266,117.5999984741211,119.0999984741211,118.7812728881836,238358300,NVDA
2024-09-16,116.79000091552734,118.18000030517578,114.36000061035156,116.77999877929688,116.46749114990234,248772300,NVDA
2024-09-17,118.16999816894531,118.80000305175781,114.83000183105469,115.58999633789062,115.28067016601562,231925900,NVDA
2024-09-18,115.88999938964844,117.69999694824219,113.22000122070312,113.37000274658203,113.06661224365234,310318900,NVDA
2024-09-19,117.3499984741211,119.66000366210938,117.25,117.87000274658203,117.55457305908203,293506400,NVDA
2024-09-20,117.05999755859375,118.62000274658203,115.38999938964844,116.0,115.6895751953125,382462400,NVDA
2024-09-23,116.55000305175781,116.98999786376953,114.86000061035156,116.26000213623047,115.94888305664062,206228500,NVDA
2024-09-24,116.5199966430664,121.80000305175781,115.37999725341797,120.87000274658203,120.54655456542969,354966800,NVDA
2024-09-25,122.0199966430664,124.94000244140625,121.61000061035156,123.51000213623047,123.17947387695312,284692900,NVDA
2024-09-26,126.80000305175781,127.66999816894531,121.80000305175781,124.04000091552734,123.70806121826172,302582900,NVDA
2024-09-27,123.97000122070312,124.02999877929688,119.26000213623047,121.4000015258789,121.07511901855469,271009200,NVDA
2024-09-30,118.30999755859375,121.5,118.1500015258789,121.44000244140625,121.11502838134766,226553700,NVDA
2024-10-01,121.7699966430664,122.44000244140625,115.79000091552734,117.0,116.6868896484375,302094500,NVDA
2024-10-02,116.44000244140625,119.37999725341797,115.13999938964844,118.8499984741211,118.53193664550781,221845900,NVDA
2024-10-03,120.91999816894531,124.36000061035156,120.33999633789062,122.8499984741211,122.521240234375,277118000,NVDA
2024-10-04,124.94000244140625,125.04000091552734,121.83000183105469,124.91999816894531,124.58570861816406,243678100,NVDA
2024-10-07,124.98999786376953,130.63999938964844,124.94999694824219,127.72000122070312,127.37821197509766,346250200,NVDA
2024-10-08,130.25999450683594,133.47999572753906,129.4199981689453,132.88999938964844,132.5343780517578,285722500,NVDA
2024-10-09,134.11000061035156,134.52000427246094,131.3800048828125,132.64999389648438,132.29501342773438,246191600,NVDA
2024-10-10,131.91000366210938,135.0,131.0,134.80999755859375,134.44923400878906,242311300,NVDA
2024-10-11,134.00999450683594,135.77999877929688,133.66000366210938,134.8000030517578,134.43927001953125,170209500,NVDA
2024-10-14,136.47000122070312,139.60000610351562,136.3000030517578,138.07000732421875,137.70050048828125,232347700,NVDA
2024-10-15,137.8699951171875,138.57000732421875,128.74000549316406,131.60000610351562,131.24783325195312,377831000,NVDA
2024-10-16,133.97999572753906,136.6199951171875,131.5800018310547,135.72000122070312,135.3568115234375,264879700,NVDA
2024-10-17,139.33999633789062,140.88999938964844,136.8699951171875,136.92999267578125,136.56356811523438,306435900,NVDA
2024-10-18,138.6699981689453,138.89999389648438,137.27999877929688,138.0,137.63070678710938,176090200,NVDA
2024-10-21,138.1300048828125,143.7100067138672,138.0,143.7100067138672,143.325439453125,264554500,NVDA
2024-10-22,142.91000366210938,144.4199981689453,141.77999877929688,143.58999633789062,143.2057342529297,226311600,NVDA
2024-10-23,142.02999877929688,142.42999267578125,137.4600067138672,139.55999755859375,139.18653869628906,285930000,NVDA
2024-10-24,140.82000732421875,141.35000610351562,138.4600067138672,140.41000366210938,140.03427124023438,172354900,NVDA
2024-10-25,140.92999267578125,144.1300048828125,140.8000030517578,141.5399932861328,141.16123962402344,205122100,NVDA
2024-10-28,143.0,143.13999938964844,140.0500030517578,140.52000427246094,140.14395141601562,173586700,NVDA
2024-10-29,140.2899932861328,142.25999450683594,138.89999389648438,141.25,140.87200927734375,157593600,NVDA
2024-10-30,139.5399932861328,140.3300018310547,136.80999755859375,139.33999633789062,138.96710205078125,179418100,NVDA
2024-10-31,137.60000610351562,137.61000061035156,132.11000061035156,132.75999450683594,132.40472412109375,270039600,NVDA
2024-11-01,134.6999969482422,137.30999755859375,134.57000732421875,135.39999389648438,135.03765869140625,207127800,NVDA
2024-11-04,137.2100067138672,138.9600067138672,135.57000732421875,136.0500030517578,135.6859130859375,187528200,NVDA
2024-11-05,137.4499969482422,140.3699951171875,137.3300018310547,139.91000366210938,139.5355987548828,160537400,NVDA
2024-11-06,142.9600067138672,146.49000549316406,141.9600067138672,145.61000061035156,145.22032165527344,242043900,NVDA
2024-11-07,146.38999938964844,148.92999267578125,146.1699981689453,148.8800048828125,148.4816131591797,207323300,NVDA
2024-11-08,148.77000427246094,149.77000427246094,146.25999450683594,147.6300048828125,147.23492431640625,175665800,NVDA
2024-11-11,148.67999267578125,148.85000610351562,143.57000732421875,145.25999450683594,144.8712921142578,182325600,NVDA
2024-11-12,146.77999877929688,149.64999389648438,146.00999450683594,148.2899932861328,147.89317321777344,198634700,NVDA
2024-11-13,149.07000732421875,149.3300018310547,145.89999389648438,146.27000427246094,145.8785858154297,191903300,NVDA
2024-11-14,147.63999938964844,149.0,145.5500030517578,146.75999450683594,146.36724853515625,194463300,NVDA
2024-11-15,144.8699951171875,145.24000549316406,140.0800018310547,141.97999572753906,141.60006713867188,250132900,NVDA
2024-11-18,139.5,141.5500030517578,137.14999389648438,140.14999389648438,139.77493286132812,221205300,NVDA
2024-11-19,141.32000732421875,147.1300048828125,140.99000549316406,147.00999450683594,146.6165771484375,227834900,NVDA
2024-11-20,147.41000366210938,147.55999755859375,142.72999572753906,145.88999938964844,145.49960327148438,309871700,NVDA
2024-11-21,149.35000610351562,152.88999938964844,140.6999969482422,146.6699981689453,146.27748107910156,400946600,NVDA
2024-11-22,145.92999267578125,147.16000366210938,141.10000610351562,141.9499969482422,141.5701446533203,236406200,NVDA
2024-11-25,141.99000549316406,142.0500030517578,135.82000732421875,136.02000427246094,135.656005859375,344941900,NVDA
2024-11-26,137.6999969482422,139.3000030517578,135.6699981689453,136.9199981689453,136.55360412597656,190287700,NVDA
2024-11-27,135.00999450683594,137.22000122070312,131.8000030517578,135.33999633789062,134.97779846191406,226370900,NVDA
2024-11-29,136.77999877929688,139.35000610351562,136.0500030517578,138.25,137.88003540039062,141863200,NVDA
2024-12-02,138.8300018310547,140.4499969482422,137.82000732421875,138.6300048828125,138.259033203125,171682800,NVDA
2024-12-03,138.25999450683594,140.5399932861328,137.9499969482422,140.25999450683594,139.8846435546875,164414000,NVDA
2024-12-04,142.0,145.7899932861328,140.2899932861328,145.13999938964844,144.75157165527344,231224300,NVDA
2024-12-05,145.11000061035156,146.5399932861328,143.9499969482422,145.05999755859375,144.68177795410156,172621200,NVDA
2024-12-06,144.60000610351562,145.6999969482422,141.30999755859375,142.44000244140625,142.06861877441406,188505600,NVDA
2024-12-09,138.97000122070312,139.9499969482422,137.1300048828125,138.80999755859375,138.44805908203125,189308600,NVDA
2024-12-10,139.00999450683594,141.82000732421875,133.7899932861328,135.07000732421875,134.7178192138672,210020900,NVDA
2024-12-11,137.36000061035156,140.1699981689453,135.2100067138672,139.30999755859375,138.94676208496094,184905200,NVDA
2024-12-12,137.0800018310547,138.44000244140625,135.8000030517578,137.33999633789062,136.98190307617188,159211400,NVDA
2024-12-13,138.94000244140625,139.60000610351562,132.5399932861328,134.25,133.89996337890625,231514900,NVDA
2024-12-16,134.17999267578125,134.39999389648438,130.4199981689453,132.0,131.65582275390625,237951100,NVDA
2024-12-17,129.08999633789062,131.58999633789062,126.86000061035156,130.38999938964844,130.05003356933594,259410300,NVDA
2024-12-18,133.86000061035156,136.6999969482422,128.27999877929688,128.91000366210938,128.57386779785156,277444500,NVDA
2024-12-19,131.75999450683594,134.02999877929688,129.5500030517578,130.67999267578125,130.33926391601562,209719200,NVDA
2024-12-20,129.80999755859375,135.27999877929688,128.22000122070312,134.6999969482422,134.34878540039062,306528600,NVDA
2024-12-23,136.27999877929688,139.7899932861328,135.1199951171875,139.6699981689453,139.3058319091797,176053500,NVDA
2024-12-24,140.0,141.89999389648438,138.64999389648438,140.22000122070312,139.85440063476562,105157000,NVDA
2024-12-26,139.6999969482422,140.85000610351562,137.72999572753906,139.92999267578125,139.56515502929688,116205600,NVDA
2024-12-27,138.5500030517578,139.02000427246094,134.7100067138672,137.00999450683594,136.6527557373047,170582600,NVDA
2024-12-30,134.8300018310547,140.27000427246094,134.02000427246094,137.49000549316406,137.13153076171875,167734700,NVDA
2024-12-31,138.02999877929688,138.07000732421875,133.8300018310547,134.2899932861328,133.93984985351562,155659200,NVDA
2025-01-02,136.0,138.8800048828125,134.6300048828125,138.30999755859375,137.94937133789062,198247200,NVDA
2025-01-03,140.00999450683594,144.89999389648438,139.72999572753906,144.47000122070312,144.09332275390625,229322500,NVDA
2025-01-06,148.58999633789062,152.16000366210938,147.82000732421875,149.42999267578125,149.04039001464844,265377400,NVDA
2025-01-07,153.02999877929688,153.1300048828125,140.00999450683594,140.13999938964844,139.7746124267578,351782200,NVDA
2025-01-08,142.5800018310547,143.9499969482422,137.55999755859375,140.11000061035156,139.7447052001953,227349900,NVDA
2025-01-10,137.4499969482422,139.9199981689453,134.22000122070312,135.91000366210938,135.55564880371094,207602500,NVDA
2025-01-13,129.99000549316406,133.49000549316406,129.50999450683594,133.22999572753906,132.8826141357422,204808900,NVDA
2025-01-14,136.0500030517578,136.3800048828125,130.0500030517578,131.75999450683594,131.4164581298828,195590500,NVDA
2025-01-15,133.64999389648438,136.4499969482422,131.2899932861328,136.24000549316406,135.88478088378906,185217300,NVDA
2025-01-16,138.63999938964844,138.75,133.49000549316406,133.57000732421875,133.22174072265625,209235600,NVDA
2025-01-17,136.69000244140625,138.5,135.4600067138672,137.7100067138672,137.3509521484375,201188800,NVDA
2025-01-21,139.16000366210938,141.8300018310547,137.08999633789062,140.8300018310547,140.46279907226562,197749000,NVDA
2025-01-22,144.66000366210938,147.7899932861328,143.6699981689453,147.07000732421875,146.68653869628906,237651400,NVDA
2025-01-23,145.0500030517578,147.22999572753906,143.72000122070312,147.22000122070312,146.83615112304688,155915500,NVDA
2025-01-24,148.3699951171875,148.97000122070312,141.8800048828125,142.6199951171875,142.24813842773438,234657600,NVDA
2025-01-27,124.80000305175781,128.39999389648438,116.69999694824219,118.41999816894531,118.1112289428711,818830900,NVDA
2025-01-28,121.80999755859375,129.0,116.25,128.99000549316406,128.6536865234375,579666400,NVDA
2025-01-29,126.5,126.88999938964844,120.05000305175781,123.69999694824219,123.37747192382812,467120600,NVDA
2025-01-30,123.0999984741211,125.0,118.0999984741211,124.6500015258789,124.32500457763672,392925500,NVDA
2025-01-31,123.77999877929688,127.8499984741211,119.19000244140625,120.06999969482422,119.75692749023438,388161100,NVDA
2025-02-03,114.75,118.56999969482422,113.01000213623047,116.66000366210938,116.35582733154297,371235700,NVDA
2025-02-04,116.95999908447266,121.19999694824219,116.69999694824219,118.6500015258789,118.34063720703125,256550000,NVDA
2025-02-05,121.76000213623047,125.0,120.76000213623047,124.83000183105469,124.50452423095703,262230800,NVDA
2025-02-06,127.41999816894531,128.77000427246094,125.20999908447266,128.67999267578125,128.34446716308594,251483600,NVDA
2025-02-07,129.22000122070312,130.3699951171875,125.0,129.83999633789062,129.50144958496094,228186300,NVDA
2025-02-10,130.08999633789062,135.0,129.9600067138672,133.57000732421875,133.22174072265625,216989100,NVDA
2025-02-11,132.5800018310547,134.47999572753906,131.02000427246094,132.8000030517578,132.45375061035156,178902400,NVDA
2025-02-12,130.02000427246094,132.24000549316406,129.0800018310547,131.13999938964844,130.79806518554688,160278600,NVDA
2025-02-13,131.55999755859375,136.5,131.1699981689453,135.2899932861328,134.937255859375,197430000,NVDA
2025-02-14,136.47999572753906,139.25,135.5,138.85000610351562,138.48797607421875,195479600,NVDA
2025-02-18,141.27000427246094,143.44000244140625,137.92999267578125,139.39999389648438,139.03652954101562,219176600,NVDA
2025-02-19,139.50999450683594,141.36000061035156,137.22000122070312,139.22999572753906,138.86697387695312,167536000,NVDA
2025-02-20,140.02999877929688,140.66000366210938,136.7899932861328,140.11000061035156,139.7447052001953,143903600,NVDA
2025-02-21,140.0399932861328,141.4600067138672,134.02999877929688,134.42999267578125,134.07949829101562,228217600,NVDA
2025-02-24,136.55999755859375,138.58999633789062,130.0800018310547,130.27999877929688,129.9403076171875,251381100,NVDA
2025-02-25,129.97999572753906,130.1999969482422,124.44000244140625,126.62999725341797,126.2998275756836,271428700,NVDA
2025-02-26,129.99000549316406,133.72999572753906,128.49000549316406,131.27999877929688,130.93771362304688,322553800,NVDA
2025-02-27,135.0,135.00999450683594,120.01000213623047,120.1500015258789,119.83673095703125,443175800,NVDA
2025-02-28,118.0199966430664,125.08999633789062,116.4000015258789,124.91999816894531,124.59429168701172,389091100,NVDA
2025-03-03,123.51000213623047,123.69999694824219,112.27999877929688,114.05999755859375,113.76260375976562,411381400,NVDA
2025-03-04,110.6500015258789,119.30999755859375,110.11000061035156,115.98999786376953,115.68756866455078,398163300,NVDA
2025-03-05,117.58000183105469,118.27999877929688,114.51000213623047,117.30000305175781,116.99417114257812,284337900,NVDA
2025-03-06,113.52999877929688,115.3499984741211,110.22000122070312,110.56999969482422,110.28170776367188,321181900,NVDA
2025-03-07,111.25,113.4800033569336,107.55999755859375,112.69000244140625,112.39617919921875,341755500,NVDA
2025-03-10,109.9000015258789,111.8499984741211,105.45999908447266,106.9800033569336,106.70105743408203,366487400,NVDA
2025-03-11,106.98999786376953,112.23999786376953,104.7699966430664,108.76000213623047,108.47642517089844,354865700,NVDA
2025-03-12,114.12000274658203,116.76000213623047,112.87999725341797,115.73999786376953,115.4488525390625,323857500,NVDA
2025-03-13,117.02999877929688,117.76000213623047,113.79000091552734,115.58000183105469,115.28925323486328,299033100,NVDA
2025-03-14,118.61000061035156,121.87999725341797,118.1500015258789,121.66999816894531,121.36392211914062,277593500,NVDA
2025-03-17,122.73999786376953,122.88999938964844,118.02999877929688,119.52999877929688,119.22930908203125,255501500,NVDA
2025-03-18,118.0,119.0199966430664,114.54000091552734,115.43000030517578,115.13963317871094,299686900,NVDA
2025-03-19,117.2699966430664,120.44999694824219,115.68000030517578,117.5199966430664,117.224365234375,273426200,NVDA
2025-03-20,116.55000305175781,120.19999694824219,116.47000122070312,118.52999877929688,118.2318115234375,248829700,NVDA
2025-03-21,116.94000244140625,117.98999786376953,115.41999816894531,117.69999694824219,117.4039077758789,266498500,NVDA
2025-03-24,119.87999725341797,122.22000122070312,119.33999633789062,121.41000366210938,121.10458374023438,228452500,NVDA
2025-03-25,120.55000305175781,121.29000091552734,118.91999816894531,120.69000244140625,120.38639068603516,167447200,NVDA
2025-03-26,118.7300033569336,118.83999633789062,112.70999908447266,113.76000213623047,113.47382354736328,293463300,NVDA
2025-03-27,111.3499984741211,114.44999694824219,110.66000366210938,111.43000030517578,111.1496810913086,236902100,NVDA
2025-03-28,111.48999786376953,112.87000274658203,109.06999969482422,109.66999816894531,109.39411163330078,229872500,NVDA
2025-03-31,105.12999725341797,110.95999908447266,103.6500015258789,108.37999725341797,108.10735321044922,299212700,NVDA
2025-04-01,108.5199966430664,110.19999694824219,106.47000122070312,110.1500015258789,109.87290954589844,222614000,NVDA
2025-04-02,107.29000091552734,111.9800033569336,106.79000091552734,110.41999816894531,110.14221954345703,220601200,NVDA
2025-04-03,103.51000213623047,105.62999725341797,101.5999984741211,101.80000305175781,101.54391479492188,338769400,NVDA
2025-04-04,98.91000366210938,100.12999725341797,92.11000061035156,94.30999755859375,94.07276153564453,532273800,NVDA
2025-04-07,87.45999908447266,101.75,86.62000274658203,97.63999938964844,97.39437103271484,611041300,NVDA
2025-04-08,103.80999755859375,105.8499984741211,94.45999908447266,96.30000305175781,96.05774688720703,476243400,NVDA
2025-04-09,98.88999938964844,115.0999984741211,97.52999877929688,114.33000183105469,114.04239654541016,612918300,NVDA
2025-04-10,109.37000274658203,110.86000061035156,99.1500015258789,107.56999969482422,107.29940032958984,437812400,NVDA
2025-04-11,108.5,111.55000305175781,107.4800033569336,110.93000030517578,110.65094757080078,313417300,NVDA
2025-04-14,114.11000061035156,114.29000091552734,109.06999969482422,110.70999908447266,110.4314956665039,264705000,NVDA
2025-04-15,110.97000122070312,113.62000274658203,110.5,112.19999694824219,111.9177474975586,228966900,NVDA
2025-04-16,104.55000305175781,106.79000091552734,100.44999694824219,104.48999786376953,104.2271499633789,397016900,NVDA
2025-04-17,104.44999694824219,104.47000122070312,100.05000305175781,101.48999786376953,101.23468780517578,292517500,NVDA
2025-04-21,98.7699966430664,99.44000244140625,95.04000091552734,96.91000366210938,96.66622161865234,288501100,NVDA
2025-04-22,98.77999877929688,99.80999755859375,97.27999877929688,98.88999938964844,98.64122772216797,241004800,NVDA
2025-04-23,104.5199966430664,104.80000305175781,102.0199966430664,102.70999908447266,102.45162200927734,247526000,NVDA
2025-04-24,103.4800033569336,106.54000091552734,103.11000061035156,106.43000030517578,106.1622543334961,220815000,NVDA
2025-04-25,106.8499984741211,111.91999816894531,105.7300033569336,111.01000213623047,110.73074340820312,251064700,NVDA
2025-04-28,109.69000244140625,110.37000274658203,106.0199966430664,108.7300033569336,108.45648193359375,207708500,NVDA
2025-04-29,107.66999816894531,110.19999694824219,107.44000244140625,109.0199966430664,108.74575805664062,170444300,NVDA
2025-04-30,104.47000122070312,108.91999816894531,104.08000183105469,108.91999816894531,108.64599609375,235044600,NVDA
2025-05-01,113.08000183105469,114.94000244140625,111.30000305175781,111.61000061035156,111.32923126220703,236121500,NVDA
2025-05-02,114.18000030517578,115.4000015258789,113.37000274658203,114.5,114.21197509765625,190194800,NVDA
2025-05-05,112.91000366210938,114.66999816894531,112.66000366210938,113.81999969482422,113.53367614746094,133163200,NVDA
2025-05-06,111.4800033569336,114.73999786376953,110.81999969482422,113.54000091552734,113.25438690185547,158525600,NVDA
2025-05-07,113.05000305175781,117.68000030517578,112.27999877929688,117.05999755859375,116.7655258178711,206758800,NVDA
2025-05-08,118.25,118.68000030517578,115.8499984741211,117.37000274658203,117.07474517822266,198428100,NVDA
2025-05-09,117.3499984741211,118.2300033569336,115.20999908447266,116.6500015258789,116.35655212402344,132972200,NVDA
2025-05-12,121.97000122070312,123.0,120.27999877929688,123.0,122.69058227539062,225023300,NVDA
2025-05-13,124.9800033569336,131.22000122070312,124.47000122070312,129.92999267578125,129.6031494140625,330430100,NVDA
2025-05-14,133.1999969482422,135.44000244140625,131.67999267578125,135.33999633789062,134.99952697753906,281180800,NVDA
2025-05-15,134.2899932861328,136.3000030517578,132.66000366210938,134.8300018310547,134.49081420898438,226632600,NVDA
2025-05-16,136.22000122070312,136.35000610351562,133.4600067138672,135.39999389648438,135.05938720703125,226542500,NVDA
2025-05-19,132.38999938964844,135.8699951171875,132.38999938964844,135.57000732421875,135.22897338867188,193154600,NVDA
2025-05-20,134.2899932861328,134.5800018310547,132.6199951171875,134.3800048828125,134.04196166992188,161514200,NVDA
2025-05-21,133.05999755859375,137.39999389648438,130.58999633789062,131.8000030517578,131.4684600830078,270608700,NVDA
2025-05-22,132.22999572753906,134.25,131.5500030517578,132.8300018310547,132.495849609375,187344000,NVDA
2025-05-23,130.0,132.67999267578125,129.16000366210938,131.2899932861328,130.959716796875,198821300,NVDA
2025-05-27,134.14999389648438,135.66000366210938,133.30999755859375,135.5,135.1591339111328,192953600,NVDA
2025-05-28,136.02999877929688,137.25,134.7899932861328,134.80999755859375,134.47085571289062,304021100,NVDA
2025-05-29,142.25,143.49000549316406,137.91000366210938,139.19000244140625,138.83984375,369241900,NVDA
2025-05-30,138.72000122070312,139.6199951171875,132.9199981689453,135.1300048828125,134.79006958007812,333170900,NVDA
2025-06-02,135.49000549316406,138.1199951171875,135.39999389648438,137.3800048828125,137.03440856933594,197663100,NVDA
2025-06-03,138.77999877929688,142.0,137.9499969482422,141.22000122070312,140.86474609375,225578800,NVDA
2025-06-04,142.19000244140625,142.38999938964844,139.5399932861328,141.9199981689453,141.56297302246094,167120800,NVDA
2025-06-05,142.1699981689453,144.0,138.8300018310547,139.99000549316406,139.63784790039062,231397900,NVDA
2025-06-06,142.50999450683594,143.27000427246094,141.50999450683594,141.72000122070312,141.36349487304688,153986200,NVDA
2025-06-09,143.19000244140625,145.0,141.94000244140625,142.6300048828125,142.27120971679688,185114500,NVDA
2025-06-10,142.69000244140625,144.2899932861328,141.52999877929688,143.9600067138672,143.59786987304688,155881900,NVDA
2025-06-11,144.61000061035156,144.99000549316406,141.8699951171875,142.8300018310547,142.48060607910156,167694000,NVDA
2025-06-12,141.97000122070312,145.0,141.85000610351562,145.0,144.64529418945312,162365000,NVDA
2025-06-13,142.47999572753906,143.5800018310547,140.85000610351562,141.97000122070312,141.62271118164062,180820600,NVDA
2025-06-16,143.35000610351562,146.17999267578125,143.1999969482422,144.69000244140625,144.33602905273438,183133700,NVDA
2025-06-17,144.49000549316406,145.22000122070312,143.77999877929688,144.1199951171875,143.76742553710938,139108000,NVDA
2025-06-18,144.00999450683594,145.64999389648438,143.1199951171875,145.47999572753906,145.12411499023438,161494100,NVDA
2025-06-20,145.4499969482422,146.1999969482422,142.64999389648438,143.85000610351562,143.4980926513672,242956200,NVDA
2025-06-23,142.5,144.77999877929688,142.02999877929688,144.1699981689453,143.81732177734375,154308900,NVDA
2025-06-24,145.55999755859375,147.9600067138672,145.5,147.89999389648438,147.53817749023438,187566100,NVDA
2025-06-25,149.27000427246094,154.4499969482422,149.25999450683594,154.30999755859375,153.9324951171875,269146500,NVDA
2025-06-26,155.97999572753906,156.72000122070312,154.0,155.02000427246094,154.64077758789062,198145700,NVDA
2025-06-27,156.0399932861328,158.7100067138672,155.25999450683594,157.75,157.3640899658203,263234500,NVDA
2025-06-30,158.39999389648438,158.66000366210938,155.9600067138672,157.99000549316406,157.60350036621094,194580300,NVDA
2025-07-01,156.2899932861328,157.1999969482422,151.49000549316406,153.3000030517578,152.9249725341797,213143600,NVDA
2025-07-02,152.97999572753906,157.60000610351562,152.97000122070312,157.25,156.8653106689453,171224100,NVDA
2025-07-03,158.3699951171875,160.97999572753906,157.77000427246094,159.33999633789062,158.95018005371094,143716100,NVDA
2025-07-07,158.1999969482422,159.30999755859375,157.33999633789062,158.24000549316406,157.85289001464844,140139000,NVDA
2025-07-08,159.3300018310547,160.22000122070312,158.38999938964844,160.0,159.60858154296875,138133000,NVDA
2025-07-09,161.22000122070312,164.4199981689453,161.16000366210938,162.8800048828125,162.48153686523438,183656400,NVDA
2025-07-10,164.32000732421875,164.5,161.61000061035156,164.10000610351562,163.6985626220703,167704100,NVDA
2025-07-11,163.72000122070312,167.88999938964844,163.47000122070312,164.9199981689453,164.5165557861328,193633300,NVDA
2025-07-14,165.3699951171875,165.49000549316406,162.02000427246094,164.07000732421875,163.66864013671875,136975800,NVDA
2025-07-15,171.19000244140625,172.39999389648438,169.1999969482422,170.6999969482422,170.28240966796875,230627400,NVDA
2025-07-16,171.05999755859375,171.75,168.89999389648438,171.3699951171875,170.9507598876953,158831500,NVDA
2025-07-17,172.02000427246094,174.16000366210938,170.8300018310547,173.0,172.5767822265625,160841100,NVDA
2025-07-18,173.63999938964844,174.25,171.25999450683594,172.41000366210938,171.9882354736328,146456400,NVDA
2025-07-21,172.75,173.3800048828125,171.0,171.3800048828125,170.9607391357422,123126100,NVDA
2025-07-22,171.33999633789062,171.38999938964844,164.5800018310547,167.02999877929688,166.62136840820312,193114300,NVDA
2025-07-23,169.52999877929688,171.25999450683594,167.97000122070312,170.77999877929688,170.36221313476562,154082200,NVDA
2025-07-24,172.44000244140625,173.8300018310547,171.3000030517578,173.74000549316406,173.3149871826172,128984600,NVDA
2025-07-25,173.61000061035156,174.72000122070312,172.9600067138672,173.5,173.0755615234375,122316800,NVDA
2025-07-28,174.02000427246094,177.0,173.97000122070312,176.75,176.317626953125,140023500,NVDA
2025-07-29,177.9600067138672,179.3800048828125,175.02000427246094,175.50999450683594,175.08062744140625,154077500,NVDA
2025-07-30,176.50999450683594,179.88999938964844,176.0399932861328,179.27000427246094,178.83145141601562,174312200,NVDA
2025-07-31,182.89999389648438,183.3000030517578,175.92999267578125,177.8699951171875,177.4348602294922,221685400,NVDA
2025-08-01,174.08999633789062,176.5399932861328,170.88999938964844,173.72000122070312,173.29502868652344,204529000,NVDA
2025-08-04,175.16000366210938,180.1999969482422,174.52000427246094,180.0,179.55966186523438,148174600,NVDA
2025-08-05,179.6199951171875,180.25999450683594,175.89999389648438,178.25999450683594,177.82388305664062,156407600,NVDA
2025-08-06,176.3300018310547,179.89999389648438,176.25,179.4199981689453,178.98106384277344,137192300,NVDA
2025-08-07,181.57000732421875,183.8800048828125,178.8000030517578,180.77000427246094,180.32778930664062,151878400,NVDA
2025-08-08,181.5500030517578,183.3000030517578,180.39999389648438,182.6999969482422,182.2530517578125,123396700,NVDA
2025-08-11,182.0500030517578,183.83999633789062,180.25,182.05999755859375,181.6146240234375,138323200,NVDA
2025-08-12,182.9600067138672,184.47999572753906,179.4600067138672,183.16000366210938,182.71194458007812,145485700,NVDA
2025-08-13,182.6199951171875,183.97000122070312,179.35000610351562,181.58999633789062,181.14578247070312,179871700,NVDA
2025-08-14,179.75,183.02000427246094,179.4600067138672,182.02000427246094,181.57472229003906,129554000,NVDA
2025-08-15,181.8800048828125,181.89999389648438,178.0399932861328,180.4499969482422,180.00856018066406,156602200,NVDA
2025-08-18,180.60000610351562,182.94000244140625,180.58999633789062,182.00999450683594,181.5647430419922,132008000,NVDA
2025-08-19,182.42999267578125,182.5,175.49000549316406,175.63999938964844,175.2103271484375,185229200,NVDA
2025-08-20,175.1699981689453,176.0,168.8000030517578,175.39999389648438,174.97091674804688,215142700,NVDA
2025-08-21,174.85000610351562,176.89999389648438,173.80999755859375,174.97999572753906,174.5519256591797,140040900,NVDA
2025-08-22,172.61000061035156,178.58999633789062,171.1999969482422,177.99000549316406,177.5545654296875,172789400,NVDA
2025-08-25,178.35000610351562,181.91000366210938,176.57000732421875,179.80999755859375,179.3701171875,163012800,NVDA
2025-08-26,180.05999755859375,182.38999938964844,178.80999755859375,181.77000427246094,181.32533264160156,168688200,NVDA
2025-08-27,181.97999572753906,182.49000549316406,179.10000610351562,181.60000610351562,181.15576171875,235518900,NVDA
2025-08-28,180.82000732421875,184.47000122070312,176.41000366210938,180.1699981689453,179.729248046875,281787800,NVDA
2025-08-29,178.11000061035156,178.14999389648438,173.14999389648438,174.17999267578125,173.75387573242188,243257900,NVDA
2025-09-02,170.0,172.3800048828125,167.22000122070312,170.77999877929688,170.36221313476562,231164900,NVDA
2025-09-03,171.05999755859375,172.41000366210938,168.8800048828125,170.6199951171875,170.20260620117188,164424900,NVDA
2025-09-04,170.57000732421875,171.86000061035156,169.41000366210938,171.66000366210938,171.24005126953125,141670100,NVDA
2025-09-05,168.02999877929688,169.02999877929688,164.07000732421875,167.02000427246094,166.61141967773438,224441400,NVDA
2025-09-08,167.5500030517578,170.9600067138672,167.35000610351562,168.30999755859375,167.8982696533203,163769100,NVDA
2025-09-09,169.08999633789062,170.97999572753906,166.74000549316406,170.75999450683594,170.34226989746094,157548400,NVDA
2025-09-10,176.63999938964844,179.2899932861328,175.47000122070312,177.3300018310547,176.8961944580078,226852000,NVDA
2025-09-11,179.67999267578125,180.27999877929688,176.47999572753906,177.1699981689453,176.7465362548828,151159300,NVDA
2025-09-12,177.77000427246094,178.60000610351562,176.4499969482422,177.82000732421875,177.39500427246094,124911000,NVDA
2025-09-15,175.6699981689453,178.85000610351562,174.50999450683594,177.75,177.32516479492188,147061600,NVDA
2025-09-16,177.0,177.5,174.3800048828125,174.8800048828125,174.46202087402344,140737800,NVDA
2025-09-17,172.63999938964844,173.1999969482422,168.41000366210938,170.2899932861328,169.8829803466797,211843800,NVDA
2025-09-18,173.97999572753906,177.10000610351562,172.9600067138672,176.24000549316406,175.81878662109375,191763300,NVDA
2025-09-19,175.77000427246094,178.0800018310547,175.17999267578125,176.6699981689453,176.24774169921875,237182100,NVDA
2025-09-22,175.3000030517578,184.5500030517578,174.7100067138672,183.61000061035156,183.17115783691406,269637000,NVDA
2025-09-23,181.97000122070312,182.4199981689453,176.2100067138672,178.42999267578125,178.0035400390625,192559600,NVDA
2025-09-24,179.77000427246094,179.77999877929688,175.39999389648438,176.97000122070312,176.54702758789062,143564100,NVDA
2025-09-25,174.47999572753906,180.25999450683594,173.1300048828125,177.69000244140625,177.26528930664062,191586700,NVDA
2025-09-26,178.1699981689453,179.77000427246094,174.92999267578125,178.19000244140625,177.76412963867188,148573700,NVDA
2025-09-29,180.42999267578125,184.0,180.32000732421875,181.85000610351562,181.4153594970703,193063500,NVDA
2025-09-30,182.0800018310547,187.35000610351562,181.47999572753906,186.5800018310547,186.13406372070312,236981000,NVDA
2025-10-01,185.24000549316406,188.13999938964844,183.89999389648438,187.24000549316406,186.79249572753906,173844900,NVDA
2025-10-02,189.60000610351562,191.0500030517578,188.05999755859375,188.88999938964844,188.4385528564453,136805800,NVDA
2025-10-03,189.19000244140625,190.36000061035156,185.3800048828125,187.6199951171875,187.1715545654297,137596900,NVDA
2025-10-06,185.5,187.22999572753906,183.3300018310547,185.5399932861328,185.09654235839844,157678100,NVDA
2025-10-07,186.22999572753906,189.05999755859375,184.0,185.0399932861328,184.5977325439453,140088000,NVDA
2025-10-08,186.57000732421875,189.60000610351562,186.5399932861328,189.11000061035156,188.65802001953125,130168900,NVDA
2025-10-09,192.22999572753906,195.3000030517578,191.05999755859375,192.57000732421875,192.1097412109375,182997200,NVDA
2025-10-10,193.50999450683594,195.6199951171875,182.0500030517578,183.16000366210938,182.7222442626953,268774400,NVDA
2025-10-13,187.97000122070312,190.11000061035156,185.9600067138672,188.32000732421875,187.8699188232422,153482800,NVDA
2025-10-14,184.77000427246094,184.8000030517578,179.6999969482422,180.02999877929688,179.59971618652344,205641400,NVDA
2025-10-15,184.8000030517578,184.8699951171875,177.2899932861328,179.8300018310547,179.4001922607422,214450500,NVDA
2025-10-16,182.22999572753906,183.27999877929688,179.77000427246094,181.80999755859375,181.3754425048828,179723300,NVDA
2025-10-17,180.17999267578125,184.10000610351562,179.75,183.22000122070312,182.78208923339844,173135200,NVDA
2025-10-20,183.1300048828125,185.1999969482422,181.72999572753906,182.63999938964844,182.20347595214844,128544700,NVDA
2025-10-21,182.7899932861328,182.7899932861328,179.8000030517578,181.16000366210938,180.72702026367188,124240200,NVDA
2025-10-22,181.13999938964844,183.44000244140625,176.75999450683594,180.27999877929688,179.84910583496094,162249600,NVDA
2025-10-23,180.4199981689453,183.02999877929688,179.7899932861328,182.16000366210938,181.72463989257812,111363700,NVDA
2025-10-24,183.83999633789062,187.47000122070312,183.5,186.25999450683594,185.81480407714844,131296700,NVDA
2025-10-27,189.99000549316406,192.0,188.42999267578125,191.49000549316406,191.03233337402344,153452700,NVDA
2025-10-28,193.0500030517578,203.14999389648438,191.91000366210938,201.02999877929688,200.54953002929688,297986200,NVDA
2025-10-29,207.97999572753906,212.19000244140625,204.77999877929688,207.0399932861328,206.54515075683594,308829600,NVDA
2025-10-30,205.14999389648438,206.16000366210938,201.41000366210938,202.88999938964844,202.4050750732422,178864400,NVDA
2025-10-31,206.4499969482422,207.97000122070312,202.07000732421875,202.49000549316406,202.00604248046875,179802200,NVDA
2025-11-03,208.0800018310547,211.33999633789062,205.55999755859375,206.8800048828125,206.3855438232422,180267300,NVDA
2025-11-04,203.0,203.97000122070312,197.92999267578125,198.69000244140625,198.21511840820312,188919300,NVDA
2025-11-05,198.77000427246094,202.9199981689453,194.64999389648438,195.2100067138672,194.74343872070312,171350300,NVDA
2025-11-06,196.4199981689453,197.6199951171875,186.3800048828125,188.0800018310547,187.63047790527344,223029800,NVDA
2025-11-07,184.89999389648438,188.32000732421875,178.91000366210938,188.14999389648438,187.70028686523438,264942300,NVDA
2025-11-10,195.11000061035156,199.94000244140625,193.7899932861328,199.0500030517578,198.57427978515625,198897100,NVDA
2025-11-11,195.16000366210938,195.4199981689453,191.3000030517578,193.16000366210938,192.69833374023438,176483300,NVDA
2025-11-12,195.72000122070312,195.88999938964844,191.1300048828125,193.8000030517578,193.33680725097656,154935300,NVDA
2025-11-13,191.0500030517578,191.44000244140625,183.85000610351562,186.86000061035156,186.41339111328125,207423100,NVDA
2025-11-14,182.86000061035156,191.00999450683594,180.5800018310547,190.1699981689453,189.71546936035156,186591900,NVDA
2025-11-17,185.97000122070312,189.0,184.32000732421875,186.60000610351562,186.15402221679688,173628900,NVDA
2025-11-18,183.3800048828125,184.8000030517578,179.64999389648438,181.36000061035156,180.926513671875,213598900,NVDA
2025-11-19,184.7899932861328,187.86000061035156,182.8300018310547,186.52000427246094,186.07418823242188,247246400,NVDA
2025-11-20,195.9499969482422,196.0,179.85000610351562,180.63999938964844,180.208251953125,343504800,NVDA
2025-11-21,181.24000549316406,184.55999755859375,172.92999267578125,178.8800048828125,178.45245361328125,346926200,NVDA
2025-11-24,179.49000549316406,183.5,176.47999572753906,182.5500030517578,182.1136932373047,256618300,NVDA
2025-11-25,174.91000366210938,178.16000366210938,169.5500030517578,177.82000732421875,177.39500427246094,320600300,NVDA
2025-11-26,181.6300048828125,182.91000366210938,178.24000549316406,180.25999450683594,179.8291473388672,183852000,NVDA
2025-11-28,179.00999450683594,179.2899932861328,176.5,177.0,176.57696533203125,121332800,NVDA
2025-12-01,174.75999450683594,180.3000030517578,173.67999267578125,179.9199981689453,179.48997497558594,188131000,NVDA
2025-12-02,181.75999450683594,185.66000366210938,180.0,181.4600067138672,181.02630615234375,182632200,NVDA
2025-12-03,181.0800018310547,182.4499969482422,179.11000061035156,179.58999633789062,179.1607666015625,165138000,NVDA
2025-12-04,181.6199951171875,184.52000427246094,179.9600067138672,183.3800048828125,182.95188903808594,167364900,NVDA
2025-12-05,183.88999938964844,184.66000366210938,180.91000366210938,182.41000366210938,181.98416137695312,143971100,NVDA
2025-12-08,182.63999938964844,188.0,182.39999389648438,185.5500030517578,185.1168212890625,204378100,NVDA
2025-12-09,185.55999755859375,185.72000122070312,183.32000732421875,184.97000122070312,184.53819274902344,144719700,NVDA
2025-12-10,184.97000122070312,185.47999572753906,182.0399932861328,183.77999877929688,183.3509521484375,162785400,NVDA
2025-12-11,180.27999877929688,181.32000732421875,176.6199951171875,180.92999267578125,180.50759887695312,182136600,NVDA
2025-12-12,181.11000061035156,182.82000732421875,174.6199951171875,175.02000427246094,174.61141967773438,204274900,NVDA
2025-12-15,177.94000244140625,178.4199981689453,175.02999877929688,176.2899932861328,175.87843322753906,164775600,NVDA
2025-12-16,176.25999450683594,178.49000549316406,174.89999389648438,177.72000122070312,177.3050994873047,148588100,NVDA
2025-12-17,176.10000610351562,176.1300048828125,170.30999755859375,170.94000244140625,170.5409393310547,222775500,NVDA
2025-12-18,174.52999877929688,176.14999389648438,171.82000732421875,174.13999938964844,173.73345947265625,176096000,NVDA
2025-12-19,176.6699981689453,181.4499969482422,176.33999633789062,180.99000549316406,180.56747436523438,324925900,NVDA
2025-12-22,183.9199981689453,184.16000366210938,182.35000610351562,183.69000244140625,183.26116943359375,129064400,NVDA
2025-12-23,182.97000122070312,189.3300018310547,182.89999389648438,189.2100067138672,188.76829528808594,174873600,NVDA
2025-12-24,187.94000244140625,188.91000366210938,186.58999633789062,188.61000061035156,188.169677734375,65528500,NVDA
2025-12-26,189.9199981689453,192.69000244140625,188.0,190.52999877929688,190.085205078125,139740300,NVDA
2025-12-29,187.7100067138672,188.75999450683594,185.91000366210938,188.22000122070312,187.7805938720703,120006100,NVDA
2025-12-30,188.24000549316406,188.99000549316406,186.92999267578125,187.5399932861328,187.10218811035156,97687300,NVDA
2025-12-31,189.57000732421875,190.55999755859375,186.49000549316406,186.5,186.06460571289062,120100500,NVDA
2026-01-02,189.83999633789062,192.92999267578125,188.25999450683594,188.85000610351562,188.4091339111328,148240500,NVDA
2026-01-05,191.75999450683594,193.6300048828125,186.14999389648438,188.1199951171875,187.6808319091797,183529700,NVDA
2026-01-06,190.52000427246094,192.1699981689453,186.82000732421875,187.24000549316406,186.8029022216797,176862600,NVDA
2026-01-07,188.57000732421875,191.3699951171875,186.55999755859375,189.11000061035156,188.66851806640625,153543200,NVDA
2026-01-08,189.11000061035156,189.5500030517578,183.7100067138672,185.0399932861328,184.60800170898438,172457000,NVDA
2026-01-09,185.0800018310547,186.33999633789062,183.6699981689453,184.86000061035156,184.42843627929688,131327500,NVDA
2026-01-12,183.22000122070312,187.1199951171875,183.02000427246094,184.94000244140625,184.5082550048828,137968500,NVDA
2026-01-13,185.0,188.11000061035156,183.39999389648438,185.80999755859375,185.376220703125,160128900,NVDA
2026-01-14,184.32000732421875,184.4600067138672,180.8000030517578,183.13999938964844,182.7124481201172,159586100,NVDA
2026-01-15,186.5,189.6999969482422,186.3300018310547,187.0500030517578,186.6133270263672,206188600,NVDA
2026-01-16,189.0800018310547,190.44000244140625,186.0800018310547,186.22999572753906,185.7952423095703,187967200,NVDA
2026-01-20,181.89999389648438,182.3800048828125,177.61000061035156,178.07000732421875,177.65428161621094,223345300,NVDA
2026-01-21,179.0500030517578,185.3800048828125,178.39999389648438,183.32000732421875,182.8920440673828,200381000,NVDA
2026-01-22,184.75,186.1699981689453,183.92999267578125,184.83999633789062,184.40847778320312,139636600,NVDA
2026-01-23,187.5,189.60000610351562,186.82000732421875,187.6699981689453,187.23187255859375,142748100,NVDA
2026-01-26,187.16000366210938,189.1199951171875,185.99000549316406,186.47000122070312,186.03466796875,124799600,NVDA
2026-01-27,187.24000549316406,190.0,185.6999969482422,188.52000427246094,188.07989501953125,143711600,NVDA
2026-01-28,191.27000427246094,192.35000610351562,189.83999633789062,191.52000427246094,191.0728759765625,148552700,NVDA
2026-01-29,191.33999633789062,193.47999572753906,186.05999755859375,192.50999450683594,192.06057739257812,171764400,NVDA
2026-01-30,191.2100067138672,194.49000549316406,189.47000122070312,191.1300048828125,190.68380737304688,179489500,NVDA
2026-02-02,187.1999969482422,190.3000030517578,184.8800048828125,185.61000061035156,185.1766815185547,165794100,NVDA
2026-02-03,186.24000549316406,186.27000427246094,176.22999572753906,180.33999633789062,179.91897583007812,204019600,NVDA
2026-02-04,179.4600067138672,179.5800018310547,171.91000366210938,174.19000244140625,173.78335571289062,207014100,NVDA
2026-02-05,174.92999267578125,176.82000732421875,171.02999877929688,171.8800048828125,171.47874450683594,206312900,NVDA
2026-02-06,176.69000244140625,187.0,174.60000610351562,185.41000366210938,184.97715759277344,231346200,NVDA
2026-02-09,184.25999450683594,193.66000366210938,183.9499969482422,190.0399932861328,189.59634399414062,196387400,NVDA
2026-02-10,191.3800048828125,192.47999572753906,188.1199951171875,188.5399932861328,188.09983825683594,136764800,NVDA
2026-02-11,192.4499969482422,193.25999450683594,188.77000427246094,190.0500030517578,189.60633850097656,144192700,NVDA
2026-02-12,193.02999877929688,193.61000061035156,186.50999450683594,186.94000244140625,186.50360107421875,189932500,NVDA
2026-02-13,187.47999572753906,187.5,181.58999633789062,182.80999755859375,182.38320922851562,161888000,NVDA
2026-02-17,181.75,187.14999389648438,179.17999267578125,184.97000122070312,184.53819274902344,162276900,NVDA
2026-02-18,188.75,190.3699951171875,186.75999450683594,187.97999572753906,187.5411376953125,164749100,NVDA
2026-02-19,187.05999755859375,188.42999267578125,185.66000366210938,187.89999389648438,187.46131896972656,126554500,NVDA
2026-02-20,186.57000732421875,190.3300018310547,185.94000244140625,189.82000732421875,189.37686157226562,178422300,NVDA
2026-02-23,191.39999389648438,193.9499969482422,189.5800018310547,191.5500030517578,191.10281372070312,171584800,NVDA
2026-02-24,191.49000549316406,193.77000427246094,187.39999389648438,192.85000610351562,192.39979553222656,175123600,NVDA
2026-02-25,194.4499969482422,197.6300048828125,193.7899932861328,195.55999755859375,195.10345458984375,250637100,NVDA
2026-02-26,194.27000427246094,194.2899932861328,184.32000732421875,184.88999938964844,184.4583740234375,360807900,NVDA
2026-02-27,181.25,182.58999633789062,176.3800048828125,177.19000244140625,176.77633666992188,311636500,NVDA
2026-03-02,175.00999450683594,183.4600067138672,174.63999938964844,182.47999572753906,182.05397033691406,209095300,NVDA
2026-03-03,178.49000549316406,180.89999389648438,176.9199981689453,180.0500030517578,179.62966918945312,178099400,NVDA
2026-03-04,180.44000244140625,184.6999969482422,180.05999755859375,183.0399932861328,182.61268615722656,177731200,NVDA
2026-03-05,181.1699981689453,184.05999755859375,177.8800048828125,183.33999633789062,182.91197204589844,198779700,NVDA
2026-03-06,179.83999633789062,182.75999450683594,176.82000732421875,177.82000732421875,177.40487670898438,189021900,NVDA
2026-03-09,176.8300018310547,182.91000366210938,175.55999755859375,182.64999389648438,182.2235870361328,177213600,NVDA
2026-03-10,182.39999389648438,186.44000244140625,182.00999450683594,184.77000427246094,184.33865356445312,179118500,NVDA
2026-03-11,185.91000366210938,187.6199951171875,184.4499969482422,186.02999877929688,185.60574340820312,145280400,NVDA
2026-03-12,184.0500030517578,184.94000244140625,181.75,183.13999938964844,182.7223358154297,155762700,NVDA
2026-03-13,184.9199981689453,186.08999633789062,179.94000244140625,180.25,179.8389434814453,160988400,NVDA
2026-03-16,182.97000122070312,188.8800048828125,181.41000366210938,183.22000122070312,182.80215454101562,217307400,NVDA
2026-03-17,185.05999755859375,185.39999389648438,181.67999267578125,181.92999267578125,181.51510620117188,182497800,NVDA
2026-03-18,182.47999572753906,183.3800048828125,180.3300018310547,180.39999389648438,179.98858642578125,156683100,NVDA
2026-03-19,178.00999450683594,179.97999572753906,175.7899932861328,178.55999755859375,178.15277099609375,170968500,NVDA
2026-03-20,178.0,178.25999450683594,171.72000122070312,172.6999969482422,172.30615234375,241323500,NVDA
2026-03-23,177.25999450683594,178.3699951171875,174.75999450683594,175.63999938964844,175.23944091796875,182836300,NVDA
2026-03-24,174.8300018310547,176.22000122070312,173.97999572753906,175.1999969482422,174.80044555664062,147667800,NVDA
2026-03-25,177.10000610351562,181.22000122070312,176.85000610351562,178.67999267578125,178.2725067138672,162602100,NVDA
2026-03-26,176.07000732421875,176.50999450683594,171.13999938964844,171.24000549316406,170.8494873046875,186152200,NVDA
2026-03-27,170.0,170.97000122070312,167.00999450683594,167.52000427246094,167.13796997070312,196212700,NVDA
2026-03-30,168.77999877929688,169.4499969482422,164.27000427246094,165.1699981689453,164.79331970214844,185627000,NVDA
2026-03-31,166.97000122070312,174.6199951171875,166.9600067138672,174.39999389648438,174.00225830078125,226181300,NVDA
2026-04-01,176.0,177.3699951171875,174.75,175.75,175.34918212890625,168132000,NVDA
2026-04-02,172.17999267578125,177.49000549316406,171.3699951171875,177.38999938964844,176.98545837402344,143143200,NVDA
2026-04-06,177.16000366210938,177.7899932861328,175.75999450683594,177.63999938964844,177.23487854003906,107564300,NVDA
2026-04-07,175.72999572753906,178.22999572753906,173.66000366210938,178.10000610351562,177.69383239746094,132534900,NVDA
2026-04-08,184.5,185.25999450683594,180.3000030517578,182.0800018310547,181.66476440429688,147732700,NVDA
2026-04-09,181.83999633789062,184.0800018310547,180.6199951171875,183.91000366210938,183.4906005859375,116428500,NVDA
2026-04-10,184.30999755859375,190.0,184.3000030517578,188.6300048828125,188.1998291015625,160459500,NVDA
2026-04-13,186.02999877929688,189.66000366210938,185.74000549316406,189.30999755859375,188.87826538085938,133648200,NVDA
2026-04-14,190.83999633789062,196.50999450683594,190.77000427246094,196.50999450683594,196.0618438720703,161307000,NVDA
2026-04-15,196.5399932861328,200.39999389648438,195.74000549316406,198.8699951171875,198.41647338867188,185338400,NVDA
2026-04-16,197.42999267578125,199.85000610351562,195.80999755859375,198.35000610351562,197.8976593017578,134012900,NVDA
2026-04-17,199.89999389648438,201.6999969482422,199.27000427246094,201.67999267578125,201.2200469970703,160324400,NVDA
2026-04-20,199.97999572753906,202.1699981689453,197.83999633789062,202.05999755859375,201.59918212890625,119381400,NVDA
2026-04-21,202.1300048828125,202.75,199.0,199.8800048828125,199.42417907714844,107945300,NVDA
2026-04-22,200.99000549316406,202.5,199.0,202.5,202.03819274902344,107501000,NVDA
2026-04-23,202.4600067138672,203.8300018310547,197.22000122070312,199.63999938964844,199.18470764160156,113561800,NVDA
2026-04-24,199.9600067138672,210.9499969482422,199.80999755859375,208.27000427246094,207.79502868652344,214134400,NVDA
2026-04-27,209.64999389648438,216.8300018310547,207.3800048828125,216.61000061035156,216.1160125732422,187172400,NVDA
2026-04-28,209.49000549316406,214.72999572753906,208.1999969482422,213.1699981689453,212.68385314941406,180275400,NVDA
2026-04-29,212.6999969482422,212.72000122070312,207.5800018310547,209.25,208.77279663085938,123711800,NVDA
2026-04-30,209.92999267578125,210.3000030517578,198.6999969482422,199.57000732421875,199.1148681640625,225239200,NVDA
2026-05-01,201.27999877929688,203.0,197.1199951171875,198.4499969482422,197.9974365234375,128647000,NVDA
2026-05-04,199.5,201.72999572753906,194.74000549316406,198.47999572753906,198.02734375,125368100,NVDA
2026-05-05,199.3000030517578,200.24000549316406,196.02999877929688,196.5,196.05186462402344,113406600,NVDA
2026-05-06,199.88999938964844,208.27000427246094,198.61000061035156,207.8300018310547,207.3560333251953,188362800,NVDA
2026-05-07,208.33999633789062,214.1999969482422,206.5,211.5,211.01766967773438,168307900,NVDA
2026-05-08,213.02999877929688,217.8000030517578,212.88999938964844,215.1999969482422,214.709228515625,136421400,NVDA
2026-05-11,214.0399932861328,222.3000030517578,213.88999938964844,219.44000244140625,218.93955993652344,160685800,NVDA
2026-05-12,218.5500030517578,223.75,214.9199981689453,220.77999877929688,220.27650451660156,159176600,NVDA
2026-05-13,224.92999267578125,227.83999633789062,221.57000732421875,225.8300018310547,225.3149871826172,150405400,NVDA
2026-05-14,229.85000610351562,236.5399932861328,229.3000030517578,235.74000549316406,235.202392578125,180782900,NVDA
2026-05-15,229.75999450683594,231.5,224.24000549316406,225.32000732421875,224.80615234375,180977600,NVDA
2026-05-18,229.8699951171875,230.0,218.3699951171875,222.32000732421875,221.81300354003906,146280900,NVDA
2026-05-19,219.6199951171875,224.47999572753906,217.91000366210938,220.61000061035156,220.1068878173828,140948200,NVDA
2026-05-20,223.17999267578125,226.1300048828125,220.5,223.47000122070312,222.9603729248047,184201600,NVDA
2026-05-21,222.2899932861328,227.39999389648438,217.92999267578125,219.50999450683594,219.0093994140625,203381800,NVDA
2026-05-22,220.89999389648438,221.00999450683594,214.8000030517578,215.3300018310547,214.83892822265625,169275700,NVDA
2026-05-26,216.5399932861328,218.17999267578125,212.0,214.86000061035156,214.37001037597656,187202600,NVDA
2026-05-27,214.1199951171875,214.14999389648438,208.77999877929688,212.60000610351562,212.1151580810547,167601200,NVDA
2026-05-28,211.27999877929688,215.52000427246094,211.22000122070312,214.25,213.7613983154297,143996000,NVDA
2026-05-29,214.5800018310547,217.86000061035156,211.1300048828125,211.13999938964844,210.6584930419922,289410600,NVDA
2026-06-01,215.72999572753906,224.8699951171875,215.6999969482422,224.36000061035156,223.8483428955078,212850700,NVDA
2026-06-02,227.17999267578125,232.27999877929688,221.35000610351562,222.82000732421875,222.3118438720703,193362900,NVDA
2026-06-03,221.72000122070312,222.82000732421875,214.50999450683594,214.75,214.26025390625,160907000,NVDA
2026-06-04,213.91000366210938,221.60000610351562,210.97000122070312,218.66000366210938,218.4156036376953,169022200,NVDA
2026-06-05,214.52999877929688,214.8699951171875,204.3300018310547,205.10000610351562,204.87075805664062,219655500,NVDA
2026-06-08,210.17999267578125,210.47000122070312,206.0,208.63999938964844,208.40679931640625,138372800,NVDA
2026-06-09,210.6199951171875,211.39999389648438,199.33999633789062,208.19000244140625,207.95730590820312,180962500,NVDA
2026-06-10,204.42999267578125,207.22000122070312,199.9199981689453,200.4199981689453,200.19598388671875,161746600,NVDA
2026-06-11,201.49000549316406,205.66000366210938,199.5399932861328,204.8699951171875,204.64100646972656,158643200,NVDA
2026-06-12,204.86000061035156,207.07000732421875,203.44000244140625,205.19000244140625,204.96066284179688,112001800,NVDA
2026-06-15,208.9199981689453,212.7100067138672,208.33999633789062,212.4499969482422,212.21253967285156,149936700,NVDA
2026-06-16,211.17999267578125,211.49000549316406,207.2899932861328,207.41000366210938,207.1781768798828,125694100,NVDA
2026-06-17,208.52999877929688,209.2100067138672,203.0800018310547,204.64999389648438,204.42124938964844,128363500,NVDA
2026-06-18,207.3300018310547,211.38999938964844,206.5,210.69000244140625,210.4545135498047,241272000,NVDA
2026-06-22,211.44000244140625,213.99000549316406,207.72000122070312,208.64999389648438,208.41677856445312,122041400,NVDA
2026-06-23,202.1699981689453,203.77000427246094,200.0,200.0399932861328,199.81640625,153496200,NVDA
2026-06-24,200.1199951171875,201.6699981689453,196.5800018310547,199.0,198.77757263183594,151810700,NVDA
2026-06-25,200.0800018310547,200.8000030517578,192.1300048828125,195.74000549316406,195.52122497558594,149550000,NVDA
2026-06-26,193.1199951171875,195.5500030517578,191.22000122070312,192.52999877929688,192.31480407714844,179304100,NVDA
2026-06-29,193.85000610351562,196.17999267578125,189.8000030517578,194.97000122070312,194.7520751953125,148835700,NVDA
2026-06-30,197.24000549316406,200.6300048828125,195.11000061035156,200.08999633789062,199.86634826660156,166476700,NVDA
2026-07-01,196.1999969482422,199.85000610351562,193.4499969482422,197.5800018310547,197.35916137695312,146147600,NVDA
2026-07-02,197.13999938964844,200.05999755859375,192.35000610351562,194.8300018310547,194.61224365234375,142068700,NVDA
2026-07-06,194.4199981689453,197.5500030517578,193.99000549316406,195.5500030517578,195.33143615722656,108999000,NVDA
2026-07-07,192.3699951171875,198.41000366210938,191.13999938964844,196.92999267578125,196.7098846435547,124154600,NVDA
2026-07-08,195.17999267578125,205.16000366210938,195.05999755859375,204.1199951171875,203.891845703125,147419100,NVDA
2026-07-09,204.4600067138672,204.58999633789062,198.9600067138672,202.77999877929688,202.5533447265625,132037400,NVDA
2026-07-10,202.0,211.0,201.9199981689453,210.9600067138672,210.72421264648438,148421000,NVDA
2026-07-13,208.5399932861328,210.57000732421875,203.0,203.52999877929688,203.30250549316406,121411000,NVDA
2026-07-14,208.1999969482422,212.5500030517578,203.8000030517578,211.8000030517578,211.5632781982422,124379600,NVDA
2026-07-15,211.9600067138672,213.80999755859375,206.0399932861328,212.5,212.26248168945312,124797200,NVDA
2026-07-16,210.1699981689453,211.0800018310547,205.85000610351562,207.39999389648438,207.16818237304688,122986100,NVDA
2026-07-17,202.63999938964844,206.64999389648438,197.97000122070312,202.80999755859375,202.58331298828125,144281900,NVDA
2026-07-20,205.8699951171875,207.74000549316406,202.27999877929688,203.27999877929688,203.05279541015625,88701500,NVDA
2026-07-21,207.5399932861328,208.64999389648438,204.00999450683594,207.2899932861328,207.0583038330078,108685600,NVDA
2026-07-22,205.80999755859375,214.38999938964844,204.9499969482422,212.05999755859375,211.82298278808594,137645600,NVDA
2026-07-23,209.4600067138672,210.8699951171875,205.9600067138672,208.75999450683594,208.5266571044922,110505300,NVDA
2026-07-24,207.4499969482422,211.91000366210938,204.80999755859375,206.83999633789062,206.6088104248047,114836800,NVDA
2026-07-27,208.1999969482422,208.75,195.44000244140625,196.50999450683594,196.2903594970703,154353700,NVDA
2026-07-28,195.0,198.6999969482422,192.74000549316406,197.00999450683594,196.789794921875,134111500,NVDA
2026-07-29,195.85000610351562,197.07000732421875,190.00999450683594,190.00999450683594,189.79762268066406,147680800,NVDA
2026-07-30,193.4499969482422,197.25,191.52000427246094,195.0399932861328,194.82199096679688,129010200,NVDA
2026-07-31,198.44000244140625,202.0,194.9499969482422,200.75,200.52561950683594,139961200,NVDA
2026-08-03,197.69000244140625,208.74000549316406,196.85000610351562,206.63999938964844,206.40904235839844,128406900,NVDA
2026-08-04,211.3000030517578,213.05999755859375,209.0500030517578,211.94000244140625,211.70310974121094,134922000,NVDA
2026-08-05,216.86000061035156,222.22000122070312,216.39999389648438,219.22000122070312,218.9749755859375,158187400,NVDA
2026-08-06,221.52999877929688,223.6300048828125,217.0,218.99000549316406,218.7452392578125,113940600,NVDA
2026-08-07,221.5399932861328,224.75999450683594,220.66000366210938,223.9600067138672,223.70968627929688,105669400,NVDA
2026-08-10,223.39999389648438,224.13999938964844,216.77000427246094,217.5500030517578,217.3068389892578,115846600,NVDA
2026-08-11,222.1699981689453,222.1999969482422,216.1999969482422,217.5,217.25689697265625,101273100,NVDA
2026-08-12,221.0399932861328,225.10000610351562,220.1999969482422,224.08999633789062,223.8395233154297,108783600,NVDA
2026-08-13,225.05999755859375,227.22999572753906,223.7100067138672,225.3000030517578,225.04818725585938,98867200,NVDA
2026-08-14,226.77000427246094,227.49000549316406,224.5,225.16000366210938,224.90834045410156,75680900,NVDA
2026-08-17,225.97999572753906,227.9199981689453,224.86000061035156,225.00999450683594,224.7584991455078,93678700,NVDA
2026-08-18,220.4499969482422,221.63999938964844,218.69000244140625,219.74000549316406,219.49440002441406,103128200,NVDA
2026-08-19,221.6699981689453,222.8699951171875,216.75999450683594,217.55999755859375,217.31683349609375,96797300,NVDA
2026-08-20,218.36000061035156,219.86000061035156,215.66000366210938,216.85000610351562,216.60763549804688,92457000,NVDA
2026-08-21,218.4199981689453,218.74000549316406,214.5,214.72000122070312,214.48001098632812,98869300,NVDA
2026-08-24,215.52999877929688,215.58999633789062,207.25,208.47999572753906,208.24697875976562,135187300,NVDA
2026-08-25,211.02999877929688,214.72999572753906,210.11000061035156,213.0500030517578,212.81187438964844,122309000,NVDA
2026-08-26,212.63999938964844,213.60000610351562,209.22999572753906,209.66000366210938,209.4256591796875,179900000,NVDA
2026-08-27,222.86000061035156,230.47000122070312,220.89999389648438,227.97999572753906,227.7251739501953,298909800,NVDA
2026-08-28,227.36000061035156,229.25999450683594,216.80999755859375,217.5500030517578,217.3068389892578,195116400,NVDA
2026-08-31,218.8699951171875,221.3000030517578,216.2100067138672,220.77999877929688,220.53323364257812,124702700,NVDA
2026-09-01,216.75,220.41000366210938,215.10000610351562,217.44000244140625,217.1969757080078,109756200,NVDA
2026-09-02,218.7899932861328,227.9499969482422,218.47999572753906,224.41000366210938,224.1591796875,157104700,NVDA
2026-09-03,226.02000427246094,230.39999389648438,224.75,228.4499969482422,228.1946563720703,134681600,NVDA
2026-09-04,231.08999633789062,234.75999450683594,229.6300048828125,230.36000061035156,230.10252380371094,135352400,NVDA
2026-09-08,233.11000061035156,233.7100067138672,224.85000610351562,225.72999572753906,225.47769165039062,122965600,NVDA
2026-09-09,225.27999877929688,226.17999267578125,223.4600067138672,223.6699981689453,223.4199981689453,82955500,NVDA
2026-09-10,220.52999877929688,220.99000549316406,217.1999969482422,218.36000061035156,218.36000061035156,105768000,NVDA
2026-09-11,221.24000549316406,222.0,218.14999389648438,218.2899932861328,218.2899932861328,89060100,NVDA
2026-09-14,211.24000549316406,212.77000427246094,208.92999267578125,210.9600067138672,210.9600067138672,132267200,NVDA
2026-09-15,213.3800048828125,213.94000244140625,211.16000366210938,212.1699981689453,212.1699981689453,88059700,NVDA
2026-09-16,214.13999938964844,216.75999450683594,212.5,213.89999389648438,213.89999389648438,96563600,NVDA
2026-09-17,218.3800048828125,219.91000366210938,217.14999389648438,219.33999633789062,219.33999633789062,94191300,NVDA
2026-09-18,219.35000610351562,222.72999572753906,218.02999877929688,222.27000427246094,222.27000427246094,190287400,NVDA
2026-09-21,222.94000244140625,228.5,221.55999755859375,227.3800048828125,227.3800048828125,109806100,NVDA
2026-09-22,226.85000610351562,229.97999572753906,226.5,228.8699951171875,228.8699951171875,95746700,NVDA
2026-09-23,228.02999877929688,228.9499969482422,224.02000427246094,225.50999450683594,225.50999450683594,89547300,NVDA
2026-09-24,222.0800018310547,224.94000244140625,221.08999633789062,224.5800018310547,224.5800018310547,77469900,NVDA
2026-09-25,225.1300048828125,226.94000244140625,223.1300048828125,225.07000732421875,225.07000732421875,89947700,NVDA
2026-09-28,229.75,233.2100067138672,228.0399932861328,228.86000061035156,228.86000061035156,142344300,NVDA
2026-09-29,230.97000122070312,232.82000732421875,227.02999877929688,227.2100067138672,227.2100067138672,101494900,NVDA
2026-09-30,229.27000427246094,232.3699951171875,228.1699981689453,228.3800048828125,228.3800048828125,121732200,NVDA
2026-10-01,229.97999572753906,232.2899932861328,228.16000366210938,230.86000061035156,230.86000061035156,98591400,NVDA
2026-10-02,236.05999755859375,237.8800048828125,233.60000610351562,233.9499969482422,233.9499969482422,135167800,NVDA
2026-10-05,236.08999633789062,240.10000610351562,235.14999389648438,238.89999389648438,238.89999389648438,127171500,NVDA
2026-10-06,242.10000610351562,243.3699951171875,238.92999267578125,239.24000549316406,239.24000549316406,101701900,NVDA
2026-10-07,237.69000244140625,239.0800018310547,236.3800048828125,237.47000122070312,237.47000122070312,81772400,NVDA
2026-10-08,234.9199981689453,237.07000732421875,229.85000610351562,230.47999572753906,230.47999572753906,118697400,NVDA
2026-10-09,233.83999633789062,233.9199981689453,229.11000061035156,229.27999877929688,229.27999877929688,84470000,NVDA
2021-10-11,163.75,164.62950134277344,161.90499877929688,162.31500244140625,162.31500244140625,40684000,AMZN
2021-10-12,162.85000610351562,163.37649536132812,161.81399536132812,162.3665008544922,162.3665008544922,36392000,AMZN
2021-10-13,163.48550415039062,164.41900634765625,163.05450439453125,164.21400451660156,164.21400451660156,48402000,AMZN
2021-10-14,165.12249755859375,165.6300048828125,164.53900146484375,164.9929962158203,164.9929962158203,42190000,AMZN
2021-10-15,165.5709991455078,170.52099609375,165.1999969482422,170.4510040283203,170.4510040283203,103598000,AMZN
2021-10-18,169.41799926757812,172.45849609375,169.2550048828125,172.33700561523438,172.33700561523438,63482000,AMZN
2021-10-19,171.71449279785156,172.7344970703125,171.10000610351562,172.20750427246094,172.20750427246094,47722000,AMZN
2021-10-20,172.63299560546875,173.14300537109375,170.01849365234375,170.7530059814453,170.7530059814453,42796000,AMZN
2021-10-21,170.71249389648438,172.01400756835938,170.14999389648438,171.75050354003906,171.75050354003906,37628000,AMZN
2021-10-22,171.0500030517578,171.49200439453125,166.56500244140625,166.77749633789062,166.77749633789062,62782000,AMZN
2021-10-25,166.75,167.38999938964844,164.88499450683594,166.01849365234375,166.01849365234375,44520000,AMZN
2021-10-26,167.47549438476562,170.80599975585938,167.19900512695312,168.80349731445312,168.80349731445312,53966000,AMZN
2021-10-27,169.39999389648438,171.85000610351562,168.57249450683594,169.62449645996094,169.62449645996094,54044000,AMZN
2021-10-28,170.10499572753906,173.9499969482422,169.3000030517578,172.32850646972656,172.32850646972656,114174000,AMZN
2021-10-29,165.00100708007812,168.74099731445312,163.66600036621094,168.6215057373047,168.6215057373047,129722000,AMZN
2021-11-01,168.08999633789062,168.79299926757812,164.6009979248047,165.90550231933594,165.90550231933594,72178000,AMZN
2021-11-02,165.75050354003906,166.55599975585938,164.17750549316406,165.6374969482422,165.6374969482422,52552000,AMZN
2021-11-03,165.4499969482422,169.74600219726562,164.87600708007812,169.1999969482422,169.1999969482422,67944000,AMZN
2021-11-04,168.5,174.93150329589844,168.25,173.85000610351562,173.85000610351562,107060000,AMZN
2021-11-05,173.85000610351562,178.3125,173.8489990234375,175.94949340820312,175.94949340820312,99940000,AMZN
2021-11-08,176.16200256347656,178.9499969482422,174.39300537109375,174.44900512695312,174.44900512695312,61480000,AMZN
2021-11-09,175.7624969482422,179.68850708007812,175.07150268554688,178.81149291992188,178.81149291992188,85898000,AMZN
2021-11-10,178.19349670410156,180.2725067138672,173.1544952392578,174.1024932861328,174.1024932861328,80548000,AMZN
2021-11-11,175.64999389648438,177.16200256347656,173.37350463867188,173.625,173.625,45288000,AMZN
2021-11-12,174.25,177.0364990234375,172.3524932861328,176.25750732421875,176.25750732421875,53788000,AMZN
2021-11-15,176.85000610351562,179.69400024414062,176.29049682617188,177.28399658203125,177.28399658203125,58594000,AMZN
2021-11-16,176.9499969482422,178.8249969482422,176.25750732421875,177.03500366210938,177.03500366210938,44342000,AMZN
2021-11-17,178.23599243164062,179.3625030517578,177.2675018310547,177.4499969482422,177.4499969482422,51206000,AMZN
2021-11-18,178.3175048828125,185.2100067138672,178.0500030517578,184.80299377441406,184.80299377441406,114070000,AMZN
2021-11-19,185.63450622558594,188.1074981689453,183.78599548339844,183.82850646972656,183.82850646972656,98734000,AMZN
2021-11-22,183.81900024414062,185.67300415039062,178.375,178.6284942626953,178.6284942626953,96844000,AMZN
2021-11-23,179.2519989013672,181.05250549316406,176.385498046875,179.0019989013672,179.0019989013672,73804000,AMZN
2021-11-24,178.1334991455078,180.6820068359375,176.84249877929688,179.02049255371094,179.02049255371094,46560000,AMZN
2021-11-26,180.10499572753906,181.6750030517578,175.20750427246094,175.22799682617188,175.22799682617188,59826000,AMZN
2021-11-29,177.3820037841797,179.8000030517578,176.5749969482422,178.07850646972656,178.07850646972656,65312000,AMZN
2021-11-30,178.1750030517578,179.2884979248047,174.60049438476562,175.35350036621094,175.35350036621094,80022000,AMZN
2021-12-01,177.25,177.99400329589844,172.0800018310547,172.18600463867188,172.18600463867188,74916000,AMZN
2021-12-02,173.0,174.63499450683594,171.1875,171.8679962158203,171.8679962158203,64726000,AMZN
2021-12-03,172.75,173.49349975585938,166.92999267578125,169.489501953125,169.489501953125,80712000,AMZN
2021-12-06,169.64999389648438,173.69549560546875,166.9344940185547,171.36849975585938,171.36849975585938,68860000,AMZN
2021-12-07,174.60000610351562,177.49949645996094,173.33450317382812,176.1645050048828,176.1645050048828,66410000,AMZN
2021-12-08,176.15049743652344,177.17999267578125,174.75050354003906,176.1580047607422,176.1580047607422,45254000,AMZN
2021-12-09,175.75,176.96949768066406,174.13949584960938,174.17100524902344,174.17100524902344,46062000,AMZN
2021-12-10,175.41700744628906,175.927001953125,170.5,172.21200561523438,172.21200561523438,60690000,AMZN
2021-12-13,172.0,172.10000610351562,169.1300048828125,169.5675048828125,169.5675048828125,62170000,AMZN
2021-12-14,167.5500030517578,169.49899291992188,166.44000244140625,169.0915069580078,169.0915069580078,55976000,AMZN
2021-12-15,168.59800720214844,173.60000610351562,165.19500732421875,173.31500244140625,173.31500244140625,75794000,AMZN
2021-12-16,173.36849975585938,174.16600036621094,168.16050720214844,168.87100219726562,168.87100219726562,60876000,AMZN
2021-12-17,167.7104949951172,170.89849853515625,165.61349487304688,170.0175018310547,170.0175018310547,85542000,AMZN
2021-12-20,166.85000610351562,167.87449645996094,165.60000610351562,167.07899475097656,167.07899475097656,57372000,AMZN
2021-12-21,167.85049438476562,170.7165069580078,165.6475067138672,170.41700744628906,170.41700744628906,55956000,AMZN
2021-12-22,169.27000427246094,172.0500030517578,168.50050354003906,171.03700256347656,171.03700256347656,55036000,AMZN
2021-12-23,170.42799377441406,171.97500610351562,170.14999389648438,171.06849670410156,171.06849670410156,36788000,AMZN
2021-12-27,171.03700256347656,172.9429931640625,169.2154998779297,169.66949462890625,169.66949462890625,58688000,AMZN
2021-12-28,170.1824951171875,172.17599487304688,169.135498046875,170.66099548339844,170.66099548339844,54638000,AMZN
2021-12-29,170.83999633789062,171.21200561523438,168.60049438476562,169.2010040283203,169.2010040283203,35754000,AMZN
2021-12-30,169.6999969482422,170.88800048828125,168.5240020751953,168.64450073242188,168.64450073242188,37584000,AMZN
2021-12-31,168.95599365234375,169.35000610351562,166.55850219726562,166.7169952392578,166.7169952392578,47830000,AMZN
2022-01-03,167.5500030517578,170.70350646972656,166.16050720214844,170.4044952392578,170.4044952392578,63520000,AMZN
2022-01-04,170.43800354003906,171.39999389648438,166.34950256347656,167.52200317382812,167.52200317382812,70726000,AMZN
2022-01-05,166.88299560546875,167.12649536132812,164.35699462890625,164.35699462890625,164.35699462890625,64302000,AMZN
2022-01-06,163.45050048828125,164.8000030517578,161.93699645996094,163.25399780273438,163.25399780273438,51958000,AMZN
2022-01-07,163.83900451660156,165.24349975585938,162.031005859375,162.5540008544922,162.5540008544922,46606000,AMZN
2022-01-10,160.5854949951172,161.6614990234375,156.30450439453125,161.48599243164062,161.48599243164062,87798000,AMZN
2022-01-11,161.5,166.35000610351562,160.70150756835938,165.36199951171875,165.36199951171875,62806000,AMZN
2022-01-12,166.5749969482422,166.8780059814453,164.41700744628906,165.20700073242188,165.20700073242188,50030000,AMZN
2022-01-13,165.25050354003906,166.22149658203125,161.09100341796875,161.21400451660156,161.21400451660156,52188000,AMZN
2022-01-14,160.14999389648438,162.25,159.80050659179688,162.13800048828125,162.13800048828125,45974000,AMZN
2022-01-18,159.10499572753906,159.7344970703125,157.6645050048828,158.91749572753906,158.91749572753906,67292000,AMZN
2022-01-19,158.76199340820312,159.25,156.25,156.2989959716797,156.2989959716797,53242000,AMZN
2022-01-20,156.76600646972656,158.0,151.3509979248047,151.66749572753906,151.66749572753906,71974000,AMZN
2022-01-21,149.9499969482422,150.89999389648438,142.07049560546875,142.64300537109375,142.64300537109375,163972000,AMZN
2022-01-24,139.0,144.94500732421875,135.3520050048828,144.54400634765625,144.54400634765625,155624000,AMZN
2022-01-25,142.24249267578125,143.60000610351562,138.14500427246094,139.98599243164062,139.98599243164062,90824000,AMZN
2022-01-26,144.75,145.18499755859375,137.31849670410156,138.87249755859375,138.87249755859375,95602000,AMZN
2022-01-27,140.8000030517578,144.24349975585938,139.35000610351562,139.6374969482422,139.6374969482422,77516000,AMZN
2022-01-28,140.86050415039062,143.9980010986328,137.92950439453125,143.97799682617188,143.97799682617188,74392000,AMZN
2022-01-31,144.75,150.36050415039062,144.30050659179688,149.57350158691406,149.57350158691406,78308000,AMZN
2022-02-01,150.0,151.70799255371094,147.62750244140625,151.19349670410156,151.19349670410156,59220000,AMZN
2022-02-02,155.05050659179688,155.0749969482422,148.86349487304688,150.6125030517578,150.6125030517578,87330000,AMZN
2022-02-03,141.7375030517578,144.24749755859375,138.33299255371094,138.8455047607422,138.8455047607422,225532000,AMZN
2022-02-04,155.60650634765625,161.1999969482422,150.60800170898438,157.63949584960938,157.63949584960938,253456000,AMZN
2022-02-07,158.52000427246094,162.6909942626953,157.25,157.9355010986328,157.9355010986328,102624000,AMZN
2022-02-08,156.75050354003906,161.79249572753906,155.55050659179688,161.4134979248047,161.4134979248047,76040000,AMZN
2022-02-09,162.87350463867188,163.83450317382812,160.25,161.1894989013672,161.1894989013672,68786000,AMZN
2022-02-10,158.35000610351562,160.7165069580078,157.75,159.0034942626953,159.0034942626953,68268000,AMZN
2022-02-11,158.13450622558594,159.0,152.73399353027344,153.2935028076172,153.2935028076172,77100000,AMZN
2022-02-14,151.75100708007812,158.44850158691406,151.64999389648438,155.16700744628906,155.16700744628906,83230000,AMZN
2022-02-15,157.60549926757812,158.0070037841797,154.6374969482422,156.510498046875,156.510498046875,56440000,AMZN
2022-02-16,155.79049682617188,158.83399963378906,154.7344970703125,158.10049438476562,158.10049438476562,52704000,AMZN
2022-02-17,158.14599609375,160.3489990234375,154.5,154.65249633789062,154.65249633789062,64032000,AMZN
2022-02-18,155.49949645996094,155.49949645996094,150.89300537109375,152.60150146484375,152.60150146484375,63604000,AMZN
2022-02-22,150.47850036621094,152.9824981689453,148.48550415039062,150.19749450683594,150.19749450683594,66128000,AMZN
2022-02-23,151.65049743652344,151.76300048828125,144.6510009765625,144.82699584960938,144.82699584960938,64244000,AMZN
2022-02-24,139.83749389648438,151.74899291992188,139.5,151.35800170898438,151.35800170898438,100786000,AMZN
2022-02-25,150.5500030517578,153.99000549316406,149.2135009765625,153.7884979248047,153.7884979248047,62396000,AMZN
2022-02-28,152.4250030517578,154.4499969482422,150.85000610351562,153.56300354003906,153.56300354003906,57684000,AMZN
2022-03-01,152.7324981689453,154.0989990234375,149.9770050048828,151.14199829101562,151.14199829101562,44874000,AMZN
2022-03-02,150.8489990234375,152.99949645996094,148.75,152.05250549316406,152.05250549316406,47334000,AMZN
2022-03-03,153.531494140625,153.9290008544922,146.8560028076172,147.89849853515625,147.89849853515625,65198000,AMZN
2022-03-04,147.15899658203125,147.85000610351562,143.8070068359375,145.64100646972656,145.64100646972656,60934000,AMZN
2022-03-07,145.44349670410156,146.09449768066406,137.41650390625,137.4530029296875,137.4530029296875,86934000,AMZN
2022-03-08,136.68350219726562,140.69949340820312,133.57249450683594,136.01449584960938,136.01449584960938,91662000,AMZN
2022-03-09,139.5,140.25,136.8280029296875,139.2790069580078,139.2790069580078,82656000,AMZN
2022-03-10,145.68499755859375,148.67449951171875,143.97799682617188,146.8175048828125,146.8175048828125,135062000,AMZN
2022-03-11,149.57449340820312,149.6750030517578,145.36900329589844,145.52450561523438,145.52450561523438,68900000,AMZN
2022-03-14,145.9810028076172,147.4499969482422,140.88400268554688,141.85299682617188,141.85299682617188,74086000,AMZN
2022-03-15,142.85000610351562,147.98500061035156,142.0,147.3665008544922,147.3665008544922,75584000,AMZN
2022-03-16,148.5,153.14999389648438,147.35350036621094,153.10400390625,153.10400390625,84958000,AMZN
2022-03-17,152.6405029296875,157.49850463867188,152.13999938964844,157.23899841308594,157.23899841308594,72934000,AMZN
2022-03-18,156.81300354003906,161.593994140625,156.01100158691406,161.25050354003906,161.25050354003906,102962000,AMZN
2022-03-21,161.12100219726562,163.08399963378906,159.55299377441406,161.4915008544922,161.4915008544922,66538000,AMZN
2022-03-22,161.8054962158203,166.16700744628906,161.69900512695312,164.88900756835938,164.88900756835938,64086000,AMZN
2022-03-23,163.7050018310547,166.3699951171875,162.68699645996094,163.4080047607422,163.4080047607422,55812000,AMZN
2022-03-24,163.74949645996094,164.11849975585938,160.0500030517578,163.64950561523438,163.64950561523438,56798000,AMZN
2022-03-25,164.0,165.36849975585938,162.25,164.77349853515625,164.77349853515625,49032000,AMZN
2022-03-28,164.97500610351562,169.03750610351562,164.89999389648438,168.99049377441406,168.99049377441406,59854000,AMZN
2022-03-29,170.38400268554688,170.8314971923828,167.86849975585938,169.31500244140625,169.31500244140625,66154000,AMZN
2022-03-30,168.50950622558594,168.95050048828125,165.5,166.30099487304688,166.30099487304688,56168000,AMZN
2022-03-31,166.44500732421875,166.4949951171875,162.95350646972656,162.99749755859375,162.99749755859375,59966000,AMZN
2022-04-01,164.14950561523438,165.82699584960938,162.3195037841797,163.55999755859375,163.55999755859375,57090000,AMZN
2022-04-04,164.125,168.39450073242188,163.20550537109375,168.34649658203125,168.34649658203125,49882000,AMZN
2022-04-05,167.7415008544922,168.11050415039062,163.26600646972656,164.05499267578125,164.05499267578125,53728000,AMZN
2022-04-06,161.65049743652344,162.1999969482422,157.25450134277344,158.75599670410156,158.75599670410156,79056000,AMZN
2022-04-07,158.39999389648438,160.07899475097656,154.51150512695312,157.7845001220703,157.7845001220703,68136000,AMZN
2022-04-08,156.75,157.36849975585938,154.2310028076172,154.4604949951172,154.4604949951172,46002000,AMZN
2022-04-11,152.71299743652344,154.13650512695312,150.5345001220703,151.1219940185547,151.1219940185547,52112000,AMZN
2022-04-12,153.6925048828125,155.0989990234375,150.38299560546875,150.78750610351562,150.78750610351562,55178000,AMZN
2022-04-13,150.01849365234375,156.02499389648438,149.60000610351562,155.54100036621094,155.54100036621094,53390000,AMZN
2022-04-14,155.38999938964844,155.89700317382812,151.4720001220703,151.7064971923828,151.7064971923828,51598000,AMZN
2022-04-18,151.52349853515625,154.0395050048828,150.25050354003906,152.78500366210938,152.78500366210938,46514000,AMZN
2022-04-19,152.0294952392578,158.6490020751953,151.55050659179688,158.11549377441406,158.11549377441406,54926000,AMZN
2022-04-20,157.6024932861328,157.6024932861328,153.60350036621094,153.9980010986328,153.9980010986328,59630000,AMZN
2022-04-21,154.71400451660156,156.73800659179688,147.58949279785156,148.29600524902344,148.29600524902344,63970000,AMZN
2022-04-22,148.25,149.61500549316406,143.69749450683594,144.35000610351562,144.35000610351562,73078000,AMZN
2022-04-25,144.0229949951172,146.22149658203125,142.30650329589844,146.07400512695312,146.07400512695312,61874000,AMZN
2022-04-26,144.8000030517578,144.8560028076172,138.92950439453125,139.39100646972656,139.39100646972656,77530000,AMZN
2022-04-27,140.19149780273438,141.94850158691406,135.7834930419922,138.16700744628906,138.16700744628906,71336000,AMZN
2022-04-28,142.17799377441406,145.9375,140.3000030517578,144.59649658203125,144.59649658203125,117316000,AMZN
2022-04-29,129.8489990234375,130.76100158691406,121.625,124.28150177001953,124.28150177001953,272662000,AMZN
2022-05-02,122.4010009765625,124.66799926757812,118.375,124.5,124.5,148788000,AMZN
2022-05-03,124.05349731445312,126.22049713134766,122.82499694824219,124.25350189208984,124.25350189208984,79134000,AMZN
2022-05-04,123.5999984741211,126.0,119.18299865722656,125.92849731445312,125.92849731445312,110746000,AMZN
2022-05-05,123.0,123.4990005493164,115.07250213623047,116.40699768066406,116.40699768066406,144392000,AMZN
2022-05-06,114.8499984741211,119.05049896240234,113.08149719238281,114.77249908447266,114.77249908447266,124260000,AMZN
2022-05-09,111.3125,114.0,107.95700073242188,108.78900146484375,108.78900146484375,128124000,AMZN
2022-05-10,111.25,112.64250183105469,107.1709976196289,108.85900115966797,108.85900115966797,105434000,AMZN
2022-05-11,108.10350036621094,110.15599822998047,104.42849731445312,105.37200164794922,105.37200164794922,109704000,AMZN
2022-05-12,102.75,110.78050231933594,102.40550231933594,106.93049621582031,106.93049621582031,132026000,AMZN
2022-05-13,109.06900024414062,113.18399810791016,107.80000305175781,113.05500030517578,113.05500030517578,93684000,AMZN
2022-05-16,113.0999984741211,113.99250030517578,110.35399627685547,110.81050109863281,110.81050109863281,74566000,AMZN
2022-05-17,113.2750015258789,115.80000305175781,111.27649688720703,115.36849975585938,115.36849975585938,76448000,AMZN
2022-05-18,111.43949890136719,112.85299682617188,106.2490005493164,107.11250305175781,107.11250305175781,108380000,AMZN
2022-05-19,106.28050231933594,110.03399658203125,106.19300079345703,107.31900024414062,107.31900024414062,88142000,AMZN
2022-05-20,109.56849670410156,109.89800262451172,105.0094985961914,107.59100341796875,107.59100341796875,99500000,AMZN
2022-05-23,108.46099853515625,108.81900024414062,103.94999694824219,107.55699920654297,107.55699920654297,107798000,AMZN
2022-05-24,104.0250015258789,105.4000015258789,101.26000213623047,104.0999984741211,104.0999984741211,102934000,AMZN
2022-05-25,103.65550231933594,108.17500305175781,103.6500015258789,106.7750015258789,106.7750015258789,93120000,AMZN
2022-05-26,107.97000122070312,112.66549682617188,107.45349884033203,111.07749938964844,111.07749938964844,93002000,AMZN
2022-05-27,113.55000305175781,115.18699645996094,112.62799835205078,115.14649963378906,115.14649963378906,93660000,AMZN
2022-05-31,116.27999877929688,121.99449920654297,115.67500305175781,120.20950317382812,120.20950317382812,144634000,AMZN
2022-06-01,122.25599670410156,125.17900085449219,120.62249755859375,121.68399810791016,121.68399810791016,127528000,AMZN
2022-06-02,121.68399810791016,125.61000061035156,120.04499816894531,125.51100158691406,125.51100158691406,100560000,AMZN
2022-06-03,124.19999694824219,124.4000015258789,121.04650115966797,122.3499984741211,122.3499984741211,97604000,AMZN
2022-06-06,125.25,128.99000549316406,123.80999755859375,124.79000091552734,124.79000091552734,135269000,AMZN
2022-06-07,122.01000213623047,124.0999984741211,120.62999725341797,123.0,123.0,85156700,AMZN
2022-06-08,122.61000061035156,123.75,120.75,121.18000030517578,121.18000030517578,64926600,AMZN
2022-06-09,119.98999786376953,121.30000305175781,116.0999984741211,116.1500015258789,116.1500015258789,67029800,AMZN
2022-06-10,113.41999816894531,114.5,109.05000305175781,109.6500015258789,109.6500015258789,87266000,AMZN
2022-06-13,104.19000244140625,106.54000091552734,101.86000061035156,103.66999816894531,103.66999816894531,99277700,AMZN
2022-06-14,104.19000244140625,104.87999725341797,101.43000030517578,102.30999755859375,102.30999755859375,69728800,AMZN
2022-06-15,103.86000061035156,109.05999755859375,103.52999877929688,107.66999816894531,107.66999816894531,85011100,AMZN
2022-06-16,104.47000122070312,104.58000183105469,102.01000213623047,103.66000366210938,103.66000366210938,82186300,AMZN
2022-06-17,102.80000305175781,106.9800033569336,102.51000213623047,106.22000122070312,106.22000122070312,99772100,AMZN
2022-06-21,108.19999694824219,111.62999725341797,103.55999755859375,108.68000030517578,108.68000030517578,70901200,AMZN
2022-06-22,107.43000030517578,112.12999725341797,107.0199966430664,108.94999694824219,108.94999694824219,60040100,AMZN
2022-06-23,110.38999938964844,113.0,107.93000030517578,112.44000244140625,112.44000244140625,64345300,AMZN
2022-06-24,112.37999725341797,116.70999908447266,111.43000030517578,116.45999908447266,116.45999908447266,69867600,AMZN
2022-06-27,117.08999633789062,117.9800033569336,112.69999694824219,113.22000122070312,113.22000122070312,62133200,AMZN
2022-06-28,113.5,114.8499984741211,107.04000091552734,107.4000015258789,107.4000015258789,74942900,AMZN
2022-06-29,107.37999725341797,110.98999786376953,106.91000366210938,108.91999816894531,108.91999816894531,66375300,AMZN
2022-06-30,108.11000061035156,108.18000030517578,102.5199966430664,106.20999908447266,106.20999908447266,97679400,AMZN
2022-07-01,106.29000091552734,109.75,105.8499984741211,109.55999755859375,109.55999755859375,73021200,AMZN
2022-07-05,107.5999984741211,114.08000183105469,106.31999969482422,113.5,113.5,76583700,AMZN
2022-07-06,113.20999908447266,115.4800033569336,112.01000213623047,114.33000183105469,114.33000183105469,66958900,AMZN
2022-07-07,113.8499984741211,116.98999786376953,113.48999786376953,116.33000183105469,116.33000183105469,57872300,AMZN
2022-07-08,114.5999984741211,116.58000183105469,113.69000244140625,115.54000091552734,115.54000091552734,45719700,AMZN
2022-07-11,114.08000183105469,114.30000305175781,110.87000274658203,111.75,111.75,53487600,AMZN
2022-07-12,112.16000366210938,113.2300033569336,108.33999633789062,109.22000122070312,109.22000122070312,54280300,AMZN
2022-07-13,107.02999877929688,111.77999877929688,106.01000213623047,110.4000015258789,110.4000015258789,61353800,AMZN
2022-07-14,110.23999786376953,111.18000030517578,107.58000183105469,110.62999725341797,110.62999725341797,51163100,AMZN
2022-07-15,112.5,115.58999633789062,111.58999633789062,113.55000305175781,113.55000305175781,84317800,AMZN
2022-07-18,115.0,117.23999786376953,113.1500015258789,113.76000213623047,113.76000213623047,59115400,AMZN
2022-07-19,115.69999694824219,118.94999694824219,114.02999877929688,118.20999908447266,118.20999908447266,60990000,AMZN
2022-07-20,118.62000274658203,123.4800033569336,118.31999969482422,122.7699966430664,122.7699966430664,71268300,AMZN
2022-07-21,123.19999694824219,124.8499984741211,121.26000213623047,124.62999725341797,124.62999725341797,60239900,AMZN
2022-07-22,125.01000213623047,125.5,121.3499984741211,122.41999816894531,122.41999816894531,51463800,AMZN
2022-07-25,122.69999694824219,123.63999938964844,120.02999877929688,121.13999938964844,121.13999938964844,50221300,AMZN
2022-07-26,115.79000091552734,118.1500015258789,114.52999877929688,114.80999755859375,114.80999755859375,67075100,AMZN
2022-07-27,117.30999755859375,121.9000015258789,117.16000366210938,120.97000122070312,120.97000122070312,61582000,AMZN
2022-07-28,121.56999969482422,122.83999633789062,118.08000183105469,122.27999877929688,122.27999877929688,82245500,AMZN
2022-07-29,134.89999389648438,137.64999389648438,132.41000366210938,134.9499969482422,134.9499969482422,148892900,AMZN
2022-08-01,134.9600067138672,138.8300018310547,133.50999450683594,135.38999938964844,135.38999938964844,76846900,AMZN
2022-08-02,134.72000122070312,137.44000244140625,134.08999633789062,134.16000366210938,134.16000366210938,61922400,AMZN
2022-08-03,136.2100067138672,140.49000549316406,136.0500030517578,139.52000427246094,139.52000427246094,71827800,AMZN
2022-08-04,140.5800018310547,143.55999755859375,139.5500030517578,142.57000732421875,142.57000732421875,70585000,AMZN
2022-08-05,140.10000610351562,142.86000061035156,139.60000610351562,140.8000030517578,140.8000030517578,50686900,AMZN
2022-08-08,142.0500030517578,144.22999572753906,138.2899932861328,139.41000366210938,139.41000366210938,52229000,AMZN
2022-08-09,138.0500030517578,138.9499969482422,136.2100067138672,137.8300018310547,137.8300018310547,40434700,AMZN
2022-08-10,142.89999389648438,144.60000610351562,141.00999450683594,142.69000244140625,142.69000244140625,54773800,AMZN
2022-08-11,143.86000061035156,144.49000549316406,139.75999450683594,140.63999938964844,140.63999938964844,44867300,AMZN
2022-08-12,142.0500030517578,143.57000732421875,140.1199951171875,143.5500030517578,143.5500030517578,47643500,AMZN
2022-08-15,142.8000030517578,143.75999450683594,141.49000549316406,143.17999267578125,143.17999267578125,39014600,AMZN
2022-08-16,143.91000366210938,146.57000732421875,142.0,144.77999877929688,144.77999877929688,59102900,AMZN
2022-08-17,142.69000244140625,143.3800048828125,140.77999877929688,142.10000610351562,142.10000610351562,48149800,AMZN
2022-08-18,141.32000732421875,142.77000427246094,140.3800048828125,142.3000030517578,142.3000030517578,37458700,AMZN
2022-08-19,140.47000122070312,141.11000061035156,137.91000366210938,138.22999572753906,138.22999572753906,47792800,AMZN
2022-08-22,135.72000122070312,136.32000732421875,132.85000610351562,133.22000122070312,133.22000122070312,50461500,AMZN
2022-08-23,133.41000366210938,134.99000549316406,132.9499969482422,133.6199951171875,133.6199951171875,36252100,AMZN
2022-08-24,132.75,135.47000122070312,132.10000610351562,133.8000030517578,133.8000030517578,38627000,AMZN
2022-08-25,135.25999450683594,137.4199981689453,134.27999877929688,137.27999877929688,137.27999877929688,37496300,AMZN
2022-08-26,136.5500030517578,137.8300018310547,130.5,130.75,130.75,53322700,AMZN
2022-08-29,129.89999389648438,131.9499969482422,128.77000427246094,129.7899932861328,129.7899932861328,48101600,AMZN
2022-08-30,131.25,132.07000732421875,126.8499984741211,128.72999572753906,128.72999572753906,49203000,AMZN
2022-08-31,129.4499969482422,130.58999633789062,126.73999786376953,126.7699966430664,126.7699966430664,53648700,AMZN
2022-09-01,126.0,128.02000427246094,123.66000366210938,127.81999969482422,127.81999969482422,56636100,AMZN
2022-09-02,129.5,131.3800048828125,126.38999938964844,127.51000213623047,127.51000213623047,57429800,AMZN
2022-09-06,127.91999816894531,128.6199951171875,124.73999786376953,126.11000061035156,126.11000061035156,43888600,AMZN
2022-09-07,126.12000274658203,129.82000732421875,125.4000015258789,129.47999572753906,129.47999572753906,47900300,AMZN
2022-09-08,127.72000122070312,130.27999877929688,127.0999984741211,129.82000732421875,129.82000732421875,43988500,AMZN
2022-09-09,130.91000366210938,133.69000244140625,130.75999450683594,133.27000427246094,133.27000427246094,49387600,AMZN
2022-09-12,134.10000610351562,136.49000549316406,134.0,136.4499969482422,136.4499969482422,53826900,AMZN
2022-09-13,131.00999450683594,131.39999389648438,126.2699966430664,126.81999969482422,126.81999969482422,72694000,AMZN
2022-09-14,127.36000061035156,128.83999633789062,126.33000183105469,128.5500030517578,128.5500030517578,45316800,AMZN
2022-09-15,127.37999725341797,130.3699951171875,125.5,126.27999877929688,126.27999877929688,52887200,AMZN
2022-09-16,122.77999877929688,123.87000274658203,120.69999694824219,123.52999877929688,123.52999877929688,115667800,AMZN
2022-09-19,122.16000366210938,124.70999908447266,121.80000305175781,124.66000366210938,124.66000366210938,47279700,AMZN
2022-09-20,123.3499984741211,124.4000015258789,121.13999938964844,122.19000244140625,122.19000244140625,47698400,AMZN
2022-09-21,122.48999786376953,123.76000213623047,118.44999694824219,118.54000091552734,118.54000091552734,58498900,AMZN
2022-09-22,117.08000183105469,118.79000091552734,116.26000213623047,117.30999755859375,117.30999755859375,55229200,AMZN
2022-09-23,116.0,116.05000305175781,112.05999755859375,113.77999877929688,113.77999877929688,65126700,AMZN
2022-09-26,113.30000305175781,117.33999633789062,113.12999725341797,115.1500015258789,115.1500015258789,62723300,AMZN
2022-09-27,117.19999694824219,118.31999969482422,113.05000305175781,114.41000366210938,114.41000366210938,60094700,AMZN
2022-09-28,114.37999725341797,118.69999694824219,113.80000305175781,118.01000213623047,118.01000213623047,55763800,AMZN
2022-09-29,115.5999984741211,116.06999969482422,113.05999755859375,114.80000305175781,114.80000305175781,58969700,AMZN
2022-09-30,114.08000183105469,116.91999816894531,112.83999633789062,113.0,113.0,59479600,AMZN
2022-10-03,113.58000183105469,116.91000366210938,112.44999694824219,115.87999725341797,115.87999725341797,50941900,AMZN
2022-10-04,119.88999938964844,123.0,119.79000091552734,121.08999633789062,121.08999633789062,62812600,AMZN
2022-10-05,118.58000183105469,121.75,117.69000244140625,120.94999694824219,120.94999694824219,48217500,AMZN
2022-10-06,120.7699966430664,121.52999877929688,119.5,120.30000305175781,120.30000305175781,42253800,AMZN
2022-10-07,118.0,118.16999816894531,113.87999725341797,114.55999755859375,114.55999755859375,54678000,AMZN
2022-10-10,115.0999984741211,116.25,112.43000030517578,113.66999816894531,113.66999816894531,42339700,AMZN
2022-10-11,112.70999908447266,115.4800033569336,110.38999938964844,112.20999908447266,112.20999908447266,56432200,AMZN
2022-10-12,112.48999786376953,113.83000183105469,111.4000015258789,112.9000015258789,112.9000015258789,45728700,AMZN
2022-10-13,107.87999725341797,113.44000244140625,105.3499984741211,112.52999877929688,112.52999877929688,86868100,AMZN
2022-10-14,114.0999984741211,114.95999908447266,106.5999984741211,106.9000015258789,106.9000015258789,67737300,AMZN
2022-10-17,110.11000061035156,114.19000244140625,110.08999633789062,113.79000091552734,113.79000091552734,62782000,AMZN
2022-10-18,119.05999755859375,119.5199966430664,114.79000091552734,116.36000061035156,116.36000061035156,65607400,AMZN
2022-10-19,114.70999908447266,116.58999633789062,113.22000122070312,115.06999969482422,115.06999969482422,47198100,AMZN
2022-10-20,113.83000183105469,118.23999786376953,113.51000213623047,115.25,115.25,48795100,AMZN
2022-10-21,114.79000091552734,119.58999633789062,114.5,119.31999969482422,119.31999969482422,55660500,AMZN
2022-10-24,119.9800033569336,120.38999938964844,116.56999969482422,119.81999969482422,119.81999969482422,49531500,AMZN
2022-10-25,119.6500015258789,121.31999969482422,118.94999694824219,120.5999984741211,120.5999984741211,50934600,AMZN
2022-10-26,116.0,119.3499984741211,114.76000213623047,115.66000366210938,115.66000366210938,68802300,AMZN
2022-10-27,113.91999816894531,114.12000274658203,109.7699966430664,110.95999908447266,110.95999908447266,129605400,AMZN
2022-10-28,97.91000366210938,103.95999908447266,97.66000366210938,103.41000366210938,103.41000366210938,223133400,AMZN
2022-10-31,103.55999755859375,104.87000274658203,100.73999786376953,102.44000244140625,102.44000244140625,99251400,AMZN
2022-11-01,103.98999786376953,104.58000183105469,96.05999755859375,96.79000091552734,96.79000091552734,153370000,AMZN
2022-11-02,97.31999969482422,97.73999786376953,92.01000213623047,92.12000274658203,92.12000274658203,135761800,AMZN
2022-11-03,92.47000122070312,93.5,89.0199966430664,89.30000305175781,89.30000305175781,136683300,AMZN
2022-11-04,91.48999786376953,92.44000244140625,88.04000091552734,90.9800033569336,90.9800033569336,129101300,AMZN
2022-11-07,91.94999694824219,92.0999984741211,89.04000091552734,90.52999877929688,90.52999877929688,77495700,AMZN
2022-11-08,90.79000091552734,91.72000122070312,88.2300033569336,89.9800033569336,89.9800033569336,88703400,AMZN
2022-11-09,89.47000122070312,89.4800033569336,85.87000274658203,86.13999938964844,86.13999938964844,90796200,AMZN
2022-11-10,92.94000244140625,98.69000244140625,91.6500015258789,96.62999725341797,96.62999725341797,173414900,AMZN
2022-11-11,97.87999725341797,101.19000244140625,96.66000366210938,100.79000091552734,100.79000091552734,111590500,AMZN
2022-11-14,98.7699966430664,100.12000274658203,97.29000091552734,98.48999786376953,98.48999786376953,99533100,AMZN
2022-11-15,103.20999908447266,103.79000091552734,97.33999633789062,98.94000244140625,98.94000244140625,111336300,AMZN
2022-11-16,96.8499984741211,98.48999786376953,95.54000091552734,97.12000274658203,97.12000274658203,87958800,AMZN
2022-11-17,95.37000274658203,96.97000122070312,94.02999877929688,94.8499984741211,94.8499984741211,82617900,AMZN
2022-11-18,95.94999694824219,95.98999786376953,92.4800033569336,94.13999938964844,94.13999938964844,72428200,AMZN
2022-11-21,93.97000122070312,95.0199966430664,90.58999633789062,92.45999908447266,92.45999908447266,84330300,AMZN
2022-11-22,92.62000274658203,93.3499984741211,90.87000274658203,93.19999694824219,93.19999694824219,62192000,AMZN
2022-11-23,93.23999786376953,94.58000183105469,92.83000183105469,94.12999725341797,94.12999725341797,59414700,AMZN
2022-11-25,93.79000091552734,94.43000030517578,93.06999969482422,93.41000366210938,93.41000366210938,35088600,AMZN
2022-11-28,93.93000030517578,96.4000015258789,93.43000030517578,93.94999694824219,93.94999694824219,74943100,AMZN
2022-11-29,94.04000091552734,94.41000366210938,91.44000244140625,92.41999816894531,92.41999816894531,65567300,AMZN
2022-11-30,92.47000122070312,96.54000091552734,91.52999877929688,96.54000091552734,96.54000091552734,102805800,AMZN
2022-12-01,96.98999786376953,97.2300033569336,94.91999816894531,95.5,95.5,68488000,AMZN
2022-12-02,94.4800033569336,95.36000061035156,93.77999877929688,94.12999725341797,94.12999725341797,72496400,AMZN
2022-12-05,93.05000305175781,94.05999755859375,90.81999969482422,91.01000213623047,91.01000213623047,71535500,AMZN
2022-12-06,90.5,91.04000091552734,87.9000015258789,88.25,88.25,75503600,AMZN
2022-12-07,88.33999633789062,89.88999938964844,87.4800033569336,88.45999908447266,88.45999908447266,68086900,AMZN
2022-12-08,89.23999786376953,90.86000061035156,87.87999725341797,90.3499984741211,90.3499984741211,73305900,AMZN
2022-12-09,88.9000015258789,90.30000305175781,88.62999725341797,89.08999633789062,89.08999633789062,67398500,AMZN
2022-12-12,89.20999908447266,90.58000183105469,87.87000274658203,90.55000305175781,90.55000305175781,61999800,AMZN
2022-12-13,95.2300033569336,96.25,90.5199966430664,92.48999786376953,92.48999786376953,100212000,AMZN
2022-12-14,92.5,93.45999908447266,89.87000274658203,91.58000183105469,91.58000183105469,70298000,AMZN
2022-12-15,89.88999938964844,89.97000122070312,87.47000122070312,88.44999694824219,88.44999694824219,84802900,AMZN
2022-12-16,88.2699966430664,89.3499984741211,86.7300033569336,87.86000061035156,87.86000061035156,146144100,AMZN
2022-12-19,87.51000213623047,87.62999725341797,84.51000213623047,84.91999816894531,84.91999816894531,83531500,AMZN
2022-12-20,85.33000183105469,86.61000061035156,84.33000183105469,85.19000244140625,85.19000244140625,74348300,AMZN
2022-12-21,86.18000030517578,87.2300033569336,85.20999908447266,86.7699966430664,86.7699966430664,59267200,AMZN
2022-12-22,85.5199966430664,85.68000030517578,82.25,83.79000091552734,83.79000091552734,81431300,AMZN
2022-12-23,83.25,85.77999877929688,82.93000030517578,85.25,85.25,57433700,AMZN
2022-12-27,84.97000122070312,85.3499984741211,83.0,83.04000091552734,83.04000091552734,57284000,AMZN
2022-12-28,82.80000305175781,83.4800033569336,81.69000244140625,81.81999969482422,81.81999969482422,58228600,AMZN
2022-12-29,82.87000274658203,84.55000305175781,82.55000305175781,84.18000030517578,84.18000030517578,54995900,AMZN
2022-12-30,83.12000274658203,84.05000305175781,82.47000122070312,84.0,84.0,62401200,AMZN
2023-01-03,85.45999908447266,86.95999908447266,84.20999908447266,85.81999969482422,85.81999969482422,76706000,AMZN
2023-01-04,86.55000305175781,86.9800033569336,83.36000061035156,85.13999938964844,85.13999938964844,68885100,AMZN
2023-01-05,85.33000183105469,85.41999816894531,83.06999969482422,83.12000274658203,83.12000274658203,67930800,AMZN
2023-01-06,83.02999877929688,86.4000015258789,81.43000030517578,86.08000183105469,86.08000183105469,83303400,AMZN
2023-01-09,87.45999908447266,89.4800033569336,87.08000183105469,87.36000061035156,87.36000061035156,65266100,AMZN
2023-01-10,87.56999969482422,90.19000244140625,87.29000091552734,89.87000274658203,89.87000274658203,67756600,AMZN
2023-01-11,90.93000030517578,95.26000213623047,90.93000030517578,95.08999633789062,95.08999633789062,103126200,AMZN
2023-01-12,96.93000030517578,97.19000244140625,93.5,95.2699966430664,95.2699966430664,85254800,AMZN
2023-01-13,94.18000030517578,98.37000274658203,94.12000274658203,98.12000274658203,98.12000274658203,85549400,AMZN
2023-01-17,98.68000030517578,98.88999938964844,95.7300033569336,96.05000305175781,96.05000305175781,72755000,AMZN
2023-01-18,97.25,99.31999969482422,95.37999725341797,95.45999908447266,95.45999908447266,79570400,AMZN
2023-01-19,94.73999786376953,95.44000244140625,92.86000061035156,93.68000030517578,93.68000030517578,69002700,AMZN
2023-01-20,93.86000061035156,97.3499984741211,93.19999694824219,97.25,97.25,67481500,AMZN
2023-01-23,97.55999755859375,97.77999877929688,95.86000061035156,97.5199966430664,97.5199966430664,76501100,AMZN
2023-01-24,96.93000030517578,98.08999633789062,96.0,96.31999969482422,96.31999969482422,66929500,AMZN
2023-01-25,92.55999755859375,97.23999786376953,91.5199966430664,97.18000030517578,97.18000030517578,94261600,AMZN
2023-01-26,98.23999786376953,99.48999786376953,96.91999816894531,99.22000122070312,99.22000122070312,68523600,AMZN
2023-01-27,99.52999877929688,103.48999786376953,99.52999877929688,102.23999786376953,102.23999786376953,87775600,AMZN
2023-01-30,101.08999633789062,101.73999786376953,99.01000213623047,100.55000305175781,100.55000305175781,70691900,AMZN
2023-01-31,101.16000366210938,103.3499984741211,101.13999938964844,103.12999725341797,103.12999725341797,66527300,AMZN
2023-02-01,102.52999877929688,106.23999786376953,101.23999786376953,105.1500015258789,105.1500015258789,80450100,AMZN
2023-02-02,110.25,114.0,108.87999725341797,112.91000366210938,112.91000366210938,158154200,AMZN
2023-02-03,105.26000213623047,108.77999877929688,102.5199966430664,103.38999938964844,103.38999938964844,144374800,AMZN
2023-02-06,102.93000030517578,103.94999694824219,100.6500015258789,102.18000030517578,102.18000030517578,81945200,AMZN
2023-02-07,101.16999816894531,102.41000366210938,98.08000183105469,102.11000061035156,102.11000061035156,119501300,AMZN
2023-02-08,102.04000091552734,102.66999816894531,98.77999877929688,100.05000305175781,100.05000305175781,75878300,AMZN
2023-02-09,101.31999969482422,101.77999877929688,97.56999969482422,98.23999786376953,98.23999786376953,64622500,AMZN
2023-02-10,97.55999755859375,98.81999969482422,96.2300033569336,97.61000061035156,97.61000061035156,52740100,AMZN
2023-02-13,97.8499984741211,99.68000030517578,96.91000366210938,99.54000091552734,99.54000091552734,52841500,AMZN
2023-02-14,98.41000366210938,100.91999816894531,97.5199966430664,99.69999694824219,99.69999694824219,56202900,AMZN
2023-02-15,99.08999633789062,101.16999816894531,98.44999694824219,101.16000366210938,101.16000366210938,47957600,AMZN
2023-02-16,99.20999908447266,100.62999725341797,98.0999984741211,98.1500015258789,98.1500015258789,56339200,AMZN
2023-02-17,97.80000305175781,97.94000244140625,95.6500015258789,97.19999694824219,97.19999694824219,60029400,AMZN
2023-02-21,95.33999633789062,95.61000061035156,94.2699966430664,94.58000183105469,94.58000183105469,56580400,AMZN
2023-02-22,95.0999984741211,97.01000213623047,94.80000305175781,95.79000091552734,95.79000091552734,59534100,AMZN
2023-02-23,96.12000274658203,96.43000030517578,93.66999816894531,95.81999969482422,95.81999969482422,48467000,AMZN
2023-02-24,93.52999877929688,94.13999938964844,92.31999969482422,93.5,93.5,57053800,AMZN
2023-02-27,94.27999877929688,94.77999877929688,93.13999938964844,93.76000213623047,93.76000213623047,47470300,AMZN
2023-02-28,93.13999938964844,94.69000244140625,92.91999816894531,94.2300033569336,94.2300033569336,43959300,AMZN
2023-03-01,93.87000274658203,94.68000030517578,91.58999633789062,92.16999816894531,92.16999816894531,52299500,AMZN
2023-03-02,91.41000366210938,92.2300033569336,90.38999938964844,92.12999725341797,92.12999725341797,55509400,AMZN
2023-03-03,92.73999786376953,94.94000244140625,92.66000366210938,94.9000015258789,94.9000015258789,55759600,AMZN
2023-03-06,95.19000244140625,96.55000305175781,93.73999786376953,93.75,93.75,52112400,AMZN
2023-03-07,94.05999755859375,95.08999633789062,92.77999877929688,93.55000305175781,93.55000305175781,49100700,AMZN
2023-03-08,93.5999984741211,94.16999816894531,92.18000030517578,93.91999816894531,93.91999816894531,44899100,AMZN
2023-03-09,93.68000030517578,96.20999908447266,92.18000030517578,92.25,92.25,56218700,AMZN
2023-03-10,92.66999816894531,93.56999969482422,90.25,90.7300033569336,90.7300033569336,69827500,AMZN
2023-03-13,89.97000122070312,94.0199966430664,88.12000274658203,92.43000030517578,92.43000030517578,72397100,AMZN
2023-03-14,93.83000183105469,95.06999969482422,92.70999908447266,94.87999725341797,94.87999725341797,60912700,AMZN
2023-03-15,93.22000122070312,96.66999816894531,93.06999969482422,96.19999694824219,96.19999694824219,70731800,AMZN
2023-03-16,95.75,100.98999786376953,95.61000061035156,100.04000091552734,100.04000091552734,84446900,AMZN
2023-03-17,99.79000091552734,100.66000366210938,97.45999908447266,98.94999694824219,98.94999694824219,87300200,AMZN
2023-03-20,98.41000366210938,98.4800033569336,95.69999694824219,97.70999908447266,97.70999908447266,62388900,AMZN
2023-03-21,98.13999938964844,100.8499984741211,98.0,100.61000061035156,100.61000061035156,58597300,AMZN
2023-03-22,100.44999694824219,102.0999984741211,98.61000061035156,98.69999694824219,98.69999694824219,57475400,AMZN
2023-03-23,100.43000030517578,101.05999755859375,97.62000274658203,98.70999908447266,98.70999908447266,57559300,AMZN
2023-03-24,98.06999969482422,98.30000305175781,96.4000015258789,98.12999725341797,98.12999725341797,56095400,AMZN
2023-03-27,99.06999969482422,99.33999633789062,97.08000183105469,98.04000091552734,98.04000091552734,46721300,AMZN
2023-03-28,98.11000061035156,98.44000244140625,96.29000091552734,97.23999786376953,97.23999786376953,38720100,AMZN
2023-03-29,98.69000244140625,100.41999816894531,98.55999755859375,100.25,100.25,49783300,AMZN
2023-03-30,101.55000305175781,103.04000091552734,101.01000213623047,102.0,102.0,53633400,AMZN
2023-03-31,102.16000366210938,103.48999786376953,101.94999694824219,103.29000091552734,103.29000091552734,56750300,AMZN
2023-04-03,102.30000305175781,103.29000091552734,101.43000030517578,102.41000366210938,102.41000366210938,41135700,AMZN
2023-04-04,102.75,104.19999694824219,102.11000061035156,103.94999694824219,103.94999694824219,48662500,AMZN
2023-04-05,103.91000366210938,103.91000366210938,100.75,101.0999984741211,101.0999984741211,45175400,AMZN
2023-04-06,100.75,102.37999725341797,99.80000305175781,102.05999755859375,102.05999755859375,43808000,AMZN
2023-04-10,100.95999908447266,102.19999694824219,99.56999969482422,102.16999816894531,102.16999816894531,37261200,AMZN
2023-04-11,100.80000305175781,101.0,99.01000213623047,99.91999816894531,99.91999816894531,60417800,AMZN
2023-04-12,100.4000015258789,100.51000213623047,97.70999908447266,97.83000183105469,97.83000183105469,56735000,AMZN
2023-04-13,98.94999694824219,102.56999969482422,98.70999908447266,102.4000015258789,102.4000015258789,67925100,AMZN
2023-04-14,102.06999969482422,103.19999694824219,101.11000061035156,102.51000213623047,102.51000213623047,51450500,AMZN
2023-04-17,103.16000366210938,103.7300033569336,101.58999633789062,102.73999786376953,102.73999786376953,39919500,AMZN
2023-04-18,103.94999694824219,104.19999694824219,101.5199966430664,102.30000305175781,102.30000305175781,39790500,AMZN
2023-04-19,101.58000183105469,105.12000274658203,101.38999938964844,104.30000305175781,104.30000305175781,58398900,AMZN
2023-04-20,103.52999877929688,105.25,103.20999908447266,103.80999755859375,103.80999755859375,57696900,AMZN
2023-04-21,106.0999984741211,108.1500015258789,105.08000183105469,106.95999908447266,106.95999908447266,86774200,AMZN
2023-04-24,107.66000366210938,109.2300033569336,105.06999969482422,106.20999908447266,106.20999908447266,69575600,AMZN
2023-04-25,104.91000366210938,105.44999694824219,102.44999694824219,102.56999969482422,102.56999969482422,65026800,AMZN
2023-04-26,105.04000091552734,106.62000274658203,104.0999984741211,104.9800033569336,104.9800033569336,73803800,AMZN
2023-04-27,108.16000366210938,110.86000061035156,106.80000305175781,109.81999969482422,109.81999969482422,149961200,AMZN
2023-04-28,107.7300033569336,109.4800033569336,104.33000183105469,105.44999694824219,105.44999694824219,130715900,AMZN
2023-05-01,104.94999694824219,105.2300033569336,101.81999969482422,102.05000305175781,102.05000305175781,74728100,AMZN
2023-05-02,101.47000122070312,103.9000015258789,101.1500015258789,103.62999725341797,103.62999725341797,73469400,AMZN
2023-05-03,103.73999786376953,105.95999908447266,103.27999877929688,103.6500015258789,103.6500015258789,65051900,AMZN
2023-05-04,104.04000091552734,105.38999938964844,103.30999755859375,104.0,104.0,45345500,AMZN
2023-05-05,104.2699966430664,105.76000213623047,103.55000305175781,105.66000366210938,105.66000366210938,56951700,AMZN
2023-05-08,105.04000091552734,106.0999984741211,104.69999694824219,105.83000183105469,105.83000183105469,49430900,AMZN
2023-05-09,105.4800033569336,106.79000091552734,105.16000366210938,106.62000274658203,106.62000274658203,44089400,AMZN
2023-05-10,108.0999984741211,110.66999816894531,108.05000305175781,110.19000244140625,110.19000244140625,78627600,AMZN
2023-05-11,111.02999877929688,113.27999877929688,110.48999786376953,112.18000030517578,112.18000030517578,74924800,AMZN
2023-05-12,112.16000366210938,112.63999938964844,109.31999969482422,110.26000213623047,110.26000213623047,49852700,AMZN
2023-05-15,111.1500015258789,112.29000091552734,109.25,111.19999694824219,111.19999694824219,53011100,AMZN
2023-05-16,111.05000305175781,114.79000091552734,111.05000305175781,113.4000015258789,113.4000015258789,71472900,AMZN
2023-05-17,114.88999938964844,115.83000183105469,114.22000122070312,115.5,115.5,65655200,AMZN
2023-05-18,116.69000244140625,118.5999984741211,116.33999633789062,118.1500015258789,118.1500015258789,73174100,AMZN
2023-05-19,118.16000366210938,118.30999755859375,115.69999694824219,116.25,116.25,55056300,AMZN
2023-05-22,116.7699966430664,116.7699966430664,114.25,115.01000213623047,115.01000213623047,70741100,AMZN
2023-05-23,114.2699966430664,117.13999938964844,113.77999877929688,114.98999786376953,114.98999786376953,67576300,AMZN
2023-05-24,115.3499984741211,117.33999633789062,115.0199966430664,116.75,116.75,63487900,AMZN
2023-05-25,116.62999725341797,116.87000274658203,114.30999755859375,115.0,115.0,66496700,AMZN
2023-05-26,116.04000091552734,121.5,116.0199966430664,120.11000061035156,120.11000061035156,96779900,AMZN
2023-05-30,122.37000274658203,122.91999816894531,119.86000061035156,121.66000366210938,121.66000366210938,64314800,AMZN
2023-05-31,121.44999694824219,122.04000091552734,119.16999816894531,120.58000183105469,120.58000183105469,72800800,AMZN
2023-06-01,120.69000244140625,123.48999786376953,119.93000030517578,122.7699966430664,122.7699966430664,54375100,AMZN
2023-06-02,124.91999816894531,126.38999938964844,124.0199966430664,124.25,124.25,61264400,AMZN
2023-06-05,123.36000061035156,125.80000305175781,123.02999877929688,125.30000305175781,125.30000305175781,47950100,AMZN
2023-06-06,125.06999969482422,127.4000015258789,125.0,126.61000061035156,126.61000061035156,45695200,AMZN
2023-06-07,127.01000213623047,127.37000274658203,120.62999725341797,121.2300033569336,121.2300033569336,95663300,AMZN
2023-06-08,123.01000213623047,125.62999725341797,122.26000213623047,124.25,124.25,62159300,AMZN
2023-06-09,124.08000183105469,125.80000305175781,123.19000244140625,123.43000030517578,123.43000030517578,51396000,AMZN
2023-06-12,124.0199966430664,126.77999877929688,123.52999877929688,126.56999969482422,126.56999969482422,51338000,AMZN
2023-06-13,128.1199951171875,128.41000366210938,125.18000030517578,126.66000366210938,126.66000366210938,50564800,AMZN
2023-06-14,126.69999694824219,126.94999694824219,124.12000274658203,126.41999816894531,126.41999816894531,52422500,AMZN
2023-06-15,125.20999908447266,127.69000244140625,124.31999969482422,127.11000061035156,127.11000061035156,60458500,AMZN
2023-06-16,127.70999908447266,127.9000015258789,125.30000305175781,125.48999786376953,125.48999786376953,84247100,AMZN
2023-06-20,124.97000122070312,127.25,124.5,125.77999877929688,125.77999877929688,56930100,AMZN
2023-06-21,125.63999938964844,126.7300033569336,123.8499984741211,124.83000183105469,124.83000183105469,52137700,AMZN
2023-06-22,125.30999755859375,130.3300018310547,125.13999938964844,130.14999389648438,130.14999389648438,90354600,AMZN
2023-06-23,129.11000061035156,130.83999633789062,128.27999877929688,129.3300018310547,129.3300018310547,71927800,AMZN
2023-06-26,129.3300018310547,131.49000549316406,127.0999984741211,127.33000183105469,127.33000183105469,59989300,AMZN
2023-06-27,128.6300048828125,130.08999633789062,127.55000305175781,129.17999267578125,129.17999267578125,46801000,AMZN
2023-06-28,128.94000244140625,131.47999572753906,128.44000244140625,129.0399932861328,129.0399932861328,52149500,AMZN
2023-06-29,128.77000427246094,129.25999450683594,127.26000213623047,127.9000015258789,127.9000015258789,40761000,AMZN
2023-06-30,129.47000122070312,131.25,128.9499969482422,130.36000061035156,130.36000061035156,54350700,AMZN
2023-07-03,130.82000732421875,131.85000610351562,130.07000732421875,130.22000122070312,130.22000122070312,28264800,AMZN
2023-07-05,130.24000549316406,131.39999389648438,129.63999938964844,130.3800048828125,130.3800048828125,35895400,AMZN
2023-07-06,128.25,128.72999572753906,127.37000274658203,128.36000061035156,128.36000061035156,40639900,AMZN
2023-07-07,128.58999633789062,130.97000122070312,128.1300048828125,129.77999877929688,129.77999877929688,41992300,AMZN
2023-07-10,129.07000732421875,129.27999877929688,125.91999816894531,127.12999725341797,127.12999725341797,61889300,AMZN
2023-07-11,127.75,129.77000427246094,127.3499984741211,128.77999877929688,128.77999877929688,49951500,AMZN
2023-07-12,130.30999755859375,131.25999450683594,128.8300018310547,130.8000030517578,130.8000030517578,54022800,AMZN
2023-07-13,134.0399932861328,134.6699981689453,132.7100067138672,134.3000030517578,134.3000030517578,61170900,AMZN
2023-07-14,134.05999755859375,136.64999389648438,134.05999755859375,134.67999267578125,134.67999267578125,54487100,AMZN
2023-07-17,134.55999755859375,135.6199951171875,133.2100067138672,133.55999755859375,133.55999755859375,48450200,AMZN
2023-07-18,132.7100067138672,133.86000061035156,131.35000610351562,132.8300018310547,132.8300018310547,54882900,AMZN
2023-07-19,133.38999938964844,135.99000549316406,132.52999877929688,135.36000061035156,135.36000061035156,54531000,AMZN
2023-07-20,134.07000732421875,134.7899932861328,129.3300018310547,129.9600067138672,129.9600067138672,59820600,AMZN
2023-07-21,131.33999633789062,131.3699951171875,128.4199981689453,130.0,130.0,133307300,AMZN
2023-07-24,130.30999755859375,131.66000366210938,128.35000610351562,128.8000030517578,128.8000030517578,45591100,AMZN
2023-07-25,129.30999755859375,129.5800018310547,128.52999877929688,129.1300048828125,129.1300048828125,39236700,AMZN
2023-07-26,126.51000213623047,129.0800018310547,126.11000061035156,128.14999389648438,128.14999389648438,53910100,AMZN
2023-07-27,131.0,132.6300048828125,127.79000091552734,128.25,128.25,52610700,AMZN
2023-07-28,129.69000244140625,133.00999450683594,129.3300018310547,132.2100067138672,132.2100067138672,46317400,AMZN
2023-07-31,133.1999969482422,133.8699951171875,132.3800048828125,133.67999267578125,133.67999267578125,41901500,AMZN
2023-08-01,133.5500030517578,133.69000244140625,131.6199951171875,131.69000244140625,131.69000244140625,42098500,AMZN
2023-08-02,130.14999389648438,130.22999572753906,126.81999969482422,128.2100067138672,128.2100067138672,51027600,AMZN
2023-08-03,127.4800033569336,129.83999633789062,126.41000366210938,128.91000366210938,128.91000366210938,88585200,AMZN
2023-08-04,141.05999755859375,143.6300048828125,139.32000732421875,139.57000732421875,139.57000732421875,153128500,AMZN
2023-08-07,140.99000549316406,142.5399932861328,138.9499969482422,142.22000122070312,142.22000122070312,71213100,AMZN
2023-08-08,140.6199951171875,140.83999633789062,138.4199981689453,139.94000244140625,139.94000244140625,51710500,AMZN
2023-08-09,139.97000122070312,140.32000732421875,137.10000610351562,137.85000610351562,137.85000610351562,50017300,AMZN
2023-08-10,139.07000732421875,140.41000366210938,137.49000549316406,138.55999755859375,138.55999755859375,58928400,AMZN
2023-08-11,137.39999389648438,139.3300018310547,137.0,138.41000366210938,138.41000366210938,42905800,AMZN
2023-08-14,138.3000030517578,140.58999633789062,137.75,140.57000732421875,140.57000732421875,47148700,AMZN
2023-08-15,140.0500030517578,141.27999877929688,137.22999572753906,137.6699981689453,137.6699981689453,42781500,AMZN
2023-08-16,137.19000244140625,137.27000427246094,135.00999450683594,135.07000732421875,135.07000732421875,41675900,AMZN
2023-08-17,135.4600067138672,136.08999633789062,133.52999877929688,133.97999572753906,133.97999572753906,48354100,AMZN
2023-08-18,131.6199951171875,134.07000732421875,131.14999389648438,133.22000122070312,133.22000122070312,48497700,AMZN
2023-08-21,133.74000549316406,135.19000244140625,132.7100067138672,134.67999267578125,134.67999267578125,41442500,AMZN
2023-08-22,135.0800018310547,135.64999389648438,133.72999572753906,134.25,134.25,32905400,AMZN
2023-08-23,134.5,135.9499969482422,133.22000122070312,135.52000427246094,135.52000427246094,42801000,AMZN
2023-08-24,136.39999389648438,136.77999877929688,131.8300018310547,131.83999633789062,131.83999633789062,43646300,AMZN
2023-08-25,132.47000122070312,133.8699951171875,130.5800018310547,133.25999450683594,133.25999450683594,44147500,AMZN
2023-08-28,133.77999877929688,133.9499969482422,131.85000610351562,133.13999938964844,133.13999938964844,34108400,AMZN
2023-08-29,133.3800048828125,135.13999938964844,133.25,134.91000366210938,134.91000366210938,38646100,AMZN
2023-08-30,134.92999267578125,135.67999267578125,133.9199981689453,135.07000732421875,135.07000732421875,36137000,AMZN
2023-08-31,135.05999755859375,138.7899932861328,135.0,138.00999450683594,138.00999450683594,58781300,AMZN
2023-09-01,139.4600067138672,139.9600067138672,136.8800048828125,138.1199951171875,138.1199951171875,40991500,AMZN
2023-09-05,137.72999572753906,137.8000030517578,135.82000732421875,137.27000427246094,137.27000427246094,40636700,AMZN
2023-09-06,136.32000732421875,137.4499969482422,134.61000061035156,135.36000061035156,135.36000061035156,41785500,AMZN
2023-09-07,133.89999389648438,138.02999877929688,133.16000366210938,137.85000610351562,137.85000610351562,48498900,AMZN
2023-09-08,136.86000061035156,138.85000610351562,136.75,138.22999572753906,138.22999572753906,38348200,AMZN
2023-09-11,138.75,143.6199951171875,138.63999938964844,143.10000610351562,143.10000610351562,56764500,AMZN
2023-09-12,142.32000732421875,143.0,140.61000061035156,141.22999572753906,141.22999572753906,42668500,AMZN
2023-09-13,140.9499969482422,144.97999572753906,140.8699951171875,144.85000610351562,144.85000610351562,60465200,AMZN
2023-09-14,145.0800018310547,145.86000061035156,142.9499969482422,144.72000122070312,144.72000122070312,64033600,AMZN
2023-09-15,142.69000244140625,143.57000732421875,140.08999633789062,140.38999938964844,140.38999938964844,102909300,AMZN
2023-09-18,140.47999572753906,141.75,139.22000122070312,139.97999572753906,139.97999572753906,42823500,AMZN
2023-09-19,138.6999969482422,138.83999633789062,135.55999755859375,137.6300048828125,137.6300048828125,61482500,AMZN
2023-09-20,138.5500030517578,139.3699951171875,135.1999969482422,135.2899932861328,135.2899932861328,46263700,AMZN
2023-09-21,131.94000244140625,132.24000549316406,129.30999755859375,129.3300018310547,129.3300018310547,70343300,AMZN
2023-09-22,131.11000061035156,132.02999877929688,128.52000427246094,129.1199951171875,129.1199951171875,59904300,AMZN
2023-09-25,129.36000061035156,131.77999877929688,128.77000427246094,131.27000427246094,131.27000427246094,46017800,AMZN
2023-09-26,130.1199951171875,130.38999938964844,125.27999877929688,125.9800033569336,125.9800033569336,73048200,AMZN
2023-09-27,125.76000213623047,127.4800033569336,124.12999725341797,125.9800033569336,125.9800033569336,66553400,AMZN
2023-09-28,124.04000091552734,126.58000183105469,123.04000091552734,125.9800033569336,125.9800033569336,54555000,AMZN
2023-09-29,128.1999969482422,129.14999389648438,126.31999969482422,127.12000274658203,127.12000274658203,62411700,AMZN
2023-10-02,127.27999877929688,130.47000122070312,126.54000091552734,129.4600067138672,129.4600067138672,48029700,AMZN
2023-10-03,128.05999755859375,128.52000427246094,124.25,124.72000122070312,124.72000122070312,51565000,AMZN
2023-10-04,126.05999755859375,127.36000061035156,125.68000030517578,127.0,127.0,44203900,AMZN
2023-10-05,126.70999908447266,126.7300033569336,124.33000183105469,125.95999908447266,125.95999908447266,39660600,AMZN
2023-10-06,124.16000366210938,128.4499969482422,124.12999725341797,127.95999908447266,127.95999908447266,46836700,AMZN
2023-10-09,126.22000122070312,128.7899932861328,124.76000213623047,128.25999450683594,128.25999450683594,38773700,AMZN
2023-10-10,128.82000732421875,130.74000549316406,128.0500030517578,129.47999572753906,129.47999572753906,42178600,AMZN
2023-10-11,129.74000549316406,132.0500030517578,129.61000061035156,131.8300018310547,131.8300018310547,40741800,AMZN
2023-10-12,132.1699981689453,134.47999572753906,131.22999572753906,132.3300018310547,132.3300018310547,55528600,AMZN
2023-10-13,132.97999572753906,133.30999755859375,128.9499969482422,129.7899932861328,129.7899932861328,45786600,AMZN
2023-10-16,130.69000244140625,133.07000732421875,130.42999267578125,132.5500030517578,132.5500030517578,42832900,AMZN
2023-10-17,130.38999938964844,132.5800018310547,128.7100067138672,131.47000122070312,131.47000122070312,49344600,AMZN
2023-10-18,129.89999389648438,130.6699981689453,127.51000213623047,128.1300048828125,128.1300048828125,42699500,AMZN
2023-10-19,130.57000732421875,132.24000549316406,127.47000122070312,128.39999389648438,128.39999389648438,60961400,AMZN
2023-10-20,128.0500030517578,128.1699981689453,124.97000122070312,125.16999816894531,125.16999816894531,56406400,AMZN
2023-10-23,124.62999725341797,127.87999725341797,123.9800033569336,126.55999755859375,126.55999755859375,48260000,AMZN
2023-10-24,127.73999786376953,128.8000030517578,126.33999633789062,128.55999755859375,128.55999755859375,46477400,AMZN
2023-10-25,126.04000091552734,126.33999633789062,120.79000091552734,121.38999938964844,121.38999938964844,74577500,AMZN
2023-10-26,120.62999725341797,121.63999938964844,118.3499984741211,119.56999969482422,119.56999969482422,100419500,AMZN
2023-10-27,126.19999694824219,130.02000427246094,125.5199966430664,127.73999786376953,127.73999786376953,125309300,AMZN
2023-10-30,129.72000122070312,133.0,128.55999755859375,132.7100067138672,132.7100067138672,72485500,AMZN
2023-10-31,132.75,133.57000732421875,131.7100067138672,133.08999633789062,133.08999633789062,51589400,AMZN
2023-11-01,133.9600067138672,137.35000610351562,133.7100067138672,137.0,137.0,61529400,AMZN
2023-11-02,138.72999572753906,138.80999755859375,136.47000122070312,138.07000732421875,138.07000732421875,52236700,AMZN
2023-11-03,138.99000549316406,139.49000549316406,137.4499969482422,138.60000610351562,138.60000610351562,44059800,AMZN
2023-11-06,138.75999450683594,140.72999572753906,138.36000061035156,139.74000549316406,139.74000549316406,44970400,AMZN
2023-11-07,140.5500030517578,143.3699951171875,140.5,142.7100067138672,142.7100067138672,53553500,AMZN
2023-11-08,142.97000122070312,143.1199951171875,141.22000122070312,142.0800018310547,142.0800018310547,44521700,AMZN
2023-11-09,142.02000427246094,142.64999389648438,139.83999633789062,140.60000610351562,140.60000610351562,36235400,AMZN
2023-11-10,140.4600067138672,143.64999389648438,139.91000366210938,143.55999755859375,143.55999755859375,49287800,AMZN
2023-11-13,142.0800018310547,143.22999572753906,140.6699981689453,142.58999633789062,142.58999633789062,35680600,AMZN
2023-11-14,145.0,147.25999450683594,144.67999267578125,145.8000030517578,145.8000030517578,56674600,AMZN
2023-11-15,147.05999755859375,147.2899932861328,142.58999633789062,143.1999969482422,143.1999969482422,63875700,AMZN
2023-11-16,140.91000366210938,143.32000732421875,139.52000427246094,142.8300018310547,142.8300018310547,49653500,AMZN
2023-11-17,142.66000366210938,145.22999572753906,142.5399932861328,145.17999267578125,145.17999267578125,49636700,AMZN
2023-11-20,145.1300048828125,146.6300048828125,144.72999572753906,146.1300048828125,146.1300048828125,41951200,AMZN
2023-11-21,143.91000366210938,144.0500030517578,141.5,143.89999389648438,143.89999389648438,71226000,AMZN
2023-11-22,144.57000732421875,147.74000549316406,144.57000732421875,146.7100067138672,146.7100067138672,45669100,AMZN
2023-11-24,146.6999969482422,147.1999969482422,145.32000732421875,146.74000549316406,146.74000549316406,22378400,AMZN
2023-11-27,147.52999877929688,149.25999450683594,146.8800048828125,147.72999572753906,147.72999572753906,53762400,AMZN
2023-11-28,146.97999572753906,147.60000610351562,145.52999877929688,147.02999877929688,147.02999877929688,42711700,AMZN
2023-11-29,147.85000610351562,148.5399932861328,145.97000122070312,146.32000732421875,146.32000732421875,40610900,AMZN
2023-11-30,144.75999450683594,146.92999267578125,144.3300018310547,146.08999633789062,146.08999633789062,65814000,AMZN
2023-12-01,146.0,147.25,145.5500030517578,147.02999877929688,147.02999877929688,39951800,AMZN
2023-12-04,145.25,145.35000610351562,142.80999755859375,144.83999633789062,144.83999633789062,48294200,AMZN
2023-12-05,143.5500030517578,148.57000732421875,143.1300048828125,146.8800048828125,146.8800048828125,46822400,AMZN
2023-12-06,147.5800018310547,147.85000610351562,144.27999877929688,144.52000427246094,144.52000427246094,39679000,AMZN
2023-12-07,146.14999389648438,147.9199981689453,145.33999633789062,146.8800048828125,146.8800048828125,52352800,AMZN
2023-12-08,145.47999572753906,147.83999633789062,145.39999389648438,147.4199981689453,147.4199981689453,41906000,AMZN
2023-12-11,145.66000366210938,146.19000244140625,143.63999938964844,145.88999938964844,145.88999938964844,50907300,AMZN
2023-12-12,145.52000427246094,147.5,145.3000030517578,147.47999572753906,147.47999572753906,44944300,AMZN
2023-12-13,148.1199951171875,149.4600067138672,146.82000732421875,148.83999633789062,148.83999633789062,52766200,AMZN
2023-12-14,149.92999267578125,150.5399932861328,145.52000427246094,147.4199981689453,147.4199981689453,58400800,AMZN
2023-12-15,148.3800048828125,150.57000732421875,147.8800048828125,149.97000122070312,149.97000122070312,110089300,AMZN
2023-12-18,150.55999755859375,154.85000610351562,150.0500030517578,154.07000732421875,154.07000732421875,62512800,AMZN
2023-12-19,154.39999389648438,155.1199951171875,152.69000244140625,153.7899932861328,153.7899932861328,43171300,AMZN
2023-12-20,152.89999389648438,155.6300048828125,151.55999755859375,152.1199951171875,152.1199951171875,50322100,AMZN
2023-12-21,153.3000030517578,153.97000122070312,152.10000610351562,153.83999633789062,153.83999633789062,36305700,AMZN
2023-12-22,153.77000427246094,154.35000610351562,152.7100067138672,153.4199981689453,153.4199981689453,29514100,AMZN
2023-12-26,153.55999755859375,153.97999572753906,153.02999877929688,153.41000366210938,153.41000366210938,25067200,AMZN
2023-12-27,153.55999755859375,154.77999877929688,153.1199951171875,153.33999633789062,153.33999633789062,31434700,AMZN
2023-12-28,153.72000122070312,154.0800018310547,152.9499969482422,153.3800048828125,153.3800048828125,27057000,AMZN
2023-12-29,153.10000610351562,153.88999938964844,151.02999877929688,151.94000244140625,151.94000244140625,39823200,AMZN
2024-01-02,151.5399932861328,152.3800048828125,148.38999938964844,149.92999267578125,149.92999267578125,47339400,AMZN
2024-01-03,149.1999969482422,151.0500030517578,148.3300018310547,148.47000122070312,148.47000122070312,49425500,AMZN
2024-01-04,145.58999633789062,147.3800048828125,144.0500030517578,144.57000732421875,144.57000732421875,56039800,AMZN
2024-01-05,144.69000244140625,146.58999633789062,144.52999877929688,145.24000549316406,145.24000549316406,45153100,AMZN
2024-01-08,146.74000549316406,149.39999389648438,146.14999389648438,149.10000610351562,149.10000610351562,46757100,AMZN
2024-01-09,148.3300018310547,151.7100067138672,148.2100067138672,151.3699951171875,151.3699951171875,43812600,AMZN
2024-01-10,152.05999755859375,154.4199981689453,151.8800048828125,153.72999572753906,153.72999572753906,44421800,AMZN
2024-01-11,155.0399932861328,157.1699981689453,153.1199951171875,155.17999267578125,155.17999267578125,49072700,AMZN
2024-01-12,155.38999938964844,156.1999969482422,154.00999450683594,154.6199951171875,154.6199951171875,40484200,AMZN
2024-01-16,153.52999877929688,154.99000549316406,152.14999389648438,153.16000366210938,153.16000366210938,41384600,AMZN
2024-01-17,151.49000549316406,152.14999389648438,149.91000366210938,151.7100067138672,151.7100067138672,34953400,AMZN
2024-01-18,152.77000427246094,153.77999877929688,151.82000732421875,153.5,153.5,37850200,AMZN
2024-01-19,153.8300018310547,155.75999450683594,152.74000549316406,155.33999633789062,155.33999633789062,51651600,AMZN
2024-01-22,156.88999938964844,157.0500030517578,153.89999389648438,154.77999877929688,154.77999877929688,43687500,AMZN
2024-01-23,154.85000610351562,156.2100067138672,153.92999267578125,156.02000427246094,156.02000427246094,37986000,AMZN
2024-01-24,157.8000030517578,158.50999450683594,156.47999572753906,156.8699951171875,156.8699951171875,48547300,AMZN
2024-01-25,156.9499969482422,158.50999450683594,154.5500030517578,157.75,157.75,43638600,AMZN
2024-01-26,158.4199981689453,160.72000122070312,157.91000366210938,159.1199951171875,159.1199951171875,51047400,AMZN
2024-01-29,159.33999633789062,161.2899932861328,158.89999389648438,161.25999450683594,161.25999450683594,45270400,AMZN
2024-01-30,160.6999969482422,161.72999572753906,158.49000549316406,159.0,159.0,45207400,AMZN
2024-01-31,157.0,159.00999450683594,154.80999755859375,155.1999969482422,155.1999969482422,50284400,AMZN
2024-02-01,155.8699951171875,159.75999450683594,155.6199951171875,159.27999877929688,159.27999877929688,76542400,AMZN
2024-02-02,169.19000244140625,172.5,167.3300018310547,171.80999755859375,171.80999755859375,117218300,AMZN
2024-02-05,170.1999969482422,170.5500030517578,167.6999969482422,170.30999755859375,170.30999755859375,55081300,AMZN
2024-02-06,169.38999938964844,170.7100067138672,167.64999389648438,169.14999389648438,169.14999389648438,42505500,AMZN
2024-02-07,169.47999572753906,170.8800048828125,168.94000244140625,170.52999877929688,170.52999877929688,47174100,AMZN
2024-02-08,169.64999389648438,171.42999267578125,168.8800048828125,169.83999633789062,169.83999633789062,42316500,AMZN
2024-02-09,170.89999389648438,175.0,170.5800018310547,174.4499969482422,174.4499969482422,56986000,AMZN
2024-02-12,174.8000030517578,175.38999938964844,171.5399932861328,172.33999633789062,172.33999633789062,51050400,AMZN
2024-02-13,167.72999572753906,170.9499969482422,165.75,168.63999938964844,168.63999938964844,56345100,AMZN
2024-02-14,169.2100067138672,171.2100067138672,168.27999877929688,170.97999572753906,170.97999572753906,42815500,AMZN
2024-02-15,170.5800018310547,171.1699981689453,167.58999633789062,169.8000030517578,169.8000030517578,49855200,AMZN
2024-02-16,168.74000549316406,170.4199981689453,167.1699981689453,169.50999450683594,169.50999450683594,48107700,AMZN
2024-02-20,167.8300018310547,168.7100067138672,165.74000549316406,167.0800018310547,167.0800018310547,41980300,AMZN
2024-02-21,168.94000244140625,170.22999572753906,167.13999938964844,168.58999633789062,168.58999633789062,44420100,AMZN
2024-02-22,173.10000610351562,174.8000030517578,171.77000427246094,174.5800018310547,174.5800018310547,55392400,AMZN
2024-02-23,174.27999877929688,175.75,173.6999969482422,174.99000549316406,174.99000549316406,59715200,AMZN
2024-02-26,175.6999969482422,176.3699951171875,174.25999450683594,174.72999572753906,174.72999572753906,44368600,AMZN
2024-02-27,174.0800018310547,174.6199951171875,172.86000061035156,173.5399932861328,173.5399932861328,31141700,AMZN
2024-02-28,172.44000244140625,174.0500030517578,172.27000427246094,173.16000366210938,173.16000366210938,28180500,AMZN
2024-02-29,173.00999450683594,177.22000122070312,172.85000610351562,176.75999450683594,176.75999450683594,53805400,AMZN
2024-03-01,176.75,178.72999572753906,176.07000732421875,178.22000122070312,178.22000122070312,31981200,AMZN
2024-03-04,177.52999877929688,180.13999938964844,177.49000549316406,177.5800018310547,177.5800018310547,37381500,AMZN
2024-03-05,176.92999267578125,176.92999267578125,173.3000030517578,174.1199951171875,174.1199951171875,37228300,AMZN
2024-03-06,175.5399932861328,176.4600067138672,173.25999450683594,173.50999450683594,173.50999450683594,32090900,AMZN
2024-03-07,174.8300018310547,177.99000549316406,173.72000122070312,176.82000732421875,176.82000732421875,34063300,AMZN
2024-03-08,176.44000244140625,178.7899932861328,174.3300018310547,175.35000610351562,175.35000610351562,37893200,AMZN
2024-03-11,174.30999755859375,174.47000122070312,171.47000122070312,171.9600067138672,171.9600067138672,28484800,AMZN
2024-03-12,173.5,176.75999450683594,171.97999572753906,175.38999938964844,175.38999938964844,36610600,AMZN
2024-03-13,175.89999389648438,177.6199951171875,175.5500030517578,176.55999755859375,176.55999755859375,30772600,AMZN
2024-03-14,177.69000244140625,179.52999877929688,176.47000122070312,178.75,178.75,43705800,AMZN
2024-03-15,176.63999938964844,177.92999267578125,173.89999389648438,174.4199981689453,174.4199981689453,72147400,AMZN
2024-03-18,175.8000030517578,176.69000244140625,174.27999877929688,174.47999572753906,174.47999572753906,31250700,AMZN
2024-03-19,174.22000122070312,176.08999633789062,173.52000427246094,175.89999389648438,175.89999389648438,26880900,AMZN
2024-03-20,176.13999938964844,178.52999877929688,174.63999938964844,178.14999389648438,178.14999389648438,29947200,AMZN
2024-03-21,179.99000549316406,181.4199981689453,178.14999389648438,178.14999389648438,178.14999389648438,32824300,AMZN
2024-03-22,177.75,179.25999450683594,176.75,178.8699951171875,178.8699951171875,27995400,AMZN
2024-03-25,178.00999450683594,180.99000549316406,177.24000549316406,179.7100067138672,179.7100067138672,29815500,AMZN
2024-03-26,180.14999389648438,180.4499969482422,177.9499969482422,178.3000030517578,178.3000030517578,29659000,AMZN
2024-03-27,179.8800048828125,180.0,177.30999755859375,179.8300018310547,179.8300018310547,33272600,AMZN
2024-03-28,180.1699981689453,181.6999969482422,179.25999450683594,180.3800048828125,180.3800048828125,38051600,AMZN
2024-04-01,180.7899932861328,183.0,179.9499969482422,180.97000122070312,180.97000122070312,29174500,AMZN
2024-04-02,179.07000732421875,180.7899932861328,178.3800048828125,180.69000244140625,180.69000244140625,32611500,AMZN
2024-04-03,179.89999389648438,182.8699951171875,179.8000030517578,182.41000366210938,182.41000366210938,31046600,AMZN
2024-04-04,184.0,185.10000610351562,180.0,180.0,180.0,41624300,AMZN
2024-04-05,182.3800048828125,186.27000427246094,181.97000122070312,185.07000732421875,185.07000732421875,42374000,AMZN
2024-04-08,186.89999389648438,187.2899932861328,184.80999755859375,185.19000244140625,185.19000244140625,39221300,AMZN
2024-04-09,187.24000549316406,187.33999633789062,184.1999969482422,185.6699981689453,185.6699981689453,36520100,AMZN
2024-04-10,182.77000427246094,186.27000427246094,182.6699981689453,185.9499969482422,185.9499969482422,35879200,AMZN
2024-04-11,186.74000549316406,189.77000427246094,185.50999450683594,189.0500030517578,189.0500030517578,40020700,AMZN
2024-04-12,187.72000122070312,188.3800048828125,185.0800018310547,186.1300048828125,186.1300048828125,38608800,AMZN
2024-04-15,187.42999267578125,188.69000244140625,183.0,183.6199951171875,183.6199951171875,48052400,AMZN
2024-04-16,183.27000427246094,184.8300018310547,182.25999450683594,183.32000732421875,183.32000732421875,32891300,AMZN
2024-04-17,184.30999755859375,184.57000732421875,179.82000732421875,181.27999877929688,181.27999877929688,31359700,AMZN
2024-04-18,181.47000122070312,182.38999938964844,178.64999389648438,179.22000122070312,179.22000122070312,30723800,AMZN
2024-04-19,178.74000549316406,179.0,173.44000244140625,174.6300048828125,174.6300048828125,56000700,AMZN
2024-04-22,176.94000244140625,178.8699951171875,174.55999755859375,177.22999572753906,177.22999572753906,37924900,AMZN
2024-04-23,178.0800018310547,179.92999267578125,175.97999572753906,179.5399932861328,179.5399932861328,37046500,AMZN
2024-04-24,179.94000244140625,180.32000732421875,176.17999267578125,176.58999633789062,176.58999633789062,34185100,AMZN
2024-04-25,169.67999267578125,173.9199981689453,166.32000732421875,173.6699981689453,173.6699981689453,49249400,AMZN
2024-04-26,177.8000030517578,180.82000732421875,176.1300048828125,179.6199951171875,179.6199951171875,43919800,AMZN
2024-04-29,182.75,183.52999877929688,179.38999938964844,180.9600067138672,180.9600067138672,54063900,AMZN
2024-04-30,181.08999633789062,182.99000549316406,174.8000030517578,175.0,175.0,94639800,AMZN
2024-05-01,181.63999938964844,185.14999389648438,176.55999755859375,179.0,179.0,94645100,AMZN
2024-05-02,180.85000610351562,185.10000610351562,179.91000366210938,184.72000122070312,184.72000122070312,54303500,AMZN
2024-05-03,186.99000549316406,187.8699951171875,185.4199981689453,186.2100067138672,186.2100067138672,39172000,AMZN
2024-05-06,186.27999877929688,188.75,184.8000030517578,188.6999969482422,188.6999969482422,34725300,AMZN
2024-05-07,188.9199981689453,189.94000244140625,187.30999755859375,188.75999450683594,188.75999450683594,34048900,AMZN
2024-05-08,187.44000244140625,188.42999267578125,186.38999938964844,188.0,188.0,26136400,AMZN
2024-05-09,188.8800048828125,191.6999969482422,187.44000244140625,189.5,189.5,43368400,AMZN
2024-05-10,189.16000366210938,189.88999938964844,186.92999267578125,187.47999572753906,187.47999572753906,34141800,AMZN
2024-05-13,188.0,188.30999755859375,185.36000061035156,186.57000732421875,186.57000732421875,24898600,AMZN
2024-05-14,183.82000732421875,187.72000122070312,183.4499969482422,187.07000732421875,187.07000732421875,38698200,AMZN
2024-05-15,185.97000122070312,186.72000122070312,182.72999572753906,185.99000549316406,185.99000549316406,75459900,AMZN
2024-05-16,185.60000610351562,187.30999755859375,183.4600067138672,183.6300048828125,183.6300048828125,38834500,AMZN
2024-05-17,183.75999450683594,185.3000030517578,183.35000610351562,184.6999969482422,184.6999969482422,33175700,AMZN
2024-05-20,184.33999633789062,186.6699981689453,183.27999877929688,183.5399932861328,183.5399932861328,30511800,AMZN
2024-05-21,182.3000030517578,183.25999450683594,180.75,183.14999389648438,183.14999389648438,50839100,AMZN
2024-05-22,183.8800048828125,185.22000122070312,181.97000122070312,183.1300048828125,183.1300048828125,28148800,AMZN
2024-05-23,183.66000366210938,184.75999450683594,180.0800018310547,181.0500030517578,181.0500030517578,33670200,AMZN
2024-05-24,181.64999389648438,182.44000244140625,180.3000030517578,180.75,180.75,27471600,AMZN
2024-05-28,179.92999267578125,182.24000549316406,179.49000549316406,182.14999389648438,182.14999389648438,29927000,AMZN
2024-05-29,181.6999969482422,184.0800018310547,181.5500030517578,182.02000427246094,182.02000427246094,32009300,AMZN
2024-05-30,181.30999755859375,181.33999633789062,178.36000061035156,179.32000732421875,179.32000732421875,29184700,AMZN
2024-05-31,178.3000030517578,179.2100067138672,173.8699951171875,176.44000244140625,176.44000244140625,58903900,AMZN
2024-06-03,177.6999969482422,178.6999969482422,175.9199981689453,178.33999633789062,178.33999633789062,30786600,AMZN
2024-06-04,177.63999938964844,179.82000732421875,176.44000244140625,179.33999633789062,179.33999633789062,27198400,AMZN
2024-06-05,180.10000610351562,181.5,178.75,181.27999877929688,181.27999877929688,32116400,AMZN
2024-06-06,181.75,185.0,181.49000549316406,185.0,185.0,31371200,AMZN
2024-06-07,184.89999389648438,186.2899932861328,183.36000061035156,184.3000030517578,184.3000030517578,28021500,AMZN
2024-06-10,184.07000732421875,187.22999572753906,183.7899932861328,187.05999755859375,187.05999755859375,34445600,AMZN
2024-06-11,187.05999755859375,187.77000427246094,184.5399932861328,187.22999572753906,187.22999572753906,27265100,AMZN
2024-06-12,188.02000427246094,188.35000610351562,185.42999267578125,186.88999938964844,186.88999938964844,33984200,AMZN
2024-06-13,186.08999633789062,187.6699981689453,182.6699981689453,183.8300018310547,183.8300018310547,39721500,AMZN
2024-06-14,183.0800018310547,183.72000122070312,182.22999572753906,183.66000366210938,183.66000366210938,25456400,AMZN
2024-06-17,182.52000427246094,185.0,181.22000122070312,184.05999755859375,184.05999755859375,35601900,AMZN
2024-06-18,183.74000549316406,184.2899932861328,181.42999267578125,182.80999755859375,182.80999755859375,36659200,AMZN
2024-06-20,182.91000366210938,186.50999450683594,182.72000122070312,186.10000610351562,186.10000610351562,44726800,AMZN
2024-06-21,187.8000030517578,189.27999877929688,185.86000061035156,189.0800018310547,189.0800018310547,70792500,AMZN
2024-06-24,189.3300018310547,191.0,185.3300018310547,185.57000732421875,185.57000732421875,50610400,AMZN
2024-06-25,186.80999755859375,188.83999633789062,185.4199981689453,186.33999633789062,186.33999633789062,45366400,AMZN
2024-06-26,186.9199981689453,194.8000030517578,186.25999450683594,193.61000061035156,193.61000061035156,65103900,AMZN
2024-06-27,195.00999450683594,199.83999633789062,194.1999969482422,197.85000610351562,197.85000610351562,74397500,AMZN
2024-06-28,197.72999572753906,198.85000610351562,192.5,193.25,193.25,76930200,AMZN
2024-07-01,193.49000549316406,198.3000030517578,192.82000732421875,197.1999969482422,197.1999969482422,41192000,AMZN
2024-07-02,197.27999877929688,200.42999267578125,195.92999267578125,200.0,200.0,45600000,AMZN
2024-07-03,199.94000244140625,200.02999877929688,196.75999450683594,197.58999633789062,197.58999633789062,31597900,AMZN
2024-07-05,198.64999389648438,200.5500030517578,198.1699981689453,200.0,200.0,39858900,AMZN
2024-07-08,200.0399932861328,201.1999969482422,197.9600067138672,199.2899932861328,199.2899932861328,34767300,AMZN
2024-07-09,199.39999389648438,200.57000732421875,199.0500030517578,199.33999633789062,199.33999633789062,32700100,AMZN
2024-07-10,200.0,200.11000061035156,197.69000244140625,199.7899932861328,199.7899932861328,32883800,AMZN
2024-07-11,200.08999633789062,200.27000427246094,192.86000061035156,195.0500030517578,195.0500030517578,44565000,AMZN
2024-07-12,194.8000030517578,196.47000122070312,193.8300018310547,194.49000549316406,194.49000549316406,30598500,AMZN
2024-07-15,194.55999755859375,196.19000244140625,190.8300018310547,192.72000122070312,192.72000122070312,40683200,AMZN
2024-07-16,195.58999633789062,196.6199951171875,192.24000549316406,193.02000427246094,193.02000427246094,33994700,AMZN
2024-07-17,191.35000610351562,191.5800018310547,185.99000549316406,187.92999267578125,187.92999267578125,48076100,AMZN
2024-07-18,189.58999633789062,189.67999267578125,181.4499969482422,183.75,183.75,51043600,AMZN
2024-07-19,181.13999938964844,184.92999267578125,180.11000061035156,183.1300048828125,183.1300048828125,43081800,AMZN
2024-07-22,185.0,185.05999755859375,182.47999572753906,182.5500030517578,182.5500030517578,39931900,AMZN
2024-07-23,184.10000610351562,189.38999938964844,183.55999755859375,186.41000366210938,186.41000366210938,47537700,AMZN
2024-07-24,183.1999969482422,185.4499969482422,180.41000366210938,180.8300018310547,180.8300018310547,41532400,AMZN
2024-07-25,182.91000366210938,183.89999389648438,176.8000030517578,179.85000610351562,179.85000610351562,44464200,AMZN
2024-07-26,180.38999938964844,183.19000244140625,180.24000549316406,182.5,182.5,29506000,AMZN
2024-07-29,183.83999633789062,184.75,182.3800048828125,183.1999969482422,183.1999969482422,33270100,AMZN
2024-07-30,184.72000122070312,185.86000061035156,179.3800048828125,181.7100067138672,181.7100067138672,39508600,AMZN
2024-07-31,185.0500030517578,187.94000244140625,184.4600067138672,186.97999572753906,186.97999572753906,41667300,AMZN
2024-08-01,189.2899932861328,190.60000610351562,181.8699951171875,184.07000732421875,184.07000732421875,70435600,AMZN
2024-08-02,166.75,168.77000427246094,160.5500030517578,167.89999389648438,167.89999389648438,141448400,AMZN
2024-08-05,154.2100067138672,162.9600067138672,151.61000061035156,161.02000427246094,161.02000427246094,83149400,AMZN
2024-08-06,161.7100067138672,165.0800018310547,158.5399932861328,161.92999267578125,161.92999267578125,59950800,AMZN
2024-08-07,166.5500030517578,167.5800018310547,161.42999267578125,162.77000427246094,162.77000427246094,48408200,AMZN
2024-08-08,165.1699981689453,166.69000244140625,162.5500030517578,165.8000030517578,165.8000030517578,44616200,AMZN
2024-08-09,166.39999389648438,168.5500030517578,165.85000610351562,166.94000244140625,166.94000244140625,36401000,AMZN
2024-08-12,168.13999938964844,168.5500030517578,166.11000061035156,166.8000030517578,166.8000030517578,30072800,AMZN
2024-08-13,167.80999755859375,171.0399932861328,167.10000610351562,170.22999572753906,170.22999572753906,39237900,AMZN
2024-08-14,172.11000061035156,172.27999877929688,168.86000061035156,170.10000610351562,170.10000610351562,28843800,AMZN
2024-08-15,174.86000061035156,177.91000366210938,173.99000549316406,177.58999633789062,177.58999633789062,51698500,AMZN
2024-08-16,177.0399932861328,178.33999633789062,176.25999450683594,177.05999755859375,177.05999755859375,31489200,AMZN
2024-08-19,177.63999938964844,178.3000030517578,176.16000366210938,178.22000122070312,178.22000122070312,31129800,AMZN
2024-08-20,177.9199981689453,179.00999450683594,177.42999267578125,178.8800048828125,178.8800048828125,26255200,AMZN
2024-08-21,179.9199981689453,182.38999938964844,178.88999938964844,180.11000061035156,180.11000061035156,35599100,AMZN
2024-08-22,181.3800048828125,181.47000122070312,175.67999267578125,176.1300048828125,176.1300048828125,32047500,AMZN
2024-08-23,177.33999633789062,178.97000122070312,175.24000549316406,177.0399932861328,177.0399932861328,29150100,AMZN
2024-08-26,176.6999969482422,177.47000122070312,174.3000030517578,175.5,175.5,22366200,AMZN
2024-08-27,174.14999389648438,174.88999938964844,172.25,173.1199951171875,173.1199951171875,29842000,AMZN
2024-08-28,173.69000244140625,173.69000244140625,168.9199981689453,170.8000030517578,170.8000030517578,29045000,AMZN
2024-08-29,173.22000122070312,174.2899932861328,170.80999755859375,172.1199951171875,172.1199951171875,26407800,AMZN
2024-08-30,172.77999877929688,178.89999389648438,172.60000610351562,178.5,178.5,43429400,AMZN
2024-09-03,177.5500030517578,178.25999450683594,175.25999450683594,176.25,176.25,37817500,AMZN
2024-09-04,174.47999572753906,175.97999572753906,172.5399932861328,173.3300018310547,173.3300018310547,30309200,AMZN
2024-09-05,175.0,179.8800048828125,175.0,177.88999938964844,177.88999938964844,40170500,AMZN
2024-09-06,177.24000549316406,178.3800048828125,171.16000366210938,171.38999938964844,171.38999938964844,41466500,AMZN
2024-09-09,174.52999877929688,175.85000610351562,173.50999450683594,175.39999389648438,175.39999389648438,29037400,AMZN
2024-09-10,177.49000549316406,180.5,176.7899932861328,179.5500030517578,179.5500030517578,36233800,AMZN
2024-09-11,180.10000610351562,184.99000549316406,175.72999572753906,184.52000427246094,184.52000427246094,42564700,AMZN
2024-09-12,184.8000030517578,187.41000366210938,183.5399932861328,187.0,187.0,33544200,AMZN
2024-09-13,187.0,188.5,185.91000366210938,186.49000549316406,186.49000549316406,26495400,AMZN
2024-09-16,185.2899932861328,185.80999755859375,183.36000061035156,184.88999938964844,184.88999938964844,26065500,AMZN
2024-09-17,186.85000610351562,189.4499969482422,186.13999938964844,186.8800048828125,186.8800048828125,26091700,AMZN
2024-09-18,186.4499969482422,188.8000030517578,185.05999755859375,186.42999267578125,186.42999267578125,34448100,AMZN
2024-09-19,190.0399932861328,190.99000549316406,188.47000122070312,189.8699951171875,189.8699951171875,39543200,AMZN
2024-09-20,190.22999572753906,191.83999633789062,187.41000366210938,191.60000610351562,191.60000610351562,100378600,AMZN
2024-09-23,191.63999938964844,194.4499969482422,190.57000732421875,193.8800048828125,193.8800048828125,36993100,AMZN
2024-09-24,194.27000427246094,195.3699951171875,190.1300048828125,193.9600067138672,193.9600067138672,43478900,AMZN
2024-09-25,193.75,193.9499969482422,192.16000366210938,192.52999877929688,192.52999877929688,26391100,AMZN
2024-09-26,194.30999755859375,194.52999877929688,189.5399932861328,191.16000366210938,191.16000366210938,36334900,AMZN
2024-09-27,190.67999267578125,190.89999389648438,187.33999633789062,187.97000122070312,187.97000122070312,36002300,AMZN
2024-09-30,187.13999938964844,188.49000549316406,184.64999389648438,186.3300018310547,186.3300018310547,41583900,AMZN
2024-10-01,184.89999389648438,186.19000244140625,183.4499969482422,185.1300048828125,185.1300048828125,36044900,AMZN
2024-10-02,184.44000244140625,186.60000610351562,184.0399932861328,184.75999450683594,184.75999450683594,23704100,AMZN
2024-10-03,183.0500030517578,183.44000244140625,180.8800048828125,181.9600067138672,181.9600067138672,30204300,AMZN
2024-10-04,185.75,187.60000610351562,183.60000610351562,186.50999450683594,186.50999450683594,40890300,AMZN
2024-10-07,182.9499969482422,183.60000610351562,180.25,180.8000030517578,180.8000030517578,42364200,AMZN
2024-10-08,181.9199981689453,183.08999633789062,180.9199981689453,182.72000122070312,182.72000122070312,26372100,AMZN
2024-10-09,182.82000732421875,185.85000610351562,182.0500030517578,185.1699981689453,185.1699981689453,26343100,AMZN
2024-10-10,187.1300048828125,188.1300048828125,185.8300018310547,186.64999389648438,186.64999389648438,27785000,AMZN
2024-10-11,186.6300048828125,189.92999267578125,186.3000030517578,188.82000732421875,188.82000732421875,25751600,AMZN
2024-10-14,189.77999877929688,189.8300018310547,187.36000061035156,187.5399932861328,187.5399932861328,22614400,AMZN
2024-10-15,187.6300048828125,188.41000366210938,184.5800018310547,187.69000244140625,187.69000244140625,32178900,AMZN
2024-10-16,187.0500030517578,187.77999877929688,185.61000061035156,186.88999938964844,186.88999938964844,23456800,AMZN
2024-10-17,188.22000122070312,188.94000244140625,186.0,187.52999877929688,187.52999877929688,25039400,AMZN
2024-10-18,187.14999389648438,190.74000549316406,186.27999877929688,188.99000549316406,188.99000549316406,37417700,AMZN
2024-10-21,188.0500030517578,189.4600067138672,186.39999389648438,189.07000732421875,189.07000732421875,24639400,AMZN
2024-10-22,188.35000610351562,191.52000427246094,186.97999572753906,189.6999969482422,189.6999969482422,29650600,AMZN
2024-10-23,188.85000610351562,189.16000366210938,183.69000244140625,184.7100067138672,184.7100067138672,31937100,AMZN
2024-10-24,185.25,187.11000061035156,183.86000061035156,186.3800048828125,186.3800048828125,21647400,AMZN
2024-10-25,187.85000610351562,190.4499969482422,187.52999877929688,187.8300018310547,187.8300018310547,29362100,AMZN
2024-10-28,189.57000732421875,190.2100067138672,188.2100067138672,188.38999938964844,188.38999938964844,27930800,AMZN
2024-10-29,188.5800018310547,191.4600067138672,187.82000732421875,190.8300018310547,190.8300018310547,35690200,AMZN
2024-10-30,194.6999969482422,195.61000061035156,192.4199981689453,192.72999572753906,192.72999572753906,37707600,AMZN
2024-10-31,190.50999450683594,190.60000610351562,185.22999572753906,186.39999389648438,186.39999389648438,75146800,AMZN
2024-11-01,199.0,200.5,197.02000427246094,197.92999267578125,197.92999267578125,99687800,AMZN
2024-11-04,196.4499969482422,197.3300018310547,194.30999755859375,195.77999877929688,195.77999877929688,38492100,AMZN
2024-11-05,196.0399932861328,199.82000732421875,195.99000549316406,199.5,199.5,30564800,AMZN
2024-11-06,200.00999450683594,207.5500030517578,199.13999938964844,207.08999633789062,207.08999633789062,72292200,AMZN
2024-11-07,207.44000244140625,212.25,207.19000244140625,210.0500030517578,210.0500030517578,52878400,AMZN
2024-11-08,209.72000122070312,209.9600067138672,207.44000244140625,208.17999267578125,208.17999267578125,36075800,AMZN
2024-11-11,208.5,209.64999389648438,205.58999633789062,206.83999633789062,206.83999633789062,35456000,AMZN
2024-11-12,208.3699951171875,209.5399932861328,206.00999450683594,208.91000366210938,208.91000366210938,38942900,AMZN
2024-11-13,209.39999389648438,215.08999633789062,209.13999938964844,214.10000610351562,214.10000610351562,46212900,AMZN
2024-11-14,214.16000366210938,215.89999389648438,210.8800048828125,211.47999572753906,211.47999572753906,42620300,AMZN
2024-11-15,206.75999450683594,207.33999633789062,199.61000061035156,202.61000061035156,202.61000061035156,86591100,AMZN
2024-11-18,204.14999389648438,204.6699981689453,200.9499969482422,201.6999969482422,201.6999969482422,36409900,AMZN
2024-11-19,199.3300018310547,205.3000030517578,198.77999877929688,204.61000061035156,204.61000061035156,31197900,AMZN
2024-11-20,202.97999572753906,203.1300048828125,199.4499969482422,202.8800048828125,202.8800048828125,32769000,AMZN
2024-11-21,203.49000549316406,203.49000549316406,195.75,198.3800048828125,198.3800048828125,58800000,AMZN
2024-11-22,198.25,199.25999450683594,196.75,197.1199951171875,197.1199951171875,31530800,AMZN
2024-11-25,199.27999877929688,201.9499969482422,199.0,201.4499969482422,201.4499969482422,40685700,AMZN
2024-11-26,201.89999389648438,208.0,201.7899932861328,207.86000061035156,207.86000061035156,41673700,AMZN
2024-11-27,206.97999572753906,207.63999938964844,205.0500030517578,205.74000549316406,205.74000549316406,28061600,AMZN
2024-11-29,205.8300018310547,208.1999969482422,204.58999633789062,207.88999938964844,207.88999938964844,24892400,AMZN
2024-12-02,209.9600067138672,212.99000549316406,209.50999450683594,210.7100067138672,210.7100067138672,39523200,AMZN
2024-12-03,210.30999755859375,214.02000427246094,209.64999389648438,213.44000244140625,213.44000244140625,32214800,AMZN
2024-12-04,215.9600067138672,220.0,215.75,218.16000366210938,218.16000366210938,48745700,AMZN
2024-12-05,218.02999877929688,222.14999389648438,217.3000030517578,220.5500030517578,220.5500030517578,41140200,AMZN
2024-12-06,220.75,227.14999389648438,220.60000610351562,227.02999877929688,227.02999877929688,44178100,AMZN
2024-12-09,227.2100067138672,230.0800018310547,225.6699981689453,226.08999633789062,226.08999633789062,46819400,AMZN
2024-12-10,226.08999633789062,229.05999755859375,224.1999969482422,225.0399932861328,225.0399932861328,31199900,AMZN
2024-12-11,226.41000366210938,231.1999969482422,226.25999450683594,230.25999450683594,230.25999450683594,35385800,AMZN
2024-12-12,229.8300018310547,231.08999633789062,227.6300048828125,228.97000122070312,228.97000122070312,28204100,AMZN
2024-12-13,228.39999389648438,230.1999969482422,225.86000061035156,227.4600067138672,227.4600067138672,28768100,AMZN
2024-12-16,230.22999572753906,233.0,228.00999450683594,232.92999267578125,232.92999267578125,37552100,AMZN
2024-12-17,232.38999938964844,232.72999572753906,227.85000610351562,231.14999389648438,231.14999389648438,35948100,AMZN
2024-12-18,230.77000427246094,231.39999389648438,220.11000061035156,220.52000427246094,220.52000427246094,43281400,AMZN
2024-12-19,224.91000366210938,226.08999633789062,222.9199981689453,223.2899932861328,223.2899932861328,39918700,AMZN
2024-12-20,219.83999633789062,226.2100067138672,218.72999572753906,224.9199981689453,224.9199981689453,88279200,AMZN
2024-12-23,225.00999450683594,226.8800048828125,223.89999389648438,225.05999755859375,225.05999755859375,28070000,AMZN
2024-12-24,226.94000244140625,229.13999938964844,226.1300048828125,229.0500030517578,229.0500030517578,15007500,AMZN
2024-12-26,228.5,228.5,226.6699981689453,227.0500030517578,227.0500030517578,16146700,AMZN
2024-12-27,225.60000610351562,226.02999877929688,220.89999389648438,223.75,223.75,27367100,AMZN
2024-12-30,220.05999755859375,223.0,218.42999267578125,221.3000030517578,221.3000030517578,28321200,AMZN
2024-12-31,222.97000122070312,223.22999572753906,218.94000244140625,219.38999938964844,219.38999938964844,24819700,AMZN
2025-01-02,222.02999877929688,225.14999389648438,218.19000244140625,220.22000122070312,220.22000122070312,33956600,AMZN
2025-01-03,222.50999450683594,225.36000061035156,221.6199951171875,224.19000244140625,224.19000244140625,27515600,AMZN
2025-01-06,226.77999877929688,228.83999633789062,224.83999633789062,227.61000061035156,227.61000061035156,31849800,AMZN
2025-01-07,227.89999389648438,228.3800048828125,221.4600067138672,222.11000061035156,222.11000061035156,28084200,AMZN
2025-01-08,223.19000244140625,223.52000427246094,220.1999969482422,222.1300048828125,222.1300048828125,25033300,AMZN
2025-01-10,221.4600067138672,221.7100067138672,216.5,218.94000244140625,218.94000244140625,36811500,AMZN
2025-01-13,218.05999755859375,219.39999389648438,216.47000122070312,218.4600067138672,218.4600067138672,27262700,AMZN
2025-01-14,220.44000244140625,221.82000732421875,216.1999969482422,217.75999450683594,217.75999450683594,24711700,AMZN
2025-01-15,222.8300018310547,223.57000732421875,220.75,223.35000610351562,223.35000610351562,31291300,AMZN
2025-01-16,224.4199981689453,224.64999389648438,220.30999755859375,220.66000366210938,220.66000366210938,24757300,AMZN
2025-01-17,225.83999633789062,226.50999450683594,223.0800018310547,225.94000244140625,225.94000244140625,42370100,AMZN
2025-01-21,228.89999389648438,231.77999877929688,226.94000244140625,230.7100067138672,230.7100067138672,39951500,AMZN
2025-01-22,232.02000427246094,235.44000244140625,231.19000244140625,235.00999450683594,235.00999450683594,41448200,AMZN
2025-01-23,234.10000610351562,235.52000427246094,231.50999450683594,235.4199981689453,235.4199981689453,26404400,AMZN
2025-01-24,234.5,236.39999389648438,232.92999267578125,234.85000610351562,234.85000610351562,25890700,AMZN
2025-01-27,226.2100067138672,235.61000061035156,225.86000061035156,235.4199981689453,235.4199981689453,49428300,AMZN
2025-01-28,234.2899932861328,241.77000427246094,233.97999572753906,238.14999389648438,238.14999389648438,41587200,AMZN
2025-01-29,239.02000427246094,240.38999938964844,236.14999389648438,237.07000732421875,237.07000732421875,26091700,AMZN
2025-01-30,237.13999938964844,237.9499969482422,232.22000122070312,234.63999938964844,234.63999938964844,32020700,AMZN
2025-01-31,236.5,240.2899932861328,236.41000366210938,237.67999267578125,237.67999267578125,36110200,AMZN
2025-02-03,234.05999755859375,239.25,232.89999389648438,237.4199981689453,237.4199981689453,37285900,AMZN
2025-02-04,239.00999450683594,242.52000427246094,238.02999877929688,242.05999755859375,242.05999755859375,29713800,AMZN
2025-02-05,237.02000427246094,238.32000732421875,235.1999969482422,236.1699981689453,236.1699981689453,38727300,AMZN
2025-02-06,238.00999450683594,239.66000366210938,236.00999450683594,238.8300018310547,238.8300018310547,60897100,AMZN
2025-02-07,232.5,234.80999755859375,228.05999755859375,229.14999389648438,229.14999389648438,77539300,AMZN
2025-02-10,230.5500030517578,233.9199981689453,229.1999969482422,233.13999938964844,233.13999938964844,35419900,AMZN
2025-02-11,231.9199981689453,233.44000244140625,230.1300048828125,232.75999450683594,232.75999450683594,23713700,AMZN
2025-02-12,230.4600067138672,231.17999267578125,228.16000366210938,228.92999267578125,228.92999267578125,32285200,AMZN
2025-02-13,228.85000610351562,230.4199981689453,227.52000427246094,230.3699951171875,230.3699951171875,31346500,AMZN
2025-02-14,229.1999969482422,229.88999938964844,227.22999572753906,228.67999267578125,228.67999267578125,27031100,AMZN
2025-02-18,228.82000732421875,229.3000030517578,223.72000122070312,226.64999389648438,226.64999389648438,42975100,AMZN
2025-02-19,225.52000427246094,226.8300018310547,223.7100067138672,226.6300048828125,226.6300048828125,28566700,AMZN
2025-02-20,224.77999877929688,225.1300048828125,221.80999755859375,222.8800048828125,222.8800048828125,30001700,AMZN
2025-02-21,223.27999877929688,223.30999755859375,214.74000549316406,216.5800018310547,216.5800018310547,55323900,AMZN
2025-02-24,217.4499969482422,217.72000122070312,212.4199981689453,212.7100067138672,212.7100067138672,42387600,AMZN
2025-02-25,211.6300048828125,213.33999633789062,204.16000366210938,212.8000030517578,212.8000030517578,58958000,AMZN
2025-02-26,214.94000244140625,218.16000366210938,213.08999633789062,214.35000610351562,214.35000610351562,39120600,AMZN
2025-02-27,218.35000610351562,219.97000122070312,208.3699951171875,208.74000549316406,208.74000549316406,40548600,AMZN
2025-02-28,208.64999389648438,212.6199951171875,206.99000549316406,212.27999877929688,212.27999877929688,51771700,AMZN
2025-03-03,213.35000610351562,214.00999450683594,202.5500030517578,205.02000427246094,205.02000427246094,42948400,AMZN
2025-03-04,200.11000061035156,206.8000030517578,197.42999267578125,203.8000030517578,203.8000030517578,60853100,AMZN
2025-03-05,204.8000030517578,209.97999572753906,203.25999450683594,208.36000061035156,208.36000061035156,38610100,AMZN
2025-03-06,204.39999389648438,205.77000427246094,198.3000030517578,200.6999969482422,200.6999969482422,49863800,AMZN
2025-03-07,199.49000549316406,202.27000427246094,192.52999877929688,199.25,199.25,59802800,AMZN
2025-03-10,195.60000610351562,196.72999572753906,190.85000610351562,194.5399932861328,194.5399932861328,62350900,AMZN
2025-03-11,193.89999389648438,200.17999267578125,193.39999389648438,196.58999633789062,196.58999633789062,54002900,AMZN
2025-03-12,200.72000122070312,201.52000427246094,195.2899932861328,198.88999938964844,198.88999938964844,43679300,AMZN
2025-03-13,198.1699981689453,198.8800048828125,191.82000732421875,193.88999938964844,193.88999938964844,41270800,AMZN
2025-03-14,197.41000366210938,198.64999389648438,195.32000732421875,197.9499969482422,197.9499969482422,38096700,AMZN
2025-03-17,198.77000427246094,199.0,194.32000732421875,195.74000549316406,195.74000549316406,47341800,AMZN
2025-03-18,192.52000427246094,194.0,189.3800048828125,192.82000732421875,192.82000732421875,40414900,AMZN
2025-03-19,193.3800048828125,195.97000122070312,191.9600067138672,195.5399932861328,195.5399932861328,39442900,AMZN
2025-03-20,193.07000732421875,199.32000732421875,192.3000030517578,194.9499969482422,194.9499969482422,38921100,AMZN
2025-03-21,192.89999389648438,196.99000549316406,192.52000427246094,196.2100067138672,196.2100067138672,60056900,AMZN
2025-03-24,200.0,203.63999938964844,199.9499969482422,203.25999450683594,203.25999450683594,41625400,AMZN
2025-03-25,203.60000610351562,206.2100067138672,203.22000122070312,205.7100067138672,205.7100067138672,31171200,AMZN
2025-03-26,205.83999633789062,206.00999450683594,199.92999267578125,201.1300048828125,201.1300048828125,32855300,AMZN
2025-03-27,200.88999938964844,203.7899932861328,199.27999877929688,201.36000061035156,201.36000061035156,27317700,AMZN
2025-03-28,198.4199981689453,199.25999450683594,191.8800048828125,192.72000122070312,192.72000122070312,52548200,AMZN
2025-03-31,188.19000244140625,191.3300018310547,184.39999389648438,190.25999450683594,190.25999450683594,63547600,AMZN
2025-04-01,187.86000061035156,193.92999267578125,187.1999969482422,192.1699981689453,192.1699981689453,41267300,AMZN
2025-04-02,187.66000366210938,198.33999633789062,187.66000366210938,196.00999450683594,196.00999450683594,53679200,AMZN
2025-04-03,183.0,184.1300048828125,176.9199981689453,178.41000366210938,178.41000366210938,95553600,AMZN
2025-04-04,167.14999389648438,178.13999938964844,166.0,171.0,171.0,123159400,AMZN
2025-04-07,162.0,183.41000366210938,161.3800048828125,175.25999450683594,175.25999450683594,109327100,AMZN
2025-04-08,185.22999572753906,185.89999389648438,168.57000732421875,170.66000366210938,170.66000366210938,87710400,AMZN
2025-04-09,172.1199951171875,192.64999389648438,169.92999267578125,191.10000610351562,191.10000610351562,116804300,AMZN
2025-04-10,185.44000244140625,186.8699951171875,175.85000610351562,181.22000122070312,181.22000122070312,68302000,AMZN
2025-04-11,179.92999267578125,185.86000061035156,178.0,184.8699951171875,184.8699951171875,50594300,AMZN
2025-04-14,186.83999633789062,187.44000244140625,179.22999572753906,182.1199951171875,182.1199951171875,48002500,AMZN
2025-04-15,181.41000366210938,182.35000610351562,177.92999267578125,179.58999633789062,179.58999633789062,43642000,AMZN
2025-04-16,176.2899932861328,179.10000610351562,171.41000366210938,174.3300018310547,174.3300018310547,51875300,AMZN
2025-04-17,176.0,176.2100067138672,172.0,172.61000061035156,172.61000061035156,44726500,AMZN
2025-04-21,169.60000610351562,169.60000610351562,165.2899932861328,167.32000732421875,167.32000732421875,48126100,AMZN
2025-04-22,169.85000610351562,176.77999877929688,169.35000610351562,173.17999267578125,173.17999267578125,56607200,AMZN
2025-04-23,183.4499969482422,187.3800048828125,180.19000244140625,180.60000610351562,180.60000610351562,63470100,AMZN
2025-04-24,180.9199981689453,186.74000549316406,180.17999267578125,186.5399932861328,186.5399932861328,43763200,AMZN
2025-04-25,187.6199951171875,189.94000244140625,185.49000549316406,188.99000549316406,188.99000549316406,36414300,AMZN
2025-04-28,190.11000061035156,190.22000122070312,184.88999938964844,187.6999969482422,187.6999969482422,33224700,AMZN
2025-04-29,183.99000549316406,188.02000427246094,183.67999267578125,187.38999938964844,187.38999938964844,41667300,AMZN
2025-04-30,182.1699981689453,185.0500030517578,178.85000610351562,184.4199981689453,184.4199981689453,55176500,AMZN
2025-05-01,190.6300048828125,191.80999755859375,187.5,190.1999969482422,190.1999969482422,74266000,AMZN
2025-05-02,191.44000244140625,192.8800048828125,186.39999389648438,189.97999572753906,189.97999572753906,77903500,AMZN
2025-05-05,186.50999450683594,188.17999267578125,185.52999877929688,186.35000610351562,186.35000610351562,35217500,AMZN
2025-05-06,184.57000732421875,187.92999267578125,183.85000610351562,185.00999450683594,185.00999450683594,29314100,AMZN
2025-05-07,185.55999755859375,190.99000549316406,185.00999450683594,188.7100067138672,188.7100067138672,43948600,AMZN
2025-05-08,191.42999267578125,194.3300018310547,188.82000732421875,192.0800018310547,192.0800018310547,41043600,AMZN
2025-05-09,193.3800048828125,194.69000244140625,191.16000366210938,193.05999755859375,193.05999755859375,29663100,AMZN
2025-05-12,210.7100067138672,211.66000366210938,205.75,208.63999938964844,208.63999938964844,75205000,AMZN
2025-05-13,211.0800018310547,214.83999633789062,210.10000610351562,211.3699951171875,211.3699951171875,56193700,AMZN
2025-05-14,211.4499969482422,211.92999267578125,208.85000610351562,210.25,210.25,38492100,AMZN
2025-05-15,206.4499969482422,206.8800048828125,202.6699981689453,205.1699981689453,205.1699981689453,64347300,AMZN
2025-05-16,206.85000610351562,206.85000610351562,204.3699951171875,205.58999633789062,205.58999633789062,43318500,AMZN
2025-05-19,201.64999389648438,206.6199951171875,201.25999450683594,206.16000366210938,206.16000366210938,34314800,AMZN
2025-05-20,204.6300048828125,205.58999633789062,202.64999389648438,204.07000732421875,204.07000732421875,29470400,AMZN
2025-05-21,201.61000061035156,203.4600067138672,200.05999755859375,201.1199951171875,201.1199951171875,42460900,AMZN
2025-05-22,201.3800048828125,205.75999450683594,200.16000366210938,203.10000610351562,203.10000610351562,38938900,AMZN
2025-05-23,198.89999389648438,202.3699951171875,197.85000610351562,200.99000549316406,200.99000549316406,33393500,AMZN
2025-05-27,203.08999633789062,206.69000244140625,202.19000244140625,206.02000427246094,206.02000427246094,34892000,AMZN
2025-05-28,205.9199981689453,207.66000366210938,204.41000366210938,204.72000122070312,204.72000122070312,28549800,AMZN
2025-05-29,208.02999877929688,208.80999755859375,204.22999572753906,205.6999969482422,205.6999969482422,34650000,AMZN
2025-05-30,204.83999633789062,205.99000549316406,201.6999969482422,205.00999450683594,205.00999450683594,51679400,AMZN
2025-06-02,204.97999572753906,207.0,202.67999267578125,206.64999389648438,206.64999389648438,29113300,AMZN
2025-06-03,207.11000061035156,208.9499969482422,205.02999877929688,205.7100067138672,205.7100067138672,33139100,AMZN
2025-06-04,206.5500030517578,208.17999267578125,205.17999267578125,207.22999572753906,207.22999572753906,29915600,AMZN
2025-06-05,209.5500030517578,212.80999755859375,207.55999755859375,207.91000366210938,207.91000366210938,51864200,AMZN
2025-06-06,212.39999389648438,213.8699951171875,210.5,213.57000732421875,213.57000732421875,39832500,AMZN
2025-06-09,214.75,217.85000610351562,212.8800048828125,216.97999572753906,216.97999572753906,38102500,AMZN
2025-06-10,216.77999877929688,217.69000244140625,214.14999389648438,217.61000061035156,217.61000061035156,31303300,AMZN
2025-06-11,217.41000366210938,218.39999389648438,212.88999938964844,213.1999969482422,213.1999969482422,39326000,AMZN
2025-06-12,211.77999877929688,213.5800018310547,211.3300018310547,213.24000549316406,213.24000549316406,27640000,AMZN
2025-06-13,209.9600067138672,214.0500030517578,209.6199951171875,212.10000610351562,212.10000610351562,29337800,AMZN
2025-06-16,212.30999755859375,217.05999755859375,211.60000610351562,216.10000610351562,216.10000610351562,33284200,AMZN
2025-06-17,215.1999969482422,217.41000366210938,214.55999755859375,214.82000732421875,214.82000732421875,32086300,AMZN
2025-06-18,215.08999633789062,217.9600067138672,212.33999633789062,212.52000427246094,212.52000427246094,44360500,AMZN
2025-06-20,214.67999267578125,214.88999938964844,208.27000427246094,209.69000244140625,209.69000244140625,75350700,AMZN
2025-06-23,209.7899932861328,210.38999938964844,207.30999755859375,208.47000122070312,208.47000122070312,37311700,AMZN
2025-06-24,212.13999938964844,214.33999633789062,211.0500030517578,212.77000427246094,212.77000427246094,38378800,AMZN
2025-06-25,214.6199951171875,216.02999877929688,211.11000061035156,211.99000549316406,211.99000549316406,31755700,AMZN
2025-06-26,213.1199951171875,218.0399932861328,212.00999450683594,217.1199951171875,217.1199951171875,50480800,AMZN
2025-06-27,219.9199981689453,223.3000030517578,216.74000549316406,223.3000030517578,223.3000030517578,119217100,AMZN
2025-06-30,223.52000427246094,223.82000732421875,219.1199951171875,219.38999938964844,219.38999938964844,58887800,AMZN
2025-07-01,219.5,221.8800048828125,217.92999267578125,220.4600067138672,220.4600067138672,39256800,AMZN
2025-07-02,219.72999572753906,221.60000610351562,219.05999755859375,219.9199981689453,219.9199981689453,30894200,AMZN
2025-07-03,221.82000732421875,224.00999450683594,221.36000061035156,223.41000366210938,223.41000366210938,29632400,AMZN
2025-07-07,223.0,224.2899932861328,222.3699951171875,223.47000122070312,223.47000122070312,36604100,AMZN
2025-07-08,223.9199981689453,224.0,218.42999267578125,219.36000061035156,219.36000061035156,45692000,AMZN
2025-07-09,221.07000732421875,224.2899932861328,220.47000122070312,222.5399932861328,222.5399932861328,38155100,AMZN
2025-07-10,221.5500030517578,222.7899932861328,219.6999969482422,222.25999450683594,222.25999450683594,30370600,AMZN
2025-07-11,223.5800018310547,226.67999267578125,222.3699951171875,225.02000427246094,225.02000427246094,50518300,AMZN
2025-07-14,225.07000732421875,226.66000366210938,224.24000549316406,225.69000244140625,225.69000244140625,35702600,AMZN
2025-07-15,226.1999969482422,227.27000427246094,225.4600067138672,226.35000610351562,226.35000610351562,34907300,AMZN
2025-07-16,225.8800048828125,226.10000610351562,222.17999267578125,223.19000244140625,223.19000244140625,39535900,AMZN
2025-07-17,223.32000732421875,224.5,222.50999450683594,223.8800048828125,223.8800048828125,31855800,AMZN
2025-07-18,225.13999938964844,226.39999389648438,222.97999572753906,226.1300048828125,226.1300048828125,37833800,AMZN
2025-07-21,225.83999633789062,229.69000244140625,225.64999389648438,229.3000030517578,229.3000030517578,40297600,AMZN
2025-07-22,229.67999267578125,230.0,226.35000610351562,227.47000122070312,227.47000122070312,37483700,AMZN
2025-07-23,228.47000122070312,228.7899932861328,227.08999633789062,228.2899932861328,228.2899932861328,28294900,AMZN
2025-07-24,229.1699981689453,236.0,228.63999938964844,232.22999572753906,232.22999572753906,42902300,AMZN
2025-07-25,232.22000122070312,232.47999572753906,231.17999267578125,231.44000244140625,231.44000244140625,28712100,AMZN
2025-07-28,233.35000610351562,234.2899932861328,232.25,232.7899932861328,232.7899932861328,26300100,AMZN
2025-07-29,234.14999389648438,234.72000122070312,230.30999755859375,231.00999450683594,231.00999450683594,33716200,AMZN
2025-07-30,231.63999938964844,231.8000030517578,229.2899932861328,230.19000244140625,230.19000244140625,32993300,AMZN
2025-07-31,235.77000427246094,236.52999877929688,231.39999389648438,234.11000061035156,234.11000061035156,104357300,AMZN
2025-08-01,217.2100067138672,220.44000244140625,212.8000030517578,214.75,214.75,122258800,AMZN
2025-08-04,217.39999389648438,217.44000244140625,211.4199981689453,211.64999389648438,211.64999389648438,77890100,AMZN
2025-08-05,213.0500030517578,216.3000030517578,212.8699951171875,213.75,213.75,51505100,AMZN
2025-08-06,214.6999969482422,222.64999389648438,213.74000549316406,222.30999755859375,222.30999755859375,54823000,AMZN
2025-08-07,221.0,226.22000122070312,220.82000732421875,223.1300048828125,223.1300048828125,40603500,AMZN
2025-08-08,223.13999938964844,223.8000030517578,221.8800048828125,222.69000244140625,222.69000244140625,32970500,AMZN
2025-08-11,221.77999877929688,223.0500030517578,220.39999389648438,221.3000030517578,221.3000030517578,31646200,AMZN
2025-08-12,222.22999572753906,223.5,219.0500030517578,221.47000122070312,221.47000122070312,37185800,AMZN
2025-08-13,222.0,224.9199981689453,222.0,224.55999755859375,224.55999755859375,36508300,AMZN
2025-08-14,227.39999389648438,233.11000061035156,227.02000427246094,230.97999572753906,230.97999572753906,61545800,AMZN
2025-08-15,232.5800018310547,234.0800018310547,229.80999755859375,231.02999877929688,231.02999877929688,39649200,AMZN
2025-08-18,230.22999572753906,231.91000366210938,228.3300018310547,231.49000549316406,231.49000549316406,25248900,AMZN
2025-08-19,230.08999633789062,230.52999877929688,227.1199951171875,228.00999450683594,228.00999450683594,29891000,AMZN
2025-08-20,227.1199951171875,227.27000427246094,220.9199981689453,223.80999755859375,223.80999755859375,36604300,AMZN
2025-08-21,222.64999389648438,222.77999877929688,220.5,221.9499969482422,221.9499969482422,32140500,AMZN
2025-08-22,222.7899932861328,229.13999938964844,220.82000732421875,228.83999633789062,228.83999633789062,37315300,AMZN
2025-08-25,227.35000610351562,229.60000610351562,227.30999755859375,227.94000244140625,227.94000244140625,22633700,AMZN
2025-08-26,227.11000061035156,229.0,226.02000427246094,228.7100067138672,228.7100067138672,26105400,AMZN
2025-08-27,228.57000732421875,229.8699951171875,227.80999755859375,229.1199951171875,229.1199951171875,21254500,AMZN
2025-08-28,229.00999450683594,232.7100067138672,228.02000427246094,231.60000610351562,231.60000610351562,33679600,AMZN
2025-08-29,231.32000732421875,231.80999755859375,228.16000366210938,229.0,229.0,26199200,AMZN
2025-09-02,223.52000427246094,226.1699981689453,221.8300018310547,225.33999633789062,225.33999633789062,38843900,AMZN
2025-09-03,225.2100067138672,227.1699981689453,224.36000061035156,225.99000549316406,225.99000549316406,29223100,AMZN
2025-09-04,231.19000244140625,235.77000427246094,230.77999877929688,235.67999267578125,235.67999267578125,59391800,AMZN
2025-09-05,235.19000244140625,236.0,231.92999267578125,232.3300018310547,232.3300018310547,36721800,AMZN
2025-09-08,234.94000244140625,237.60000610351562,233.75,235.83999633789062,235.83999633789062,33947100,AMZN
2025-09-09,236.36000061035156,238.85000610351562,235.0800018310547,238.24000549316406,238.24000549316406,27033800,AMZN
2025-09-10,237.52000427246094,237.67999267578125,229.10000610351562,230.3300018310547,230.3300018310547,60907700,AMZN
2025-09-11,231.49000549316406,231.52999877929688,229.33999633789062,229.9499969482422,229.9499969482422,37485600,AMZN
2025-09-12,230.35000610351562,230.7899932861328,226.2899932861328,228.14999389648438,228.14999389648438,38496200,AMZN
2025-09-15,230.6300048828125,233.72999572753906,230.32000732421875,231.42999267578125,231.42999267578125,33243300,AMZN
2025-09-16,232.94000244140625,235.89999389648438,232.22999572753906,234.0500030517578,234.0500030517578,38203900,AMZN
2025-09-17,233.77000427246094,234.3000030517578,228.7100067138672,231.6199951171875,231.6199951171875,42815200,AMZN
2025-09-18,232.5,233.47999572753906,228.7899932861328,231.22999572753906,231.22999572753906,37931700,AMZN
2025-09-19,232.3699951171875,234.16000366210938,229.6999969482422,231.47999572753906,231.47999572753906,97943200,AMZN
2025-09-22,230.55999755859375,230.57000732421875,227.50999450683594,227.6300048828125,227.6300048828125,45914500,AMZN
2025-09-23,227.8300018310547,227.86000061035156,220.07000732421875,220.7100067138672,220.7100067138672,70956200,AMZN
2025-09-24,224.14999389648438,224.55999755859375,219.4499969482422,220.2100067138672,220.2100067138672,49509000,AMZN
2025-09-25,220.05999755859375,220.6699981689453,216.47000122070312,218.14999389648438,218.14999389648438,52226300,AMZN
2025-09-26,219.0800018310547,221.0500030517578,218.02000427246094,219.77999877929688,219.77999877929688,41650100,AMZN
2025-09-29,220.0800018310547,222.60000610351562,219.3000030517578,222.1699981689453,222.1699981689453,44259200,AMZN
2025-09-30,222.02999877929688,222.24000549316406,217.88999938964844,219.57000732421875,219.57000732421875,48396400,AMZN
2025-10-01,217.36000061035156,222.14999389648438,216.61000061035156,220.6300048828125,220.6300048828125,43933800,AMZN
2025-10-02,221.00999450683594,222.80999755859375,218.9499969482422,222.41000366210938,222.41000366210938,41258600,AMZN
2025-10-03,223.44000244140625,224.1999969482422,219.33999633789062,219.50999450683594,219.50999450683594,43639000,AMZN
2025-10-06,221.0,221.72999572753906,216.02999877929688,220.89999389648438,220.89999389648438,43690900,AMZN
2025-10-07,220.8800048828125,222.88999938964844,220.1699981689453,221.77999877929688,221.77999877929688,31194700,AMZN
2025-10-08,222.9199981689453,226.72999572753906,221.19000244140625,225.22000122070312,225.22000122070312,46686000,AMZN
2025-10-09,225.0,228.2100067138672,221.75,227.74000549316406,227.74000549316406,46412100,AMZN
2025-10-10,226.2100067138672,228.25,216.0,216.3699951171875,216.3699951171875,72367500,AMZN
2025-10-13,217.6999969482422,220.67999267578125,217.0399932861328,220.07000732421875,220.07000732421875,37809700,AMZN
2025-10-14,215.55999755859375,219.32000732421875,212.60000610351562,216.38999938964844,216.38999938964844,45665600,AMZN
2025-10-15,216.6199951171875,217.7100067138672,212.66000366210938,215.57000732421875,215.57000732421875,45909500,AMZN
2025-10-16,215.6699981689453,218.58999633789062,212.80999755859375,214.47000122070312,214.47000122070312,42414600,AMZN
2025-10-17,214.55999755859375,214.8000030517578,211.02999877929688,213.0399932861328,213.0399932861328,45986900,AMZN
2025-10-20,213.8800048828125,216.69000244140625,213.58999633789062,216.47999572753906,216.47999572753906,38882800,AMZN
2025-10-21,218.42999267578125,223.32000732421875,217.99000549316406,222.02999877929688,222.02999877929688,50494600,AMZN
2025-10-22,219.3000030517578,220.00999450683594,216.52000427246094,217.9499969482422,217.9499969482422,44308500,AMZN
2025-10-23,219.0,221.3000030517578,218.17999267578125,221.08999633789062,221.08999633789062,31540000,AMZN
2025-10-24,221.97000122070312,225.39999389648438,221.89999389648438,224.2100067138672,224.2100067138672,38685100,AMZN
2025-10-27,227.66000366210938,228.39999389648438,225.5399932861328,226.97000122070312,226.97000122070312,38267000,AMZN
2025-10-28,228.22000122070312,231.49000549316406,226.2100067138672,229.25,229.25,47100000,AMZN
2025-10-29,231.6699981689453,232.82000732421875,227.75999450683594,230.3000030517578,230.3000030517578,52036200,AMZN
2025-10-30,227.05999755859375,228.44000244140625,222.75,222.86000061035156,222.86000061035156,102252900,AMZN
2025-10-31,250.10000610351562,250.5,243.97999572753906,244.22000122070312,244.22000122070312,166340800,AMZN
2025-11-03,255.36000061035156,258.6000061035156,252.89999389648438,254.0,254.0,95997800,AMZN
2025-11-04,250.3800048828125,257.010009765625,248.66000366210938,249.32000732421875,249.32000732421875,51546300,AMZN
2025-11-05,249.02999877929688,251.0,246.16000366210938,250.1999969482422,250.1999969482422,40610700,AMZN
2025-11-06,249.16000366210938,250.3800048828125,242.1699981689453,243.0399932861328,243.0399932861328,46004200,AMZN
2025-11-07,242.89999389648438,244.89999389648438,238.49000549316406,244.41000366210938,244.41000366210938,46374300,AMZN
2025-11-10,248.33999633789062,251.75,245.58999633789062,248.39999389648438,248.39999389648438,36476500,AMZN
2025-11-11,248.41000366210938,249.75,247.22999572753906,249.10000610351562,249.10000610351562,23564100,AMZN
2025-11-12,250.24000549316406,250.3699951171875,243.75,244.1999969482422,244.1999969482422,31190100,AMZN
2025-11-13,243.0500030517578,243.75,236.5,237.5800018310547,237.5800018310547,41401700,AMZN
2025-11-14,235.05999755859375,238.72999572753906,232.88999938964844,234.69000244140625,234.69000244140625,38956700,AMZN
2025-11-17,233.25,234.60000610351562,229.19000244140625,232.8699951171875,232.8699951171875,59919000,AMZN
2025-11-18,228.10000610351562,230.1999969482422,222.4199981689453,222.5500030517578,222.5500030517578,60608400,AMZN
2025-11-19,223.74000549316406,223.74000549316406,218.52000427246094,222.69000244140625,222.69000244140625,58335600,AMZN
2025-11-20,227.0500030517578,227.41000366210938,216.74000549316406,217.13999938964844,217.13999938964844,50309000,AMZN
2025-11-21,216.35000610351562,222.2100067138672,215.17999267578125,220.69000244140625,220.69000244140625,68490500,AMZN
2025-11-24,222.55999755859375,227.3300018310547,222.27000427246094,226.27999877929688,226.27999877929688,54318400,AMZN
2025-11-25,226.3800048828125,230.52000427246094,223.8000030517578,229.6699981689453,229.6699981689453,39379300,AMZN
2025-11-26,230.74000549316406,231.75,228.77000427246094,229.16000366210938,229.16000366210938,38497900,AMZN
2025-11-28,231.24000549316406,233.2899932861328,230.22000122070312,233.22000122070312,233.22000122070312,20292300,AMZN
2025-12-01,233.22000122070312,235.8000030517578,232.25,233.8800048828125,233.8800048828125,42904000,AMZN
2025-12-02,235.00999450683594,238.97000122070312,233.5500030517578,234.4199981689453,234.4199981689453,45785400,AMZN
2025-12-03,233.35000610351562,233.3800048828125,230.61000061035156,232.3800048828125,232.3800048828125,35495100,AMZN
2025-12-04,232.77000427246094,233.5,226.8000030517578,229.11000061035156,229.11000061035156,45683200,AMZN
2025-12-05,230.32000732421875,231.24000549316406,228.5500030517578,229.52999877929688,229.52999877929688,33117400,AMZN
2025-12-08,229.58999633789062,230.8300018310547,226.27000427246094,226.88999938964844,226.88999938964844,35019200,AMZN
2025-12-09,226.83999633789062,228.57000732421875,225.11000061035156,227.9199981689453,227.9199981689453,25841700,AMZN
2025-12-10,228.80999755859375,232.4199981689453,228.4600067138672,231.77999877929688,231.77999877929688,38790700,AMZN
2025-12-11,230.7100067138672,232.11000061035156,228.69000244140625,230.27999877929688,230.27999877929688,28249600,AMZN
2025-12-12,229.8699951171875,230.0800018310547,225.1199951171875,226.19000244140625,226.19000244140625,35639100,AMZN
2025-12-15,227.92999267578125,227.92999267578125,221.5,222.5399932861328,222.5399932861328,47286100,AMZN
2025-12-16,223.0399932861328,223.66000366210938,221.1300048828125,222.55999755859375,222.55999755859375,39298900,AMZN
2025-12-17,224.66000366210938,225.19000244140625,220.99000549316406,221.27000427246094,221.27000427246094,44034400,AMZN
2025-12-18,225.7100067138672,229.22999572753906,224.41000366210938,226.75999450683594,226.75999450683594,50272400,AMZN
2025-12-19,226.75999450683594,229.1300048828125,225.5800018310547,227.35000610351562,227.35000610351562,85544400,AMZN
2025-12-22,228.61000061035156,229.47999572753906,226.7100067138672,228.42999267578125,228.42999267578125,32261300,AMZN
2025-12-23,229.05999755859375,232.4499969482422,228.72999572753906,232.13999938964844,232.13999938964844,29230200,AMZN
2025-12-24,232.1300048828125,232.9499969482422,231.3300018310547,232.3800048828125,232.3800048828125,11420500,AMZN
2025-12-26,232.0399932861328,232.99000549316406,231.17999267578125,232.52000427246094,232.52000427246094,15994700,AMZN
2025-12-29,231.94000244140625,232.60000610351562,230.77000427246094,232.07000732421875,232.07000732421875,19797900,AMZN
2025-12-30,231.2100067138672,232.77000427246094,230.1999969482422,232.52999877929688,232.52999877929688,21910500,AMZN
2025-12-31,232.91000366210938,232.99000549316406,230.1199951171875,230.82000732421875,230.82000732421875,24383700,AMZN
2026-01-02,231.33999633789062,235.4600067138672,224.6999969482422,226.5,226.5,51456200,AMZN
2026-01-05,228.83999633789062,234.0,227.17999267578125,233.05999755859375,233.05999755859375,49733300,AMZN
2026-01-06,232.10000610351562,243.17999267578125,232.07000732421875,240.92999267578125,240.92999267578125,53764700,AMZN
2026-01-07,239.61000061035156,245.2899932861328,239.52000427246094,241.55999755859375,241.55999755859375,42236500,AMZN
2026-01-08,243.05999755859375,246.41000366210938,241.8800048828125,246.2899932861328,246.2899932861328,39509800,AMZN
2026-01-09,244.57000732421875,247.86000061035156,242.24000549316406,247.3800048828125,247.3800048828125,34560000,AMZN
2026-01-12,246.72999572753906,248.94000244140625,245.9600067138672,246.47000122070312,246.47000122070312,35867800,AMZN
2026-01-13,246.52999877929688,247.66000366210938,240.25,242.60000610351562,242.60000610351562,38371800,AMZN
2026-01-14,241.14999389648438,241.27999877929688,236.22000122070312,236.64999389648438,236.64999389648438,41410600,AMZN
2026-01-15,239.30999755859375,240.64999389648438,236.6300048828125,238.17999267578125,238.17999267578125,43003600,AMZN
2026-01-16,239.08999633789062,239.57000732421875,236.41000366210938,239.1199951171875,239.1199951171875,45888300,AMZN
2026-01-20,233.75999450683594,235.08999633789062,229.33999633789062,231.0,231.0,47737900,AMZN
2026-01-21,231.08999633789062,232.3000030517578,226.8800048828125,231.30999755859375,231.30999755859375,47276100,AMZN
2026-01-22,234.0500030517578,235.72000122070312,230.89999389648438,234.33999633789062,234.33999633789062,31913300,AMZN
2026-01-23,234.9600067138672,240.4499969482422,234.57000732421875,239.16000366210938,239.16000366210938,33778500,AMZN
2026-01-26,239.97999572753906,240.9499969482422,237.5399932861328,238.4199981689453,238.4199981689453,32825500,AMZN
2026-01-27,239.69000244140625,244.8800048828125,238.0800018310547,244.67999267578125,244.67999267578125,38029200,AMZN
2026-01-28,246.3699951171875,247.77999877929688,241.52999877929688,243.00999450683594,243.00999450683594,40882700,AMZN
2026-01-29,242.82000732421875,243.0,236.74000549316406,241.72999572753906,241.72999572753906,47229600,AMZN
2026-01-30,239.88999938964844,243.32000732421875,237.63999938964844,239.3000030517578,239.3000030517578,46585000,AMZN
2026-02-02,238.30999755859375,245.6300048828125,238.1699981689453,242.9600067138672,242.9600067138672,37546100,AMZN
2026-02-03,244.97999572753906,246.35000610351562,235.4499969482422,238.6199951171875,238.6199951171875,53831300,AMZN
2026-02-04,238.86000061035156,238.86000061035156,231.82000732421875,232.99000549316406,232.99000549316406,51299900,AMZN
2026-02-05,224.91000366210938,226.30999755859375,220.3800048828125,222.69000244140625,222.69000244140625,103509200,AMZN
2026-02-06,202.6999969482422,211.44000244140625,200.30999755859375,210.32000732421875,210.32000732421875,179210900,AMZN
2026-02-09,208.97000122070312,212.80999755859375,203.35000610351562,208.72000122070312,208.72000122070312,91178400,AMZN
2026-02-10,208.8000030517578,212.64999389648438,206.41000366210938,206.9600067138672,206.9600067138672,67175000,AMZN
2026-02-11,208.05999755859375,208.57000732421875,202.49000549316406,204.0800018310547,204.0800018310547,65545500,AMZN
2026-02-12,203.9600067138672,203.9600067138672,197.55999755859375,199.60000610351562,199.60000610351562,83975400,AMZN
2026-02-13,198.8800048828125,201.16000366210938,197.27999877929688,198.7899932861328,198.7899932861328,66321600,AMZN
2026-02-17,198.1300048828125,201.74000549316406,196.0,201.14999389648438,201.14999389648438,69879200,AMZN
2026-02-18,202.07000732421875,206.86000061035156,201.50999450683594,204.7899932861328,204.7899932861328,51003300,AMZN
2026-02-19,203.8000030517578,205.63999938964844,202.80999755859375,204.86000061035156,204.86000061035156,35669600,AMZN
2026-02-20,204.75999450683594,211.1699981689453,203.75,210.11000061035156,210.11000061035156,65881600,AMZN
2026-02-23,208.10000610351562,208.42999267578125,203.11000061035156,205.27000427246094,205.27000427246094,53581500,AMZN
2026-02-24,205.47000122070312,210.36000061035156,203.25,208.55999755859375,208.55999755859375,41137200,AMZN
2026-02-25,210.4600067138672,211.58999633789062,208.92999267578125,210.63999938964844,210.63999938964844,41346400,AMZN
2026-02-26,210.72999572753906,211.0500030517578,205.35000610351562,207.9199981689453,207.9199981689453,47756800,AMZN
2026-02-27,206.8300018310547,210.3300018310547,205.1999969482422,210.0,210.0,57422800,AMZN
2026-03-02,204.5500030517578,209.72999572753906,203.4600067138672,208.38999938964844,208.38999938964844,46001000,AMZN
2026-03-03,203.10000610351562,209.17999267578125,202.47999572753906,208.72999572753906,208.72999572753906,43184900,AMZN
2026-03-04,210.47000122070312,217.5399932861328,210.14999389648438,216.82000732421875,216.82000732421875,54731100,AMZN
2026-03-05,215.97999572753906,220.47000122070312,215.58999633789062,218.94000244140625,218.94000244140625,60943400,AMZN
2026-03-06,214.99000549316406,217.32000732421875,212.52999877929688,213.2100067138672,213.2100067138672,51152700,AMZN
2026-03-09,210.4499969482422,213.82000732421875,207.11000061035156,213.49000549316406,213.49000549316406,54642900,AMZN
2026-03-10,214.19000244140625,215.64999389648438,212.42999267578125,214.3300018310547,214.3300018310547,35678800,AMZN
2026-03-11,215.7100067138672,217.0,211.35000610351562,212.64999389648438,212.64999389648438,34199300,AMZN
2026-03-12,210.38999938964844,211.7100067138672,208.14999389648438,209.52999877929688,209.52999877929688,44349500,AMZN
2026-03-13,209.61000061035156,210.55999755859375,206.22000122070312,207.6699981689453,207.6699981689453,35662100,AMZN
2026-03-16,208.35000610351562,212.72000122070312,207.4499969482422,211.74000549316406,211.74000549316406,42209300,AMZN
2026-03-17,212.82000732421875,215.6999969482422,212.42999267578125,215.1999969482422,215.1999969482422,44969900,AMZN
2026-03-18,213.92999267578125,215.13999938964844,208.8300018310547,209.8699951171875,209.8699951171875,37846600,AMZN
2026-03-19,207.05999755859375,209.1199951171875,206.0500030517578,208.75999450683594,208.75999450683594,36440600,AMZN
2026-03-20,207.39999389648438,207.5399932861328,204.32000732421875,205.3699951171875,205.3699951171875,63694600,AMZN
2026-03-23,209.7899932861328,212.8000030517578,209.50999450683594,210.13999938964844,210.13999938964844,44277400,AMZN
2026-03-24,207.9499969482422,209.35000610351562,206.63999938964844,207.24000549316406,207.24000549316406,35351400,AMZN
2026-03-25,211.55999755859375,213.07000732421875,209.89999389648438,211.7100067138672,211.7100067138672,36388800,AMZN
2026-03-26,210.61000061035156,212.88999938964844,207.1199951171875,207.5399932861328,207.5399932861328,46746000,AMZN
2026-03-27,206.4600067138672,206.60000610351562,199.13999938964844,199.33999633789062,199.33999633789062,56009800,AMZN
2026-03-30,201.47999572753906,203.8000030517578,199.97999572753906,200.9499969482422,200.9499969482422,46373800,AMZN
2026-03-31,204.85000610351562,210.27999877929688,204.13999938964844,208.27000427246094,208.27000427246094,58470100,AMZN
2026-04-01,210.44000244140625,213.5800018310547,208.19000244140625,210.57000732421875,210.57000732421875,45955400,AMZN
2026-04-02,206.5399932861328,212.2100067138672,204.89999389648438,209.77000427246094,209.77000427246094,31453000,AMZN
2026-04-06,209.8000030517578,212.9499969482422,209.58999633789062,212.7899932861328,212.7899932861328,25385500,AMZN
2026-04-07,211.24000549316406,213.97000122070312,209.0800018310547,213.77000427246094,213.77000427246094,28154600,AMZN
2026-04-08,223.7899932861328,226.10000610351562,219.6199951171875,221.25,221.25,51092700,AMZN
2026-04-09,225.22999572753906,233.8000030517578,223.27000427246094,233.64999389648438,233.64999389648438,65964200,AMZN
2026-04-10,235.3000030517578,240.42999267578125,235.2100067138672,238.3800048828125,238.3800048828125,56912800,AMZN
2026-04-13,237.4499969482422,240.0,235.75,239.88999938964844,239.88999938964844,42166200,AMZN
2026-04-14,241.77999877929688,252.17999267578125,241.77999877929688,249.02000427246094,249.02000427246094,72685000,AMZN
2026-04-15,249.25,250.44000244140625,247.1999969482422,248.5,248.5,43045200,AMZN
2026-04-16,248.50999450683594,250.0,244.1999969482422,249.6999969482422,249.6999969482422,41895700,AMZN
2026-04-17,254.99000549316406,256.17999267578125,250.11000061035156,250.55999755859375,250.55999755859375,52029300,AMZN
2026-04-20,249.19000244140625,250.17999267578125,245.3699951171875,248.27999877929688,248.27999877929688,39463100,AMZN
2026-04-21,255.08999633789062,255.08999633789062,249.10000610351562,249.91000366210938,249.91000366210938,42922400,AMZN
2026-04-22,252.44000244140625,255.94000244140625,250.3300018310547,255.36000061035156,255.36000061035156,36065100,AMZN
2026-04-23,255.38999938964844,258.7900085449219,253.07000732421875,255.0800018310547,255.0800018310547,39091400,AMZN
2026-04-24,259.9800109863281,264.5,257.69000244140625,263.989990234375,263.989990234375,53777400,AMZN
2026-04-27,263.4599914550781,264.1499938964844,260.3399963378906,261.1199951171875,261.1199951171875,44906800,AMZN
2026-04-28,258.3900146484375,261.0299987792969,256.6300048828125,259.70001220703125,259.70001220703125,42204400,AMZN
2026-04-29,257.989990234375,265.9100036621094,257.70001220703125,263.0400085449219,263.0400085449219,72367900,AMZN
2026-04-30,273.1700134277344,273.8800048828125,256.1600036621094,265.05999755859375,265.05999755859375,100974900,AMZN
2026-05-01,265.5799865722656,273.32000732421875,262.739990234375,268.260009765625,268.260009765625,50825200,AMZN
2026-05-04,268.79998779296875,276.1000061035156,268.79998779296875,272.04998779296875,272.04998779296875,49083700,AMZN
2026-05-05,276.0799865722656,278.55999755859375,272.3800048828125,273.54998779296875,273.54998779296875,41908500,AMZN
2026-05-06,272.8900146484375,277.79998779296875,272.2099914550781,274.989990234375,274.989990234375,44552000,AMZN
2026-05-07,275.0199890136719,276.6300048828125,270.489990234375,271.1700134277344,271.1700134277344,35892900,AMZN
2026-05-08,271.6300048828125,274.0,269.95001220703125,272.67999267578125,272.67999267578125,34732700,AMZN
2026-05-11,269.8399963378906,273.6300048828125,268.4800109863281,268.989990234375,268.989990234375,38176700,AMZN
2026-05-12,266.7099914550781,267.6499938964844,262.6300048828125,265.82000732421875,265.82000732421875,36776200,AMZN
2026-05-13,264.42999267578125,270.7200012207031,263.20001220703125,270.1300048828125,270.1300048828125,39670900,AMZN
2026-05-14,269.1499938964844,270.7799987792969,266.6300048828125,267.2200012207031,267.2200012207031,31338400,AMZN
2026-05-15,262.5,264.3599853515625,260.8900146484375,264.1400146484375,264.1400146484375,40770300,AMZN
2026-05-18,263.8699951171875,268.8500061035156,262.5299987792969,264.8599853515625,264.8599853515625,33690800,AMZN
2026-05-19,262.0400085449219,262.25,255.19000244140625,259.3399963378906,259.3399963378906,40340700,AMZN
2026-05-20,260.04998779296875,265.5799865722656,259.5299987792969,265.010009765625,265.010009765625,34933200,AMZN
2026-05-21,263.5,269.489990234375,261.3699951171875,268.4599914550781,268.4599914550781,36591700,AMZN
2026-05-22,268.6600036621094,269.7900085449219,266.239990234375,266.32000732421875,266.32000732421875,27535500,AMZN
2026-05-26,267.94000244140625,269.29998779296875,262.07000732421875,265.2900085449219,265.2900085449219,38028100,AMZN
2026-05-27,266.1499938964844,272.4100036621094,265.70001220703125,271.8500061035156,271.8500061035156,40061900,AMZN
2026-05-28,272.2699890136719,274.5,267.44000244140625,274.0,274.0,40630400,AMZN
2026-05-29,271.2900085449219,274.75,269.6400146484375,270.6400146484375,270.6400146484375,54749600,AMZN
2026-06-01,266.2900085449219,266.6300048828125,260.70001220703125,261.260009765625,261.260009765625,53604400,AMZN
2026-06-02,257.1600036621094,261.20001220703125,254.3699951171875,256.5199890136719,256.5199890136719,41811000,AMZN
2026-06-03,254.6999969482422,257.0899963378906,247.7100067138672,250.02000427246094,250.02000427246094,51394200,AMZN
2026-06-04,253.1199951171875,255.8300018310547,251.75,253.7899932861328,253.7899932861328,35609800,AMZN
2026-06-05,254.25999450683594,256.3800048828125,245.77999877929688,246.02999877929688,246.02999877929688,55607800,AMZN
2026-06-08,246.67999267578125,249.4199981689453,243.36000061035156,245.22000122070312,245.22000122070312,33899500,AMZN
2026-06-09,247.72999572753906,250.42999267578125,240.39999389648438,244.19000244140625,244.19000244140625,44425400,AMZN
2026-06-10,243.61000061035156,244.07000732421875,237.4499969482422,238.0,238.0,38590200,AMZN
2026-06-11,237.92999267578125,242.13999938964844,235.17999267578125,241.50999450683594,241.50999450683594,41335400,AMZN
2026-06-12,243.2100067138672,243.36000061035156,233.58999633789062,238.5500030517578,238.5500030517578,51186600,AMZN
2026-06-15,245.02000427246094,247.80999755859375,244.72999572753906,246.02000427246094,246.02000427246094,41711600,AMZN
2026-06-16,248.0,249.50999450683594,245.4499969482422,246.0,246.0,35187400,AMZN
2026-06-17,244.89999389648438,245.91000366210938,236.0,237.5,237.5,44780800,AMZN
2026-06-18,240.1199951171875,245.72999572753906,236.02000427246094,244.38999938964844,244.38999938964844,75624400,AMZN
2026-06-22,240.0800018310547,242.0,232.24000549316406,232.7899932861328,232.7899932861328,68388500,AMZN
2026-06-23,232.5500030517578,236.8699951171875,232.0,234.11000061035156,234.11000061035156,60492600,AMZN
2026-06-24,233.85000610351562,242.4199981689453,232.9499969482422,234.27000427246094,234.27000427246094,70282600,AMZN
2026-06-25,232.02000427246094,232.32000732421875,225.5500030517578,227.00999450683594,227.00999450683594,77674100,AMZN
2026-06-26,227.2100067138672,233.89999389648438,226.1300048828125,232.69000244140625,232.69000244140625,248372100,AMZN
2026-06-29,234.22000122070312,249.7100067138672,233.8000030517578,240.13999938964844,240.13999938964844,77619200,AMZN
2026-06-30,237.35000610351562,241.5399932861328,237.1699981689453,238.33999633789062,238.33999633789062,66228300,AMZN
2026-07-01,239.75,244.89999389648438,234.89999389648438,241.6999969482422,241.6999969482422,53829900,AMZN
2026-07-02,241.61000061035156,246.72000122070312,241.0800018310547,242.6699981689453,242.6699981689453,48246400,AMZN
2026-07-06,243.8000030517578,246.0399932861328,240.8800048828125,244.16000366210938,244.16000366210938,40044000,AMZN
2026-07-07,246.97999572753906,248.92999267578125,242.6999969482422,245.97999572753906,245.97999572753906,40579600,AMZN
2026-07-08,244.27000427246094,244.8000030517578,240.52000427246094,243.6199951171875,243.6199951171875,29653000,AMZN
2026-07-09,239.82000732421875,247.5,238.25,247.0399932861328,247.0399932861328,38091700,AMZN
2026-07-10,249.5500030517578,251.02999877929688,244.41000366210938,245.33999633789062,245.33999633789062,31654000,AMZN
2026-07-13,244.67999267578125,249.64999389648438,244.17999267578125,247.30999755859375,247.30999755859375,34636100,AMZN
2026-07-14,245.5500030517578,248.55999755859375,243.8000030517578,247.49000549316406,247.49000549316406,30108100,AMZN
2026-07-15,249.75,256.4800109863281,249.75,254.9600067138672,254.9600067138672,45240600,AMZN
2026-07-16,255.1199951171875,258.0799865722656,248.0,249.88999938964844,249.88999938964844,45343700,AMZN
2026-07-17,244.4600067138672,250.24000549316406,243.58999633789062,247.22999572753906,247.22999572753906,43572400,AMZN
2026-07-20,248.75999450683594,252.88999938964844,248.0,249.99000549316406,249.99000549316406,32406500,AMZN
2026-07-21,249.11000061035156,249.33999633789062,246.4199981689453,247.5500030517578,247.5500030517578,27732100,AMZN
2026-07-22,248.27000427246094,248.4499969482422,242.4499969482422,244.85000610351562,244.85000610351562,34112700,AMZN
2026-07-23,236.25999450683594,238.35000610351562,232.0500030517578,233.66000366210938,233.66000366210938,47465300,AMZN
2026-07-24,234.3800048828125,234.9499969482422,231.33999633789062,232.11000061035156,232.11000061035156,35017400,AMZN
2026-07-27,235.6699981689453,235.88999938964844,230.99000549316406,231.38999938964844,231.38999938964844,34999500,AMZN
2026-07-28,232.85000610351562,233.11000061035156,228.10000610351562,230.86000061035156,230.86000061035156,44521600,AMZN
2026-07-29,229.32000732421875,232.82000732421875,226.16000366210938,226.64999389648438,226.64999389648438,44957500,AMZN
2026-07-30,233.35000610351562,239.82000732421875,231.05999755859375,235.5,235.5,101839800,AMZN
2026-07-31,265.0,273.2300109863281,262.010009765625,271.5799865722656,271.5799865722656,129054800,AMZN
2026-08-03,278.2900085449219,287.20001220703125,278.0,284.0199890136719,284.0199890136719,90830200,AMZN
2026-08-04,276.05999755859375,281.07000732421875,275.82000732421875,277.4200134277344,277.4200134277344,69748100,AMZN
2026-08-05,281.5899963378906,282.7900085449219,270.7300109863281,272.6499938964844,272.6499938964844,45119800,AMZN
2026-08-06,272.7699890136719,275.4800109863281,271.05999755859375,272.260009765625,272.260009765625,30672900,AMZN
2026-08-07,272.8699951171875,278.30999755859375,272.75,274.4800109863281,274.4800109863281,33861400,AMZN
2026-08-10,274.010009765625,280.1400146484375,273.6000061035156,278.0899963378906,278.0899963378906,35731900,AMZN
2026-08-11,278.69000244140625,278.8399963378906,271.3599853515625,272.2699890136719,272.2699890136719,31895700,AMZN
2026-08-12,273.17999267578125,273.4599914550781,267.1000061035156,267.2799987792969,267.2799987792969,29941100,AMZN
2026-08-13,267.239990234375,269.5799865722656,264.7099914550781,265.1300048828125,265.1300048828125,32170200,AMZN
2026-08-14,264.8800048828125,265.80999755859375,262.4200134277344,262.6499938964844,262.6499938964844,27251700,AMZN
2026-08-17,265.44000244140625,265.75,258.3399963378906,261.30999755859375,261.30999755859375,43896500,AMZN
2026-08-18,260.6300048828125,262.17999267578125,257.7300109863281,259.45001220703125,259.45001220703125,33171300,AMZN
2026-08-19,260.8500061035156,266.3999938964844,258.5799865722656,265.8399963378906,265.8399963378906,35762400,AMZN
2026-08-20,263.1600036621094,263.8399963378906,259.5199890136719,260.1099853515625,260.1099853515625,28374100,AMZN
2026-08-21,260.739990234375,261.0899963378906,257.0400085449219,258.6300048828125,258.6300048828125,35723000,AMZN
2026-08-24,259.6000061035156,263.32000732421875,259.04998779296875,262.07000732421875,262.07000732421875,28070500,AMZN
2026-08-25,262.510009765625,263.8900146484375,259.8299865722656,261.05999755859375,261.05999755859375,25550200,AMZN
2026-08-26,261.2799987792969,262.04998779296875,258.239990234375,260.2799987792969,260.2799987792969,21528400,AMZN
2026-08-27,259.2300109863281,259.6600036621094,255.02000427246094,256.260009765625,256.260009765625,35927800,AMZN
2026-08-28,258.32000732421875,267.55999755859375,257.7799987792969,266.42999267578125,266.42999267578125,49547400,AMZN
2026-08-31,263.8299865722656,264.3599853515625,257.1199951171875,259.7699890136719,259.7699890136719,46089400,AMZN
2026-09-01,254.8300018310547,255.82000732421875,251.92999267578125,254.9199981689453,254.9199981689453,31700100,AMZN
2026-09-02,254.25999450683594,256.239990234375,253.39999389648438,254.97999572753906,254.97999572753906,24013300,AMZN
2026-09-03,256.20001220703125,259.5,256.0,258.8999938964844,258.8999938964844,26891500,AMZN
2026-09-04,259.07000732421875,261.1199951171875,255.2899932861328,258.510009765625,258.510009765625,30749900,AMZN
2026-09-08,256.67999267578125,257.989990234375,254.75,256.9700012207031,256.9700012207031,29398000,AMZN
2026-09-09,253.1199951171875,254.69000244140625,250.64999389648438,252.39999389648438,252.39999389648438,33055500,AMZN
2026-09-10,250.11000061035156,253.14999389648438,249.5800018310547,251.88999938964844,251.88999938964844,25484800,AMZN
2026-09-11,254.08999633789062,257.5899963378906,253.13999938964844,256.7799987792969,256.7799987792969,26724100,AMZN
2026-09-14,253.14999389648438,255.9499969482422,250.74000549316406,253.5399932861328,253.5399932861328,34352800,AMZN
2026-09-15,252.24000549316406,253.27000427246094,247.22000122070312,248.4199981689453,248.4199981689453,36275400,AMZN
2026-09-16,248.10000610351562,249.25999450683594,244.3000030517578,245.9600067138672,245.9600067138672,33488500,AMZN
2026-09-17,251.07000732421875,252.72999572753906,249.24000549316406,251.19000244140625,251.19000244140625,30438800,AMZN
2026-09-18,252.9199981689453,255.42999267578125,251.8800048828125,253.7100067138672,253.7100067138672,52274700,AMZN
2026-09-21,256.3999938964844,259.489990234375,253.60000610351562,258.45001220703125,258.45001220703125,42979400,AMZN
2026-09-22,255.11000061035156,259.0,253.77999877929688,254.97999572753906,254.97999572753906,41982600,AMZN
2026-09-23,253.0,253.99000549316406,247.75999450683594,249.27000427246094,249.27000427246094,44209200,AMZN
2026-09-24,246.02000427246094,250.42999267578125,245.60000610351562,249.3800048828125,249.3800048828125,33040100,AMZN
2026-09-25,248.55999755859375,250.8800048828125,247.17999267578125,249.6699981689453,249.6699981689453,34263900,AMZN
2026-09-28,246.6300048828125,247.77000427246094,244.72999572753906,246.14999389648438,246.14999389648438,32596700,AMZN
2026-09-29,246.7100067138672,248.83999633789062,245.13999938964844,246.6699981689453,246.6699981689453,33730400,AMZN
2026-09-30,246.7899932861328,252.44000244140625,246.0800018310547,249.14999389648438,249.14999389648438,41913100,AMZN
2026-10-01,251.61000061035156,251.8300018310547,246.1199951171875,248.22999572753906,248.22999572753906,33243900,AMZN
2026-10-02,251.50999450683594,253.55999755859375,250.02000427246094,251.52000427246094,251.52000427246094,33433400,AMZN
2026-10-05,250.19000244140625,254.52999877929688,250.17999267578125,251.39999389648438,251.39999389648438,39273900,AMZN
2026-10-06,253.39999389648438,256.67999267578125,251.0800018310547,256.2900085449219,256.2900085449219,34120800,AMZN
2026-10-07,254.22999572753906,260.1400146484375,253.1699981689453,259.9200134277344,259.9200134277344,36225800,AMZN
2026-10-08,259.739990234375,259.8599853515625,253.77999877929688,254.05999755859375,254.05999755859375,38649900,AMZN
2026-10-09,256.5,262.79998779296875,256.0,262.42999267578125,262.42999267578125,34710500,AMZN
2021-10-11,262.54998779296875,267.0799865722656,261.8333435058594,263.9800109863281,263.9800109863281,42600900,TSLA
2021-10-12,266.9766540527344,270.7733459472656,265.5233459472656,268.5733337402344,268.5733337402344,66060000,TSLA
2021-10-13,270.15667724609375,271.8033447265625,268.59332275390625,270.3599853515625,270.3599853515625,42360300,TSLA
2021-10-14,271.8299865722656,273.4166564941406,271.1166687011719,272.7733459472656,272.7733459472656,36741600,TSLA
2021-10-15,274.5799865722656,281.07000732421875,274.1166687011719,281.010009765625,281.010009765625,56773800,TSLA
2021-10-18,283.92999267578125,291.7533264160156,283.8233337402344,290.03668212890625,290.03668212890625,72621600,TSLA
2021-10-19,292.510009765625,292.6499938964844,287.5033264160156,288.0899963378906,288.0899963378906,52143300,TSLA
2021-10-20,288.45001220703125,289.8299865722656,285.7933349609375,288.6000061035156,288.6000061035156,42096300,TSLA
2021-10-21,285.3333435058594,300.0,285.1666564941406,298.0,298.0,94444500,TSLA
2021-10-22,298.5,303.3333435058594,296.9866638183594,303.2266540527344,303.2266540527344,68642400,TSLA
2021-10-25,316.84332275390625,348.3399963378906,314.73333740234375,341.6199951171875,341.6199951171875,188556300,TSLA
2021-10-26,341.5633239746094,364.9800109863281,333.8133239746094,339.4766540527344,339.4766540527344,187245000,TSLA
2021-10-27,346.5533447265625,356.9599914550781,343.59332275390625,345.9533386230469,345.9533386230469,115579500,TSLA
2021-10-28,356.10333251953125,360.3333435058594,351.3999938964844,359.0133361816406,359.0133361816406,81639600,TSLA
2021-10-29,360.6199951171875,371.7366638183594,357.7366638183594,371.3333435058594,371.3333435058594,89755200,TSLA
2021-11-01,381.6666564941406,403.25,372.88665771484375,402.86334228515625,402.86334228515625,168146100,TSLA
2021-11-02,386.4533386230469,402.86334228515625,382.0,390.6666564941406,390.6666564941406,128213400,TSLA
2021-11-03,392.4433288574219,405.1300048828125,384.2066650390625,404.6199951171875,404.6199951171875,103885500,TSLA
2021-11-04,411.4700012207031,414.4966735839844,405.6666564941406,409.9700012207031,409.9700012207031,76192200,TSLA
2021-11-05,409.3333435058594,413.2900085449219,402.6666564941406,407.36334228515625,407.36334228515625,64886400,TSLA
2021-11-08,383.2633361816406,399.0,377.6666564941406,387.64666748046875,387.64666748046875,100337100,TSLA
2021-11-09,391.20001220703125,391.5,337.17333984375,341.1666564941406,341.1666564941406,177317400,TSLA
2021-11-10,336.8033447265625,359.3666687011719,329.10333251953125,355.98333740234375,355.98333740234375,128408100,TSLA
2021-11-11,367.5899963378906,368.3233337402344,351.55999755859375,354.5033264160156,354.5033264160156,67189800,TSLA
2021-11-12,349.1666564941406,351.5,339.73333740234375,344.47332763671875,344.47332763671875,76719300,TSLA
2021-11-15,339.2099914550781,343.99334716796875,326.20001220703125,337.7966613769531,337.7966613769531,104326800,TSLA
2021-11-16,334.4366760253906,352.3999938964844,334.05999755859375,351.57666015625,351.57666015625,79627200,TSLA
2021-11-17,354.5033264160156,373.21331787109375,351.8333435058594,363.0033264160156,363.0033264160156,94336200,TSLA
2021-11-18,368.8500061035156,370.6666564941406,358.3399963378906,365.4599914550781,365.4599914550781,62696700,TSLA
2021-11-19,366.2900085449219,379.5733337402344,364.23333740234375,379.0199890136719,379.0199890136719,64926900,TSLA
2021-11-22,387.4433288574219,400.6499938964844,377.4766540527344,385.6233215332031,385.6233215332031,99217500,TSLA
2021-11-23,389.1700134277344,393.5,354.23333740234375,369.6766662597656,369.6766662597656,108515100,TSLA
2021-11-24,360.1300048828125,377.5899963378906,354.0,372.0,372.0,67680600,TSLA
2021-11-26,366.489990234375,369.59332275390625,360.3333435058594,360.6400146484375,360.6400146484375,35042700,TSLA
2021-11-29,366.9966735839844,380.8900146484375,366.7300109863281,378.9966735839844,378.9966735839844,58393500,TSLA
2021-11-30,381.4566650390625,389.3333435058594,372.6666564941406,381.586669921875,381.586669921875,81276000,TSLA
2021-12-01,386.8999938964844,390.9466552734375,363.586669921875,365.0,365.0,68450400,TSLA
2021-12-02,366.35333251953125,371.0,352.2166748046875,361.5333251953125,361.5333251953125,73114800,TSLA
2021-12-03,361.5966796875,363.52667236328125,333.4033203125,338.3233337402344,338.3233337402344,92322000,TSLA
2021-12-06,333.836669921875,340.5466613769531,316.8333435058594,336.336669921875,336.336669921875,81663000,TSLA
2021-12-07,348.0666809082031,352.5566711425781,342.2699890136719,350.5833435058594,350.5833435058594,56084700,TSLA
2021-12-08,350.9033203125,357.4599914550781,344.3333435058594,356.32000732421875,356.32000732421875,41906400,TSLA
2021-12-09,353.5466613769531,354.163330078125,334.1199951171875,334.6000061035156,334.6000061035156,59438400,TSLA
2021-12-10,336.25,340.32666015625,327.510009765625,339.010009765625,339.010009765625,59664300,TSLA
2021-12-13,333.6966552734375,335.0,317.1400146484375,322.13665771484375,322.13665771484375,78595500,TSLA
2021-12-14,315.0,322.13665771484375,310.0,319.5033264160156,319.5033264160156,70806300,TSLA
2021-12-15,317.7366638183594,326.25,309.4166564941406,325.3299865722656,325.3299865722656,75169200,TSLA
2021-12-16,331.5,331.6600036621094,307.2833251953125,308.97332763671875,308.97332763671875,82771500,TSLA
2021-12-17,304.92333984375,320.2200012207031,303.0133361816406,310.8566589355469,310.8566589355469,100437300,TSLA
2021-12-20,303.5666809082031,307.2300109863281,297.7966613769531,299.9800109863281,299.9800109863281,56480100,TSLA
2021-12-21,305.6233215332031,313.1666564941406,295.3733215332031,312.84332275390625,312.84332275390625,71517900,TSLA
2021-12-22,321.88665771484375,338.5533447265625,319.01666259765625,336.2900085449219,336.2900085449219,93634200,TSLA
2021-12-23,335.6000061035156,357.6600036621094,332.5199890136719,355.6666564941406,355.6666564941406,92713200,TSLA
2021-12-27,357.8900146484375,372.3333435058594,356.90667724609375,364.64666748046875,364.64666748046875,71145900,TSLA
2021-12-28,369.8299865722656,373.0,359.47332763671875,362.8233337402344,362.8233337402344,60324000,TSLA
2021-12-29,366.21331787109375,368.0,354.71331787109375,362.0633239746094,362.0633239746094,56154000,TSLA
2021-12-30,353.77667236328125,365.1833190917969,351.04998779296875,356.7799987792969,356.7799987792969,47040900,TSLA
2021-12-31,357.8133239746094,360.6666564941406,351.5299987792969,352.260009765625,352.260009765625,40733700,TSLA
2022-01-03,382.5833435058594,400.3566589355469,378.67999267578125,399.9266662597656,399.9266662597656,103931400,TSLA
2022-01-04,396.51666259765625,402.6666564941406,374.3500061035156,383.1966552734375,383.1966552734375,100248300,TSLA
2022-01-05,382.2166748046875,390.11334228515625,360.336669921875,362.7066650390625,362.7066650390625,80119800,TSLA
2022-01-06,359.0,362.6666564941406,340.1666564941406,354.8999938964844,354.8999938964844,90336600,TSLA
2022-01-07,360.1233215332031,360.30999755859375,336.6666564941406,342.32000732421875,342.32000732421875,84164700,TSLA
2022-01-10,333.3333435058594,353.0333251953125,326.6666564941406,352.7066650390625,352.7066650390625,91815000,TSLA
2022-01-11,351.22332763671875,358.6166687011719,346.2733459472656,354.79998779296875,354.79998779296875,66063300,TSLA
2022-01-12,359.6166687011719,371.61334228515625,357.5299987792969,368.739990234375,368.739990234375,83739000,TSLA
2022-01-13,369.69000244140625,371.8666687011719,342.17999267578125,343.85333251953125,343.85333251953125,97209900,TSLA
2022-01-14,339.9599914550781,350.6666564941406,337.7933349609375,349.8699951171875,349.8699951171875,72924300,TSLA
2022-01-18,342.2033386230469,356.92999267578125,338.6866760253906,343.5033264160156,343.5033264160156,66743400,TSLA
2022-01-19,347.2366638183594,351.5566711425781,331.6666564941406,331.8833312988281,331.8833312988281,75442500,TSLA
2022-01-20,336.57666015625,347.2200012207031,331.3333435058594,332.0899963378906,332.0899963378906,70488600,TSLA
2022-01-21,332.11334228515625,334.8500061035156,313.5,314.6333312988281,314.6333312988281,103416000,TSLA
2022-01-24,301.586669921875,311.1700134277344,283.8233337402344,310.0,310.0,151565700,TSLA
2022-01-25,304.73333740234375,317.086669921875,301.07000732421875,306.1333312988281,306.1333312988281,86595900,TSLA
2022-01-26,317.4766540527344,329.2300109863281,302.0,312.4700012207031,312.4700012207031,104867400,TSLA
2022-01-27,311.1199951171875,311.7966613769531,276.3333435058594,276.3666687011719,276.3666687011719,147109500,TSLA
2022-01-28,277.1866760253906,285.8333435058594,264.0033264160156,282.1166687011719,282.1166687011719,134789100,TSLA
2022-01-31,290.9033203125,312.663330078125,287.3500061035156,312.239990234375,312.239990234375,104436000,TSLA
2022-02-01,311.7366638183594,314.5666809082031,301.6666564941406,310.4166564941406,310.4166564941406,73138200,TSLA
2022-02-02,309.3933410644531,310.5,296.4700012207031,301.88665771484375,301.88665771484375,66792900,TSLA
2022-02-03,294.0,312.3333435058594,293.50665283203125,297.0466613769531,297.0466613769531,78855600,TSLA
2022-02-04,299.0733337402344,312.1666564941406,293.72332763671875,307.7733459472656,307.7733459472656,73625400,TSLA
2022-02-07,307.92999267578125,315.92333984375,300.9033203125,302.4466552734375,302.4466552734375,60994500,TSLA
2022-02-08,301.84332275390625,308.7633361816406,298.26666259765625,307.3333435058594,307.3333435058594,50729100,TSLA
2022-02-09,311.6666564941406,315.42333984375,306.6666564941406,310.6666564941406,310.6666564941406,52259400,TSLA
2022-02-10,302.7900085449219,314.60333251953125,298.8999938964844,301.51666259765625,301.51666259765625,66126900,TSLA
2022-02-11,303.2099914550781,305.32000732421875,283.5666809082031,286.6666564941406,286.6666564941406,79645800,TSLA
2022-02-14,287.19000244140625,299.6266784667969,284.3833312988281,291.9200134277344,291.9200134277344,67756500,TSLA
2022-02-15,300.0,307.6666564941406,297.7933349609375,307.4766540527344,307.4766540527344,57286200,TSLA
2022-02-16,304.6833190917969,308.80999755859375,300.4033203125,307.7966613769531,307.7966613769531,51294300,TSLA
2022-02-17,304.4200134277344,306.1666564941406,291.3666687011719,292.1166687011719,292.1166687011719,55178400,TSLA
2022-02-18,295.3333435058594,295.6233215332031,279.2033386230469,285.6600036621094,285.6600036621094,68501700,TSLA
2022-02-22,278.0433349609375,285.57666015625,267.0333251953125,273.84332275390625,273.84332275390625,83288100,TSLA
2022-02-23,276.80999755859375,278.4333190917969,253.52000427246094,254.67999267578125,254.67999267578125,95256900,TSLA
2022-02-24,233.4633331298828,267.49334716796875,233.3333282470703,266.92333984375,266.92333984375,135322200,TSLA
2022-02-25,269.74334716796875,273.1666564941406,260.79998779296875,269.9566650390625,269.9566650390625,76067700,TSLA
2022-02-28,271.6700134277344,292.28668212890625,271.57000732421875,290.1433410644531,290.1433410644531,99006900,TSLA
2022-03-01,289.8933410644531,296.6266784667969,284.59332275390625,288.1233215332031,288.1233215332031,74766900,TSLA
2022-03-02,290.7099914550781,295.49334716796875,281.42333984375,293.2966613769531,293.2966613769531,74643300,TSLA
2022-03-03,292.92333984375,295.4800109863281,277.5333251953125,279.7633361816406,279.7633361816406,61623600,TSLA
2022-03-04,283.0333251953125,285.2166748046875,275.0533447265625,279.42999267578125,279.42999267578125,66999600,TSLA
2022-03-07,285.4333190917969,288.71331787109375,268.19000244140625,268.1933288574219,268.1933288574219,72494100,TSLA
2022-03-08,265.1766662597656,283.3299865722656,260.72332763671875,274.79998779296875,274.79998779296875,80399100,TSLA
2022-03-09,279.82666015625,286.85333251953125,277.336669921875,286.3233337402344,286.3233337402344,59184000,TSLA
2022-03-10,283.8166809082031,284.8166809082031,270.1199951171875,279.4333190917969,279.4333190917969,58648500,TSLA
2022-03-11,280.0666809082031,281.26666259765625,264.5899963378906,265.1166687011719,265.1166687011719,67037100,TSLA
2022-03-14,260.2033386230469,266.8999938964844,252.01333618164062,255.4566650390625,255.4566650390625,71152200,TSLA
2022-03-15,258.42333984375,268.5233459472656,252.19000244140625,267.2966613769531,267.2966613769531,66841200,TSLA
2022-03-16,269.6666564941406,280.6666564941406,267.4200134277344,280.07666015625,280.07666015625,84028800,TSLA
2022-03-17,276.9966735839844,291.6666564941406,275.239990234375,290.5333251953125,290.5333251953125,66582900,TSLA
2022-03-18,291.4966735839844,302.6166687011719,289.1300048828125,301.7966613769531,301.7966613769531,100414200,TSLA
2022-03-21,304.99334716796875,314.2833251953125,302.36334228515625,307.0533447265625,307.0533447265625,81981600,TSLA
2022-03-22,310.0,332.6199951171875,307.25,331.32666015625,331.32666015625,105868500,TSLA
2022-03-23,326.64666748046875,346.8999938964844,325.4666748046875,333.03668212890625,333.03668212890625,120676200,TSLA
2022-03-24,336.57666015625,341.4966735839844,329.6000061035156,337.97332763671875,337.97332763671875,68920800,TSLA
2022-03-25,336.0,340.6000061035156,332.44000244140625,336.8800048828125,336.8800048828125,62031600,TSLA
2022-03-28,355.0333251953125,365.9599914550781,351.20001220703125,363.9466552734375,363.9466552734375,102506100,TSLA
2022-03-29,369.3299865722656,371.5899963378906,357.7033386230469,366.5233459472656,366.5233459472656,73614900,TSLA
2022-03-30,363.72332763671875,371.3166809082031,361.3333435058594,364.663330078125,364.663330078125,59865000,TSLA
2022-03-31,364.8566589355469,367.71331787109375,358.8800048828125,359.20001220703125,359.20001220703125,48992700,TSLA
2022-04-01,360.3833312988281,364.9166564941406,355.5466613769531,361.5299987792969,361.5299987792969,54263100,TSLA
2022-04-04,363.1266784667969,383.3033447265625,357.510009765625,381.8166809082031,381.8166809082031,82035900,TSLA
2022-04-05,378.76666259765625,384.2900085449219,362.4333190917969,363.7533264160156,363.7533264160156,80075100,TSLA
2022-04-06,357.8233337402344,359.6666564941406,342.5666809082031,348.586669921875,348.586669921875,89348400,TSLA
2022-04-07,350.7966613769531,358.86334228515625,340.5133361816406,352.4200134277344,352.4200134277344,79447200,TSLA
2022-04-08,347.7366638183594,349.4800109863281,340.8133239746094,341.8299865722656,341.8299865722656,55013700,TSLA
2022-04-11,326.79998779296875,336.15667724609375,324.8800048828125,325.30999755859375,325.30999755859375,59357100,TSLA
2022-04-12,332.5466613769531,340.39666748046875,325.5333251953125,328.98333740234375,328.98333740234375,65976000,TSLA
2022-04-13,327.02667236328125,342.0799865722656,324.3666687011719,340.7900085449219,340.7900085449219,55121100,TSLA
2022-04-14,333.0966796875,337.57000732421875,327.39666748046875,328.3333435058594,328.3333435058594,58422300,TSLA
2022-04-18,329.6766662597656,338.3066711425781,324.4700012207031,334.7633361816406,334.7633361816406,51715200,TSLA
2022-04-19,335.0199890136719,344.9800109863281,331.77667236328125,342.7166748046875,342.7166748046875,49847700,TSLA
2022-04-20,343.3333435058594,344.6666564941406,325.0833435058594,325.73333740234375,325.73333740234375,70711200,TSLA
2022-04-21,358.24334716796875,364.0733337402344,332.1400146484375,336.260009765625,336.260009765625,105416400,TSLA
2022-04-22,338.3033447265625,344.95001220703125,331.3333435058594,335.01666259765625,335.01666259765625,69696600,TSLA
2022-04-25,326.3233337402344,336.2066650390625,325.1000061035156,332.67333984375,332.67333984375,68341200,TSLA
2022-04-26,331.80999755859375,333.3333435058594,291.6666564941406,292.1400146484375,292.1400146484375,136133700,TSLA
2022-04-27,299.52667236328125,306.0,292.4533386230469,293.836669921875,293.836669921875,76956300,TSLA
2022-04-28,299.99334716796875,300.0,273.8999938964844,292.5033264160156,292.5033264160156,124948500,TSLA
2022-04-29,300.75,311.4666748046875,290.0,290.2533264160156,290.2533264160156,88133100,TSLA
2022-05-02,286.92333984375,302.1199951171875,282.6766662597656,300.9800109863281,300.9800109863281,75781500,TSLA
2022-05-03,301.05999755859375,308.02667236328125,296.1966552734375,303.0833435058594,303.0833435058594,63709500,TSLA
2022-05-04,301.3133239746094,318.5,295.09332275390625,317.5400085449219,317.5400085449219,81643800,TSLA
2022-05-05,313.00665283203125,315.20001220703125,285.8999938964844,291.09332275390625,291.09332275390625,92519100,TSLA
2022-05-06,295.6666564941406,296.0,281.03668212890625,288.54998779296875,288.54998779296875,72903000,TSLA
2022-05-09,278.8166809082031,281.8766784667969,260.3833312988281,262.3699951171875,262.3699951171875,90810300,TSLA
2022-05-10,273.10333251953125,275.1199951171875,258.0833435058594,266.67999267578125,266.67999267578125,84401700,TSLA
2022-05-11,265.0,269.92333984375,242.39999389648438,244.6666717529297,244.6666717529297,97224600,TSLA
2022-05-12,233.6666717529297,253.22000122070312,226.6666717529297,242.6666717529297,242.6666717529297,140313000,TSLA
2022-05-13,257.82666015625,262.45001220703125,250.52333068847656,256.5299987792969,256.5299987792969,92150700,TSLA
2022-05-16,255.72000122070312,256.586669921875,239.69667053222656,241.4566650390625,241.4566650390625,86098500,TSLA
2022-05-17,249.1199951171875,254.82666015625,242.9499969482422,253.8699951171875,253.8699951171875,80236200,TSLA
2022-05-18,248.17333984375,253.5,233.60333251953125,236.60333251953125,236.60333251953125,87811800,TSLA
2022-05-19,235.6666717529297,244.6666717529297,231.3699951171875,236.47332763671875,236.47332763671875,90296700,TSLA
2022-05-20,237.99667358398438,240.52667236328125,211.0,221.3000030517578,221.3000030517578,144973200,TSLA
2022-05-23,218.33999633789062,226.65333557128906,212.68666076660156,224.96665954589844,224.96665954589844,88903500,TSLA
2022-05-24,217.8433380126953,217.97332763671875,206.85667419433594,209.3866729736328,209.3866729736328,89092500,TSLA
2022-05-25,207.9499969482422,223.10667419433594,207.6699981689453,219.60000610351562,219.60000610351562,92139300,TSLA
2022-05-26,220.47332763671875,239.55667114257812,217.8866729736328,235.91000366210938,235.91000366210938,106003200,TSLA
2022-05-27,241.0833282470703,253.26666259765625,240.17666625976562,253.2100067138672,253.2100067138672,89295000,TSLA
2022-05-31,257.9466552734375,259.6000061035156,244.7433319091797,252.75332641601562,252.75332641601562,101914500,TSLA
2022-06-01,251.72000122070312,257.32666015625,243.63999938964844,246.7899932861328,246.7899932861328,77247900,TSLA
2022-06-02,244.1566619873047,264.2099914550781,242.06666564941406,258.3333435058594,258.3333435058594,93473100,TSLA
2022-06-03,243.22666931152344,247.79666137695312,233.4166717529297,234.51666259765625,234.51666259765625,112393800,TSLA
2022-06-06,244.35333251953125,244.86666870117188,234.35000610351562,238.27999877929688,238.27999877929688,84204600,TSLA
2022-06-07,234.0,239.99667358398438,230.0933380126953,238.8866729736328,238.8866729736328,72808500,TSLA
2022-06-08,240.086669921875,249.9633331298828,239.17666625976562,241.86666870117188,241.86666870117188,76210500,TSLA
2022-06-09,249.33999633789062,255.54666137695312,239.32666015625,239.7066650390625,239.7066650390625,96491400,TSLA
2022-06-10,235.1566619873047,239.5,227.913330078125,232.22999572753906,232.22999572753906,97536600,TSLA
2022-06-13,223.1666717529297,226.63333129882812,214.68333435058594,215.73666381835938,215.73666381835938,102767400,TSLA
2022-06-14,218.2866668701172,226.3300018310547,211.73666381835938,220.88999938964844,220.88999938964844,97988700,TSLA
2022-06-15,220.9166717529297,235.663330078125,218.14999389648438,233.0,233.0,119131800,TSLA
2022-06-16,222.73666381835938,225.1666717529297,208.69332885742188,213.10000610351562,213.10000610351562,107390700,TSLA
2022-06-17,213.43333435058594,220.97000122070312,213.19667053222656,216.75999450683594,216.75999450683594,92641800,TSLA
2022-06-21,224.60333251953125,243.57666015625,224.3333282470703,237.0366668701172,237.0366668701172,122793000,TSLA
2022-06-22,234.50332641601562,246.8333282470703,233.82666015625,236.086669921875,236.086669921875,101107500,TSLA
2022-06-23,237.9066619873047,239.31666564941406,228.6366729736328,235.07000732421875,235.07000732421875,104202600,TSLA
2022-06-24,237.47000122070312,246.06666564941406,236.086669921875,245.7066650390625,245.7066650390625,95770800,TSLA
2022-06-27,249.36666870117188,252.07000732421875,242.56666564941406,244.9199981689453,244.9199981689453,89178300,TSLA
2022-06-28,244.48333740234375,249.97000122070312,232.3433380126953,232.663330078125,232.663330078125,90391200,TSLA
2022-06-29,230.5,231.17333984375,222.27333068847656,228.49000549316406,228.49000549316406,82897200,TSLA
2022-06-30,224.50999450683594,229.4566650390625,218.8633270263672,224.47332763671875,224.47332763671875,94600500,TSLA
2022-07-01,227.0,230.22999572753906,222.1199951171875,227.26333618164062,227.26333618164062,74460300,TSLA
2022-07-05,223.0,233.14666748046875,216.1666717529297,233.06666564941406,233.06666564941406,84581100,TSLA
2022-07-06,230.77999877929688,234.56333923339844,227.18666076660156,231.73333740234375,231.73333740234375,71853600,TSLA
2022-07-07,233.9199981689453,245.3633270263672,232.2100067138672,244.5433349609375,244.5433349609375,81930600,TSLA
2022-07-08,242.3333282470703,254.97999572753906,241.16000366210938,250.76333618164062,250.76333618164062,101854200,TSLA
2022-07-11,252.10333251953125,253.06333923339844,233.6266632080078,234.3433380126953,234.3433380126953,99241200,TSLA
2022-07-12,236.84666442871094,239.77333068847656,228.3699951171875,233.07000732421875,233.07000732421875,87930900,TSLA
2022-07-13,225.5,242.05999755859375,225.03334045410156,237.0399932861328,237.0399932861328,97954500,TSLA
2022-07-14,234.89666748046875,238.65333557128906,229.3333282470703,238.31333923339844,238.31333923339844,78557400,TSLA
2022-07-15,240.0,243.6233367919922,236.88999938964844,240.06666564941406,240.06666564941406,69683100,TSLA
2022-07-18,244.93666076660156,250.51666259765625,239.60333251953125,240.54666137695312,240.54666137695312,82537500,TSLA
2022-07-19,245.0,247.13999938964844,236.97666931152344,245.52999877929688,245.52999877929688,80890200,TSLA
2022-07-20,246.78334045410156,250.663330078125,243.48333740234375,247.5,247.5,88864200,TSLA
2022-07-21,255.10667419433594,273.26666259765625,254.86666870117188,271.7066650390625,271.7066650390625,142032300,TSLA
2022-07-22,276.2200012207031,280.78668212890625,270.71331787109375,272.24334716796875,272.24334716796875,103472700,TSLA
2022-07-25,272.2166748046875,274.14666748046875,267.3999938964844,268.4333190917969,268.4333190917969,64073400,TSLA
2022-07-26,266.5133361816406,267.30999755859375,256.2633361816406,258.8599853515625,258.8599853515625,66820800,TSLA
2022-07-27,263.80999755859375,275.9266662597656,261.7900085449219,274.82000732421875,274.82000732421875,88110000,TSLA
2022-07-28,280.0666809082031,283.29998779296875,272.79998779296875,280.8999938964844,280.8999938964844,84723000,TSLA
2022-07-29,280.70001220703125,298.32000732421875,279.1000061035156,297.1499938964844,297.1499938964844,95313000,TSLA
2022-08-01,301.27667236328125,311.8766784667969,295.0,297.27667236328125,297.27667236328125,117042900,TSLA
2022-08-02,294.0033264160156,307.8333435058594,292.6666564941406,300.586669921875,300.586669921875,95577600,TSLA
2022-08-03,305.0,309.54998779296875,301.1499938964844,307.39666748046875,307.39666748046875,80091000,TSLA
2022-08-04,311.0,313.6066589355469,305.0,308.6333312988281,308.6333312988281,72256200,TSLA
2022-08-05,302.6700134277344,304.6066589355469,285.5433349609375,288.1700134277344,288.1700134277344,113172900,TSLA
2022-08-08,295.0,305.20001220703125,289.086669921875,290.42333984375,290.42333984375,98994000,TSLA
2022-08-09,290.2933349609375,292.39666748046875,279.35333251953125,283.3333435058594,283.3333435058594,86244600,TSLA
2022-08-10,297.0666809082031,297.510009765625,283.3699951171875,294.3566589355469,294.3566589355469,94918800,TSLA
2022-08-11,296.5133361816406,298.2366638183594,285.8333435058594,286.6300048828125,286.6300048828125,70155000,TSLA
2022-08-12,289.4166564941406,300.1600036621094,285.0333251953125,300.0299987792969,300.0299987792969,79657200,TSLA
2022-08-15,301.78668212890625,313.1333312988281,301.2300109863281,309.32000732421875,309.32000732421875,89359200,TSLA
2022-08-16,311.6666564941406,314.6666564941406,302.8833312988281,306.5633239746094,306.5633239746094,88136400,TSLA
2022-08-17,303.39666748046875,309.65667724609375,300.0333251953125,303.9966735839844,303.9966735839844,68766000,TSLA
2022-08-18,306.0,306.5,301.85333251953125,302.8699951171875,302.8699951171875,47500500,TSLA
2022-08-19,299.0,300.3599853515625,292.5,296.6666564941406,296.6666564941406,61395300,TSLA
2022-08-22,291.913330078125,292.3999938964844,286.2966613769531,289.913330078125,289.913330078125,55843200,TSLA
2022-08-23,291.4533386230469,298.82666015625,287.92333984375,296.4533386230469,296.4533386230469,63984900,TSLA
2022-08-24,297.5633239746094,303.64666748046875,296.5,297.0966796875,297.0966796875,57259800,TSLA
2022-08-25,302.3599853515625,302.9599914550781,291.6000061035156,296.07000732421875,296.07000732421875,53230000,TSLA
2022-08-26,297.42999267578125,302.0,287.4700012207031,288.0899963378906,288.0899963378906,57163900,TSLA
2022-08-29,282.8299865722656,287.739990234375,280.70001220703125,284.82000732421875,284.82000732421875,41864700,TSLA
2022-08-30,287.8699951171875,288.4800109863281,272.6499938964844,277.70001220703125,277.70001220703125,50541800,TSLA
2022-08-31,280.6199951171875,281.25,271.80999755859375,275.6099853515625,275.6099853515625,52107300,TSLA
2022-09-01,272.5799865722656,277.5799865722656,266.1499938964844,277.1600036621094,277.1600036621094,54287000,TSLA
2022-09-02,281.07000732421875,282.3500061035156,269.0799865722656,270.2099914550781,270.2099914550781,50890100,TSLA
2022-09-06,272.67999267578125,275.989990234375,265.739990234375,274.4200134277344,274.4200134277344,55860000,TSLA
2022-09-07,273.1000061035156,283.8399963378906,272.2699890136719,283.70001220703125,283.70001220703125,50028900,TSLA
2022-09-08,281.29998779296875,289.5,279.760009765625,289.260009765625,289.260009765625,53713100,TSLA
2022-09-09,291.6700134277344,299.8500061035156,291.25,299.67999267578125,299.67999267578125,54338100,TSLA
2022-09-12,300.7200012207031,305.489990234375,300.3999938964844,304.4200134277344,304.4200134277344,48674600,TSLA
2022-09-13,292.8999938964844,297.3999938964844,290.3999938964844,292.1300048828125,292.1300048828125,68229600,TSLA
2022-09-14,292.239990234375,306.0,291.6400146484375,302.6099853515625,302.6099853515625,72628700,TSLA
2022-09-15,301.8299865722656,309.1199951171875,300.7200012207031,303.75,303.75,64795500,TSLA
2022-09-16,299.6099853515625,303.7099914550781,295.6000061035156,303.3500061035156,303.3500061035156,87087800,TSLA
2022-09-19,300.0899963378906,309.8399963378906,297.79998779296875,309.07000732421875,309.07000732421875,60231200,TSLA
2022-09-20,306.9100036621094,313.3299865722656,305.5799865722656,308.7300109863281,308.7300109863281,61642800,TSLA
2022-09-21,308.2900085449219,313.79998779296875,300.6300048828125,300.79998779296875,300.79998779296875,62555700,TSLA
2022-09-22,299.8599853515625,301.2900085449219,285.82000732421875,288.5899963378906,288.5899963378906,70545400,TSLA
2022-09-23,283.0899963378906,284.5,272.82000732421875,275.3299865722656,275.3299865722656,63748400,TSLA
2022-09-26,271.8299865722656,284.0899963378906,270.30999755859375,276.010009765625,276.010009765625,58076900,TSLA
2022-09-27,283.8399963378906,288.6700134277344,277.510009765625,282.94000244140625,282.94000244140625,61925200,TSLA
2022-09-28,283.0799865722656,289.0,277.57000732421875,287.80999755859375,287.80999755859375,54664800,TSLA
2022-09-29,282.760009765625,283.6499938964844,265.7799987792969,268.2099914550781,268.2099914550781,77620600,TSLA
2022-09-30,266.1499938964844,275.57000732421875,262.4700012207031,265.25,265.25,67726600,TSLA
2022-10-03,254.5,255.16000366210938,241.00999450683594,242.39999389648438,242.39999389648438,98363500,TSLA
2022-10-04,250.52000427246094,257.5,242.00999450683594,249.44000244140625,249.44000244140625,109578500,TSLA
2022-10-05,245.00999450683594,246.6699981689453,233.27000427246094,240.80999755859375,240.80999755859375,86982700,TSLA
2022-10-06,239.44000244140625,244.5800018310547,235.35000610351562,238.1300048828125,238.1300048828125,69298400,TSLA
2022-10-07,233.94000244140625,234.57000732421875,222.02000427246094,223.07000732421875,223.07000732421875,83916800,TSLA
2022-10-10,223.92999267578125,226.99000549316406,218.36000061035156,222.9600067138672,222.9600067138672,67925000,TSLA
2022-10-11,220.9499969482422,225.75,215.0,216.5,216.5,77013200,TSLA
2022-10-12,215.3300018310547,219.3000030517578,211.50999450683594,217.24000549316406,217.24000549316406,66860700,TSLA
2022-10-13,208.3000030517578,222.99000549316406,206.22000122070312,221.72000122070312,221.72000122070312,91483000,TSLA
2022-10-14,224.00999450683594,226.25999450683594,204.16000366210938,204.99000549316406,204.99000549316406,94124500,TSLA
2022-10-17,210.0399932861328,221.86000061035156,209.4499969482422,219.35000610351562,219.35000610351562,79428800,TSLA
2022-10-18,229.5,229.82000732421875,217.25,220.19000244140625,220.19000244140625,75891900,TSLA
2022-10-19,219.8000030517578,222.92999267578125,217.77999877929688,222.0399932861328,222.0399932861328,66571500,TSLA
2022-10-20,208.27999877929688,215.5500030517578,202.0,207.27999877929688,207.27999877929688,117798100,TSLA
2022-10-21,206.4199981689453,214.66000366210938,203.8000030517578,214.44000244140625,214.44000244140625,75713800,TSLA
2022-10-24,205.82000732421875,213.5,198.58999633789062,211.25,211.25,100446800,TSLA
2022-10-25,210.10000610351562,224.35000610351562,210.0,222.4199981689453,222.4199981689453,96507900,TSLA
2022-10-26,219.39999389648438,230.60000610351562,218.1999969482422,224.63999938964844,224.63999938964844,85012500,TSLA
2022-10-27,229.77000427246094,233.80999755859375,222.85000610351562,225.08999633789062,225.08999633789062,61638800,TSLA
2022-10-28,225.39999389648438,228.86000061035156,216.35000610351562,228.52000427246094,228.52000427246094,69152400,TSLA
2022-10-31,226.19000244140625,229.85000610351562,221.94000244140625,227.5399932861328,227.5399932861328,61554300,TSLA
2022-11-01,234.0500030517578,237.39999389648438,227.27999877929688,227.82000732421875,227.82000732421875,62688800,TSLA
2022-11-02,226.0399932861328,227.8699951171875,214.82000732421875,214.97999572753906,214.97999572753906,63070300,TSLA
2022-11-03,211.36000061035156,221.1999969482422,210.13999938964844,215.30999755859375,215.30999755859375,56538800,TSLA
2022-11-04,222.60000610351562,223.8000030517578,203.0800018310547,207.47000122070312,207.47000122070312,98622200,TSLA
2022-11-07,208.64999389648438,208.89999389648438,196.66000366210938,197.0800018310547,197.0800018310547,93916500,TSLA
2022-11-08,194.02000427246094,195.1999969482422,186.75,191.3000030517578,191.3000030517578,128803400,TSLA
2022-11-09,190.77999877929688,195.88999938964844,177.1199951171875,177.58999633789062,177.58999633789062,127062700,TSLA
2022-11-10,189.89999389648438,191.0,180.02999877929688,190.72000122070312,190.72000122070312,132703000,TSLA
2022-11-11,186.0,196.52000427246094,182.58999633789062,195.97000122070312,195.97000122070312,114403600,TSLA
2022-11-14,192.77000427246094,195.72999572753906,186.33999633789062,190.9499969482422,190.9499969482422,92226600,TSLA
2022-11-15,195.8800048828125,200.82000732421875,192.05999755859375,194.4199981689453,194.4199981689453,91293800,TSLA
2022-11-16,191.50999450683594,192.57000732421875,185.66000366210938,186.9199981689453,186.9199981689453,66567600,TSLA
2022-11-17,183.9600067138672,186.16000366210938,180.89999389648438,183.1699981689453,183.1699981689453,64336000,TSLA
2022-11-18,185.0500030517578,185.19000244140625,176.5500030517578,180.19000244140625,180.19000244140625,76048900,TSLA
2022-11-21,175.85000610351562,176.77000427246094,167.5399932861328,167.8699951171875,167.8699951171875,92882700,TSLA
2022-11-22,168.6300048828125,170.9199981689453,166.19000244140625,169.91000366210938,169.91000366210938,78452300,TSLA
2022-11-23,173.57000732421875,183.6199951171875,172.5,183.1999969482422,183.1999969482422,109536700,TSLA
2022-11-25,185.05999755859375,185.1999969482422,180.6300048828125,182.86000061035156,182.86000061035156,50672700,TSLA
2022-11-28,179.9600067138672,188.5,179.0,182.9199981689453,182.9199981689453,92905200,TSLA
2022-11-29,184.99000549316406,186.3800048828125,178.75,180.8300018310547,180.8300018310547,83357100,TSLA
2022-11-30,182.42999267578125,194.75999450683594,180.6300048828125,194.6999969482422,194.6999969482422,109186400,TSLA
2022-12-01,197.0800018310547,198.9199981689453,191.8000030517578,194.6999969482422,194.6999969482422,80046200,TSLA
2022-12-02,191.77999877929688,196.25,191.11000061035156,194.86000061035156,194.86000061035156,73645900,TSLA
2022-12-05,189.44000244140625,191.27000427246094,180.5500030517578,182.4499969482422,182.4499969482422,93122700,TSLA
2022-12-06,181.22000122070312,183.64999389648438,175.3300018310547,179.82000732421875,179.82000732421875,92150800,TSLA
2022-12-07,175.02999877929688,179.3800048828125,172.22000122070312,174.0399932861328,174.0399932861328,84213300,TSLA
2022-12-08,172.1999969482422,175.1999969482422,169.05999755859375,173.44000244140625,173.44000244140625,97624500,TSLA
2022-12-09,173.83999633789062,182.5,173.36000061035156,179.0500030517578,179.0500030517578,104872300,TSLA
2022-12-12,176.10000610351562,177.3699951171875,167.52000427246094,167.82000732421875,167.82000732421875,109794500,TSLA
2022-12-13,174.8699951171875,175.0500030517578,156.91000366210938,160.9499969482422,160.9499969482422,175862700,TSLA
2022-12-14,159.25,161.6199951171875,155.30999755859375,156.8000030517578,156.8000030517578,140682300,TSLA
2022-12-15,153.44000244140625,160.92999267578125,153.27999877929688,157.6699981689453,157.6699981689453,122334500,TSLA
2022-12-16,159.63999938964844,160.99000549316406,150.0399932861328,150.22999572753906,150.22999572753906,139032200,TSLA
2022-12-19,154.0,155.25,145.82000732421875,149.8699951171875,149.8699951171875,139390600,TSLA
2022-12-20,146.0500030517578,148.47000122070312,137.66000366210938,137.8000030517578,137.8000030517578,159563300,TSLA
2022-12-21,139.33999633789062,141.25999450683594,135.88999938964844,137.57000732421875,137.57000732421875,145417400,TSLA
2022-12-22,136.0,136.6300048828125,122.26000213623047,125.3499984741211,125.3499984741211,210090300,TSLA
2022-12-23,126.37000274658203,128.6199951171875,121.0199966430664,123.1500015258789,123.1500015258789,166989700,TSLA
2022-12-27,117.5,119.66999816894531,108.76000213623047,109.0999984741211,109.0999984741211,208643400,TSLA
2022-12-28,110.3499984741211,116.2699966430664,108.23999786376953,112.70999908447266,112.70999908447266,221070500,TSLA
2022-12-29,120.38999938964844,123.56999969482422,117.5,121.81999969482422,121.81999969482422,221923300,TSLA
2022-12-30,119.94999694824219,124.4800033569336,119.75,123.18000030517578,123.18000030517578,157777300,TSLA
2023-01-03,118.47000122070312,118.80000305175781,104.63999938964844,108.0999984741211,108.0999984741211,231402800,TSLA
2023-01-04,109.11000061035156,114.58999633789062,107.5199966430664,113.63999938964844,113.63999938964844,180389000,TSLA
2023-01-05,110.51000213623047,111.75,107.16000366210938,110.33999633789062,110.33999633789062,157986300,TSLA
2023-01-06,103.0,114.38999938964844,101.80999755859375,113.05999755859375,113.05999755859375,220911100,TSLA
2023-01-09,118.95999908447266,123.5199966430664,117.11000061035156,119.7699966430664,119.7699966430664,190284000,TSLA
2023-01-10,121.06999969482422,122.76000213623047,114.91999816894531,118.8499984741211,118.8499984741211,167642500,TSLA
2023-01-11,122.08999633789062,125.94999694824219,120.51000213623047,123.22000122070312,123.22000122070312,183810800,TSLA
2023-01-12,122.55999755859375,124.12999725341797,117.0,123.55999755859375,123.55999755859375,169400900,TSLA
2023-01-13,116.55000305175781,122.62999725341797,115.5999984741211,122.4000015258789,122.4000015258789,180714100,TSLA
2023-01-17,125.69999694824219,131.6999969482422,125.0199966430664,131.49000549316406,131.49000549316406,186477000,TSLA
2023-01-18,136.55999755859375,136.67999267578125,127.01000213623047,128.77999877929688,128.77999877929688,195680300,TSLA
2023-01-19,127.26000213623047,129.99000549316406,124.30999755859375,127.16999816894531,127.16999816894531,170291900,TSLA
2023-01-20,128.67999267578125,133.50999450683594,127.3499984741211,133.4199981689453,133.4199981689453,138858100,TSLA
2023-01-23,135.8699951171875,145.3800048828125,134.27000427246094,143.75,143.75,203119200,TSLA
2023-01-24,143.0,146.5,141.10000610351562,143.88999938964844,143.88999938964844,158699100,TSLA
2023-01-25,141.91000366210938,146.41000366210938,138.07000732421875,144.42999267578125,144.42999267578125,192734300,TSLA
2023-01-26,159.97000122070312,161.4199981689453,154.75999450683594,160.27000427246094,160.27000427246094,234815100,TSLA
2023-01-27,162.42999267578125,180.67999267578125,161.1699981689453,177.89999389648438,177.89999389648438,306590600,TSLA
2023-01-30,178.0500030517578,179.77000427246094,166.5,166.66000366210938,166.66000366210938,230878800,TSLA
2023-01-31,164.57000732421875,174.3000030517578,162.77999877929688,173.22000122070312,173.22000122070312,196813500,TSLA
2023-02-01,173.88999938964844,183.80999755859375,169.92999267578125,181.41000366210938,181.41000366210938,213806300,TSLA
2023-02-02,187.3300018310547,196.75,182.61000061035156,188.27000427246094,188.27000427246094,217448300,TSLA
2023-02-03,183.9499969482422,199.0,183.69000244140625,189.97999572753906,189.97999572753906,232662000,TSLA
2023-02-06,193.00999450683594,198.1699981689453,189.9199981689453,194.75999450683594,194.75999450683594,186188100,TSLA
2023-02-07,196.42999267578125,197.5,189.5500030517578,196.80999755859375,196.80999755859375,186010300,TSLA
2023-02-08,196.10000610351562,203.0,194.30999755859375,201.2899932861328,201.2899932861328,180673600,TSLA
2023-02-09,207.77999877929688,214.0,204.77000427246094,207.32000732421875,207.32000732421875,215431400,TSLA
2023-02-10,202.22999572753906,206.1999969482422,192.88999938964844,196.88999938964844,196.88999938964844,204754100,TSLA
2023-02-13,194.4199981689453,196.3000030517578,187.61000061035156,194.63999938964844,194.63999938964844,172475500,TSLA
2023-02-14,191.94000244140625,209.82000732421875,189.44000244140625,209.25,209.25,216455700,TSLA
2023-02-15,211.75999450683594,214.66000366210938,206.11000061035156,214.24000549316406,214.24000549316406,181006400,TSLA
2023-02-16,210.77999877929688,217.64999389648438,201.83999633789062,202.0399932861328,202.0399932861328,229586500,TSLA
2023-02-17,199.99000549316406,208.44000244140625,197.5,208.30999755859375,208.30999755859375,213738500,TSLA
2023-02-21,204.99000549316406,209.7100067138672,197.22000122070312,197.3699951171875,197.3699951171875,180018600,TSLA
2023-02-22,197.92999267578125,201.99000549316406,191.77999877929688,200.86000061035156,200.86000061035156,191828500,TSLA
2023-02-23,203.91000366210938,205.13999938964844,196.3300018310547,202.07000732421875,202.07000732421875,146360000,TSLA
2023-02-24,196.3300018310547,197.6699981689453,192.8000030517578,196.8800048828125,196.8800048828125,142228100,TSLA
2023-02-27,202.02999877929688,209.4199981689453,201.25999450683594,207.6300048828125,207.6300048828125,161028300,TSLA
2023-02-28,210.58999633789062,211.22999572753906,203.75,205.7100067138672,205.7100067138672,153144900,TSLA
2023-03-01,206.2100067138672,207.1999969482422,198.52000427246094,202.77000427246094,202.77000427246094,156852800,TSLA
2023-03-02,186.74000549316406,193.75,186.00999450683594,190.89999389648438,190.89999389648438,181500700,TSLA
2023-03-03,194.8000030517578,200.47999572753906,192.8800048828125,197.7899932861328,197.7899932861328,154193300,TSLA
2023-03-06,198.5399932861328,198.60000610351562,192.3000030517578,193.80999755859375,193.80999755859375,128100100,TSLA
2023-03-07,191.3800048828125,194.1999969482422,186.10000610351562,187.7100067138672,187.7100067138672,148125800,TSLA
2023-03-08,185.0399932861328,186.5,180.0,182.0,182.0,151897800,TSLA
2023-03-09,180.25,185.17999267578125,172.50999450683594,172.9199981689453,172.9199981689453,170023800,TSLA
2023-03-10,175.1300048828125,178.2899932861328,168.44000244140625,173.44000244140625,173.44000244140625,191488900,TSLA
2023-03-13,167.4600067138672,177.35000610351562,163.91000366210938,174.47999572753906,174.47999572753906,167790300,TSLA
2023-03-14,177.30999755859375,183.8000030517578,177.13999938964844,183.25999450683594,183.25999450683594,143717900,TSLA
2023-03-15,180.8000030517578,182.33999633789062,176.02999877929688,180.4499969482422,180.4499969482422,145995600,TSLA
2023-03-16,180.3699951171875,185.80999755859375,178.83999633789062,184.1300048828125,184.1300048828125,121136800,TSLA
2023-03-17,184.52000427246094,186.22000122070312,177.3300018310547,180.1300048828125,180.1300048828125,133197100,TSLA
2023-03-20,178.0800018310547,186.44000244140625,176.35000610351562,183.25,183.25,129684400,TSLA
2023-03-21,188.27999877929688,198.0,188.0399932861328,197.5800018310547,197.5800018310547,153391400,TSLA
2023-03-22,199.3000030517578,200.66000366210938,190.9499969482422,191.14999389648438,191.14999389648438,150376400,TSLA
2023-03-23,195.25999450683594,199.30999755859375,188.64999389648438,192.22000122070312,192.22000122070312,144193900,TSLA
2023-03-24,191.64999389648438,192.36000061035156,187.14999389648438,190.41000366210938,190.41000366210938,116312400,TSLA
2023-03-27,194.4199981689453,197.38999938964844,189.94000244140625,191.80999755859375,191.80999755859375,120851600,TSLA
2023-03-28,192.0,192.35000610351562,185.42999267578125,189.19000244140625,189.19000244140625,98654600,TSLA
2023-03-29,193.1300048828125,195.2899932861328,189.44000244140625,193.8800048828125,193.8800048828125,123660000,TSLA
2023-03-30,195.5800018310547,197.3300018310547,194.4199981689453,195.27999877929688,195.27999877929688,110252200,TSLA
2023-03-31,197.52999877929688,207.7899932861328,197.1999969482422,207.4600067138672,207.4600067138672,170222100,TSLA
2023-04-03,199.91000366210938,202.69000244140625,192.1999969482422,194.77000427246094,194.77000427246094,169545900,TSLA
2023-04-04,197.32000732421875,198.74000549316406,190.32000732421875,192.5800018310547,192.5800018310547,126463800,TSLA
2023-04-05,190.52000427246094,190.67999267578125,183.75999450683594,185.52000427246094,185.52000427246094,133882500,TSLA
2023-04-06,183.0800018310547,186.38999938964844,179.74000549316406,185.05999755859375,185.05999755859375,123857900,TSLA
2023-04-10,179.94000244140625,185.10000610351562,176.11000061035156,184.50999450683594,184.50999450683594,142154600,TSLA
2023-04-11,186.69000244140625,189.19000244140625,185.64999389648438,186.7899932861328,186.7899932861328,115770900,TSLA
2023-04-12,190.74000549316406,191.5800018310547,180.30999755859375,180.5399932861328,180.5399932861328,150256300,TSLA
2023-04-13,182.9600067138672,186.5,180.94000244140625,185.89999389648438,185.89999389648438,112933000,TSLA
2023-04-14,183.9499969482422,186.27999877929688,182.00999450683594,185.0,185.0,96438700,TSLA
2023-04-17,186.32000732421875,189.69000244140625,182.69000244140625,187.0399932861328,187.0399932861328,116662200,TSLA
2023-04-18,187.14999389648438,187.69000244140625,183.5800018310547,184.30999755859375,184.30999755859375,92067000,TSLA
2023-04-19,179.10000610351562,183.5,177.64999389648438,180.58999633789062,180.58999633789062,125732700,TSLA
2023-04-20,166.1699981689453,169.6999969482422,160.55999755859375,162.99000549316406,162.99000549316406,210970800,TSLA
2023-04-21,164.8000030517578,166.0,161.32000732421875,165.0800018310547,165.0800018310547,123539000,TSLA
2023-04-24,164.64999389648438,165.64999389648438,158.61000061035156,162.5500030517578,162.5500030517578,140006600,TSLA
2023-04-25,159.82000732421875,163.47000122070312,158.75,160.6699981689453,160.6699981689453,121999300,TSLA
2023-04-26,160.2899932861328,160.6699981689453,153.13999938964844,153.75,153.75,153364100,TSLA
2023-04-27,152.63999938964844,160.47999572753906,152.3699951171875,160.19000244140625,160.19000244140625,127015200,TSLA
2023-04-28,160.89999389648438,165.0,157.32000732421875,164.30999755859375,164.30999755859375,122515800,TSLA
2023-05-01,163.1699981689453,163.27999877929688,158.8300018310547,161.8300018310547,161.8300018310547,109015000,TSLA
2023-05-02,161.8800048828125,165.49000549316406,158.92999267578125,160.30999755859375,160.30999755859375,128259700,TSLA
2023-05-03,160.00999450683594,165.0,159.91000366210938,160.61000061035156,160.61000061035156,119728000,TSLA
2023-05-04,162.7100067138672,162.9499969482422,159.64999389648438,161.1999969482422,161.1999969482422,95108500,TSLA
2023-05-05,163.97000122070312,170.7899932861328,163.50999450683594,170.05999755859375,170.05999755859375,107607300,TSLA
2023-05-08,173.72000122070312,173.8000030517578,169.19000244140625,171.7899932861328,171.7899932861328,112249400,TSLA
2023-05-09,168.9499969482422,169.82000732421875,166.55999755859375,169.14999389648438,169.14999389648438,88965000,TSLA
2023-05-10,172.5500030517578,174.42999267578125,166.67999267578125,168.5399932861328,168.5399932861328,119840700,TSLA
2023-05-11,168.6999969482422,173.57000732421875,166.7899932861328,172.0800018310547,172.0800018310547,103889900,TSLA
2023-05-12,176.07000732421875,177.3800048828125,167.22999572753906,167.97999572753906,167.97999572753906,157849600,TSLA
2023-05-15,167.66000366210938,169.75999450683594,164.5500030517578,166.35000610351562,166.35000610351562,105592500,TSLA
2023-05-16,165.64999389648438,169.52000427246094,164.35000610351562,166.52000427246094,166.52000427246094,98288800,TSLA
2023-05-17,168.41000366210938,174.5,167.19000244140625,173.86000061035156,173.86000061035156,125473600,TSLA
2023-05-18,174.22000122070312,177.05999755859375,172.4499969482422,176.88999938964844,176.88999938964844,109520300,TSLA
2023-05-19,177.1699981689453,181.9499969482422,176.30999755859375,180.13999938964844,180.13999938964844,136196700,TSLA
2023-05-22,180.6999969482422,189.32000732421875,180.11000061035156,188.8699951171875,188.8699951171875,132001400,TSLA
2023-05-23,186.1999969482422,192.9600067138672,185.25999450683594,185.77000427246094,185.77000427246094,156952100,TSLA
2023-05-24,182.22999572753906,184.22000122070312,178.22000122070312,182.89999389648438,182.89999389648438,137605100,TSLA
2023-05-25,186.5399932861328,186.77999877929688,180.5800018310547,184.47000122070312,184.47000122070312,96870700,TSLA
2023-05-26,184.6199951171875,198.60000610351562,184.52999877929688,193.1699981689453,193.1699981689453,162061500,TSLA
2023-05-30,200.10000610351562,204.47999572753906,197.52999877929688,201.16000366210938,201.16000366210938,128818700,TSLA
2023-05-31,199.77999877929688,203.9499969482422,195.1199951171875,203.92999267578125,203.92999267578125,150711700,TSLA
2023-06-01,202.58999633789062,209.8000030517578,199.3699951171875,207.52000427246094,207.52000427246094,148029900,TSLA
2023-06-02,210.14999389648438,217.25,209.75,213.97000122070312,213.97000122070312,164398400,TSLA
2023-06-05,217.8000030517578,221.2899932861328,214.52000427246094,217.61000061035156,217.61000061035156,151143100,TSLA
2023-06-06,216.13999938964844,221.91000366210938,212.52999877929688,221.30999755859375,221.30999755859375,146911600,TSLA
2023-06-07,228.0,230.8300018310547,223.1999969482422,224.57000732421875,224.57000732421875,185710800,TSLA
2023-06-08,224.22000122070312,235.22999572753906,223.00999450683594,234.86000061035156,234.86000061035156,164489700,TSLA
2023-06-09,249.07000732421875,252.4199981689453,242.02000427246094,244.39999389648438,244.39999389648438,200242400,TSLA
2023-06-12,247.94000244140625,250.97000122070312,244.58999633789062,249.8300018310547,249.8300018310547,150337900,TSLA
2023-06-13,253.50999450683594,259.67999267578125,251.33999633789062,258.7099914550781,258.7099914550781,162384300,TSLA
2023-06-14,260.1700134277344,261.57000732421875,250.5,256.7900085449219,256.7900085449219,170575500,TSLA
2023-06-15,248.39999389648438,258.95001220703125,247.2899932861328,255.89999389648438,255.89999389648438,160171200,TSLA
2023-06-16,258.9200134277344,263.6000061035156,257.2099914550781,260.5400085449219,260.5400085449219,167915600,TSLA
2023-06-20,261.5,274.75,261.1199951171875,274.45001220703125,274.45001220703125,165611200,TSLA
2023-06-21,275.1300048828125,276.989990234375,257.7799987792969,259.4599914550781,259.4599914550781,211797100,TSLA
2023-06-22,250.77000427246094,265.0,248.25,264.6099853515625,264.6099853515625,166875900,TSLA
2023-06-23,259.2900085449219,262.45001220703125,252.8000030517578,256.6000061035156,256.6000061035156,177460800,TSLA
2023-06-26,250.07000732421875,258.3699951171875,240.6999969482422,241.0500030517578,241.0500030517578,179990600,TSLA
2023-06-27,243.24000549316406,250.38999938964844,240.85000610351562,250.2100067138672,250.2100067138672,164968200,TSLA
2023-06-28,249.6999969482422,259.8800048828125,248.88999938964844,256.239990234375,256.239990234375,159770800,TSLA
2023-06-29,258.0299987792969,260.739990234375,253.61000061035156,257.5,257.5,131283400,TSLA
2023-06-30,260.6000061035156,264.45001220703125,259.8900146484375,261.7699890136719,261.7699890136719,112620800,TSLA
2023-07-03,276.489990234375,284.25,275.1099853515625,279.82000732421875,279.82000732421875,119685900,TSLA
2023-07-05,278.82000732421875,283.8500061035156,277.6000061035156,282.4800109863281,282.4800109863281,131530900,TSLA
2023-07-06,278.0899963378906,279.9700012207031,272.8800048828125,276.5400085449219,276.5400085449219,120332100,TSLA
2023-07-07,278.42999267578125,280.7799987792969,273.7699890136719,274.42999267578125,274.42999267578125,113879200,TSLA
2023-07-10,276.4700012207031,277.5199890136719,265.1000061035156,269.6099853515625,269.6099853515625,119425400,TSLA
2023-07-11,268.6499938964844,270.8999938964844,266.3699951171875,269.7900085449219,269.7900085449219,91972400,TSLA
2023-07-12,276.3299865722656,276.5199890136719,271.4599914550781,271.989990234375,271.989990234375,95672100,TSLA
2023-07-13,274.5899963378906,279.45001220703125,270.6000061035156,277.8999938964844,277.8999938964844,112681500,TSLA
2023-07-14,277.010009765625,285.29998779296875,276.30999755859375,281.3800048828125,281.3800048828125,120062400,TSLA
2023-07-17,286.6300048828125,292.2300109863281,283.57000732421875,290.3800048828125,290.3800048828125,131569600,TSLA
2023-07-18,290.1499938964844,295.260009765625,286.010009765625,293.3399963378906,293.3399963378906,112120300,TSLA
2023-07-19,296.0400085449219,299.2900085449219,289.5199890136719,291.260009765625,291.260009765625,142355400,TSLA
2023-07-20,279.55999755859375,280.92999267578125,261.20001220703125,262.8999938964844,262.8999938964844,175158300,TSLA
2023-07-21,268.0,268.0,255.8000030517578,260.0199890136719,260.0199890136719,161796100,TSLA
2023-07-24,255.85000610351562,269.8500061035156,254.1199951171875,269.05999755859375,269.05999755859375,136508500,TSLA
2023-07-25,272.3800048828125,272.8999938964844,265.0,265.2799987792969,265.2799987792969,112757300,TSLA
2023-07-26,263.25,268.0400085449219,261.75,264.3500061035156,264.3500061035156,95856200,TSLA
2023-07-27,268.30999755859375,269.1300048828125,255.3000030517578,255.7100067138672,255.7100067138672,103697300,TSLA
2023-07-28,259.8599853515625,267.25,258.2300109863281,266.44000244140625,266.44000244140625,111446000,TSLA
2023-07-31,267.4800109863281,269.0799865722656,263.7799987792969,267.42999267578125,267.42999267578125,84582200,TSLA
2023-08-01,266.260009765625,266.4700012207031,260.25,261.07000732421875,261.07000732421875,83166000,TSLA
2023-08-02,255.57000732421875,259.5199890136719,250.49000549316406,254.11000061035156,254.11000061035156,101752900,TSLA
2023-08-03,252.0399932861328,260.489990234375,252.0,259.32000732421875,259.32000732421875,97569100,TSLA
2023-08-04,260.9700012207031,264.7699890136719,253.11000061035156,253.86000061035156,253.86000061035156,99539900,TSLA
2023-08-07,251.4499969482422,253.64999389648438,242.75999450683594,251.4499969482422,251.4499969482422,111097900,TSLA
2023-08-08,247.4499969482422,250.9199981689453,245.00999450683594,249.6999969482422,249.6999969482422,96642200,TSLA
2023-08-09,250.8699951171875,251.10000610351562,241.89999389648438,242.19000244140625,242.19000244140625,101596300,TSLA
2023-08-10,245.39999389648438,251.8000030517578,243.0,245.33999633789062,245.33999633789062,109498600,TSLA
2023-08-11,241.77000427246094,243.7899932861328,238.02000427246094,242.64999389648438,242.64999389648438,99038600,TSLA
2023-08-14,235.6999969482422,240.66000366210938,233.75,239.75999450683594,239.75999450683594,98595300,TSLA
2023-08-15,238.72999572753906,240.5,232.61000061035156,232.9600067138672,232.9600067138672,88197600,TSLA
2023-08-16,228.02000427246094,233.97000122070312,225.3800048828125,225.60000610351562,225.60000610351562,112484500,TSLA
2023-08-17,226.05999755859375,226.74000549316406,218.8300018310547,219.22000122070312,219.22000122070312,120718400,TSLA
2023-08-18,214.1199951171875,217.5800018310547,212.36000061035156,215.49000549316406,215.49000549316406,136276600,TSLA
2023-08-21,221.5500030517578,232.1300048828125,220.5800018310547,231.27999877929688,231.27999877929688,135702700,TSLA
2023-08-22,240.25,240.82000732421875,229.5500030517578,233.19000244140625,233.19000244140625,130442800,TSLA
2023-08-23,229.33999633789062,238.97999572753906,229.2899932861328,236.86000061035156,236.86000061035156,101077600,TSLA
2023-08-24,238.66000366210938,238.9199981689453,228.17999267578125,230.0399932861328,230.0399932861328,99777400,TSLA
2023-08-25,231.30999755859375,239.0,230.35000610351562,238.58999633789062,238.58999633789062,106612200,TSLA
2023-08-28,242.5800018310547,244.3800048828125,235.35000610351562,238.82000732421875,238.82000732421875,107673700,TSLA
2023-08-29,238.5800018310547,257.4800109863281,237.77000427246094,257.17999267578125,257.17999267578125,134047600,TSLA
2023-08-30,254.1999969482422,260.510009765625,250.58999633789062,256.8999938964844,256.8999938964844,121988400,TSLA
2023-08-31,255.97999572753906,261.17999267578125,255.0500030517578,258.0799865722656,258.0799865722656,108861700,TSLA
2023-09-01,257.260009765625,259.0799865722656,242.00999450683594,245.00999450683594,245.00999450683594,132541600,TSLA
2023-09-05,245.0,258.0,244.86000061035156,256.489990234375,256.489990234375,129469600,TSLA
2023-09-06,255.13999938964844,255.38999938964844,245.05999755859375,251.9199981689453,251.9199981689453,116959800,TSLA
2023-09-07,245.07000732421875,252.80999755859375,243.27000427246094,251.49000549316406,251.49000549316406,115312900,TSLA
2023-09-08,251.22000122070312,256.5199890136719,246.6699981689453,248.5,248.5,118367700,TSLA
2023-09-11,264.2699890136719,274.8500061035156,260.6099853515625,273.5799865722656,273.5799865722656,174667900,TSLA
2023-09-12,270.760009765625,278.3900146484375,266.6000061035156,267.4800109863281,267.4800109863281,135999900,TSLA
2023-09-13,270.07000732421875,274.9800109863281,268.1000061035156,271.29998779296875,271.29998779296875,111673700,TSLA
2023-09-14,271.32000732421875,276.7099914550781,270.4200134277344,276.0400085449219,276.0400085449219,107709800,TSLA
2023-09-15,277.54998779296875,278.9800109863281,271.0,274.3900146484375,274.3900146484375,133692300,TSLA
2023-09-18,271.1600036621094,271.44000244140625,263.760009765625,265.2799987792969,265.2799987792969,101543300,TSLA
2023-09-19,264.3500061035156,267.8500061035156,261.20001220703125,266.5,266.5,103704000,TSLA
2023-09-20,267.0400085449219,273.92999267578125,262.4599914550781,262.5899963378906,262.5899963378906,122514600,TSLA
2023-09-21,257.8500061035156,260.8599853515625,254.2100067138672,255.6999969482422,255.6999969482422,119951500,TSLA
2023-09-22,257.3999938964844,257.7900085449219,244.47999572753906,244.8800048828125,244.8800048828125,127524100,TSLA
2023-09-25,243.3800048828125,247.10000610351562,238.30999755859375,246.99000549316406,246.99000549316406,104636600,TSLA
2023-09-26,242.97999572753906,249.5500030517578,241.66000366210938,244.1199951171875,244.1199951171875,101993600,TSLA
2023-09-27,244.25999450683594,245.3300018310547,234.5800018310547,240.5,240.5,136597200,TSLA
2023-09-28,240.02000427246094,247.5500030517578,238.64999389648438,246.3800048828125,246.3800048828125,117058900,TSLA
2023-09-29,250.0,254.77000427246094,246.35000610351562,250.22000122070312,250.22000122070312,128522700,TSLA
2023-10-02,244.80999755859375,254.27999877929688,242.6199951171875,251.60000610351562,251.60000610351562,123810400,TSLA
2023-10-03,248.61000061035156,250.02000427246094,244.4499969482422,246.52999877929688,246.52999877929688,101985300,TSLA
2023-10-04,248.13999938964844,261.8599853515625,247.60000610351562,261.1600036621094,261.1600036621094,129721600,TSLA
2023-10-05,260.0,263.6000061035156,256.25,260.04998779296875,260.04998779296875,119159200,TSLA
2023-10-06,253.97999572753906,261.6499938964844,250.64999389648438,260.5299987792969,260.5299987792969,118121800,TSLA
2023-10-09,255.30999755859375,261.3599853515625,252.0500030517578,259.6700134277344,259.6700134277344,101377900,TSLA
2023-10-10,257.75,268.94000244140625,257.6499938964844,263.6199951171875,263.6199951171875,122656000,TSLA
2023-10-11,266.20001220703125,268.6000061035156,260.8999938964844,262.989990234375,262.989990234375,103706300,TSLA
2023-10-12,262.9200134277344,265.4100036621094,256.6300048828125,258.8699951171875,258.8699951171875,111508100,TSLA
2023-10-13,258.8999938964844,259.6000061035156,250.22000122070312,251.1199951171875,251.1199951171875,102073800,TSLA
2023-10-16,250.0500030517578,255.39999389648438,248.47999572753906,253.9199981689453,253.9199981689453,88917200,TSLA
2023-10-17,250.10000610351562,257.17999267578125,247.0800018310547,254.85000610351562,254.85000610351562,93562900,TSLA
2023-10-18,252.6999969482422,254.6300048828125,242.0800018310547,242.67999267578125,242.67999267578125,125147800,TSLA
2023-10-19,225.9499969482422,230.61000061035156,216.77999877929688,220.11000061035156,220.11000061035156,170772700,TSLA
2023-10-20,217.00999450683594,218.86000061035156,210.4199981689453,211.99000549316406,211.99000549316406,138010100,TSLA
2023-10-23,210.0,216.97999572753906,202.50999450683594,212.0800018310547,212.0800018310547,150683400,TSLA
2023-10-24,216.5,222.0500030517578,214.11000061035156,216.52000427246094,216.52000427246094,118231100,TSLA
2023-10-25,215.8800048828125,220.10000610351562,212.1999969482422,212.4199981689453,212.4199981689453,107065100,TSLA
2023-10-26,211.32000732421875,214.8000030517578,204.8800048828125,205.75999450683594,205.75999450683594,115112600,TSLA
2023-10-27,210.60000610351562,212.41000366210938,205.77000427246094,207.3000030517578,207.3000030517578,94881200,TSLA
2023-10-30,209.27999877929688,210.8800048828125,194.6699981689453,197.36000061035156,197.36000061035156,136448200,TSLA
2023-10-31,196.1199951171875,202.8000030517578,194.07000732421875,200.83999633789062,200.83999633789062,118068300,TSLA
2023-11-01,204.0399932861328,205.99000549316406,197.85000610351562,205.66000366210938,205.66000366210938,121661700,TSLA
2023-11-02,212.97000122070312,219.1999969482422,211.4499969482422,218.50999450683594,218.50999450683594,125987600,TSLA
2023-11-03,221.14999389648438,226.3699951171875,218.39999389648438,219.9600067138672,219.9600067138672,119534800,TSLA
2023-11-06,223.97999572753906,226.32000732421875,215.0,219.27000427246094,219.27000427246094,117335800,TSLA
2023-11-07,219.97999572753906,223.1199951171875,215.72000122070312,222.17999267578125,222.17999267578125,116900100,TSLA
2023-11-08,223.14999389648438,224.14999389648438,217.63999938964844,222.11000061035156,222.11000061035156,106584800,TSLA
2023-11-09,219.75,220.8000030517578,206.67999267578125,209.97999572753906,209.97999572753906,142110500,TSLA
2023-11-10,210.02999877929688,215.3800048828125,205.69000244140625,214.64999389648438,214.64999389648438,130994000,TSLA
2023-11-13,215.60000610351562,225.39999389648438,211.61000061035156,223.7100067138672,223.7100067138672,140447600,TSLA
2023-11-14,235.02999877929688,238.13999938964844,230.72000122070312,237.41000366210938,237.41000366210938,149771600,TSLA
2023-11-15,239.2899932861328,246.6999969482422,236.4499969482422,242.83999633789062,242.83999633789062,150354000,TSLA
2023-11-16,239.49000549316406,240.8800048828125,230.9600067138672,233.58999633789062,233.58999633789062,136816800,TSLA
2023-11-17,232.0,237.38999938964844,226.5399932861328,234.3000030517578,234.3000030517578,142532800,TSLA
2023-11-20,234.0399932861328,237.10000610351562,231.02000427246094,235.60000610351562,235.60000610351562,116320100,TSLA
2023-11-21,235.0399932861328,243.6199951171875,233.33999633789062,241.1999969482422,241.1999969482422,122288000,TSLA
2023-11-22,242.0399932861328,244.00999450683594,231.39999389648438,234.2100067138672,234.2100067138672,117950600,TSLA
2023-11-24,233.75,238.75,232.3300018310547,235.4499969482422,235.4499969482422,65125200,TSLA
2023-11-27,236.88999938964844,238.3300018310547,232.10000610351562,236.0800018310547,236.0800018310547,112031800,TSLA
2023-11-28,236.67999267578125,247.0,234.00999450683594,246.72000122070312,246.72000122070312,148549900,TSLA
2023-11-29,249.2100067138672,252.75,242.75999450683594,244.13999938964844,244.13999938964844,135401300,TSLA
2023-11-30,245.13999938964844,245.22000122070312,236.91000366210938,240.0800018310547,240.0800018310547,132353200,TSLA
2023-12-01,233.13999938964844,240.19000244140625,231.89999389648438,238.8300018310547,238.8300018310547,121331700,TSLA
2023-12-04,235.75,239.3699951171875,233.2899932861328,235.5800018310547,235.5800018310547,104099800,TSLA
2023-12-05,233.8699951171875,246.66000366210938,233.6999969482422,238.72000122070312,238.72000122070312,137971100,TSLA
2023-12-06,242.9199981689453,246.57000732421875,239.1699981689453,239.3699951171875,239.3699951171875,126436200,TSLA
2023-12-07,241.5500030517578,244.0800018310547,236.97999572753906,242.63999938964844,242.63999938964844,107142300,TSLA
2023-12-08,240.27000427246094,245.27000427246094,239.27000427246094,243.83999633789062,243.83999633789062,103126800,TSLA
2023-12-11,242.74000549316406,243.44000244140625,237.4499969482422,239.74000549316406,239.74000549316406,97913900,TSLA
2023-12-12,238.5500030517578,238.99000549316406,233.8699951171875,237.00999450683594,237.00999450683594,95328300,TSLA
2023-12-13,234.19000244140625,240.3000030517578,228.1999969482422,239.2899932861328,239.2899932861328,146286300,TSLA
2023-12-14,241.22000122070312,253.8800048828125,240.7899932861328,251.0500030517578,251.0500030517578,160829200,TSLA
2023-12-15,251.2100067138672,254.1300048828125,248.3000030517578,253.5,253.5,135932800,TSLA
2023-12-18,253.77999877929688,258.739990234375,251.36000061035156,252.0800018310547,252.0800018310547,116416500,TSLA
2023-12-19,253.47999572753906,258.3399963378906,253.00999450683594,257.2200012207031,257.2200012207031,106737400,TSLA
2023-12-20,256.4100036621094,259.8399963378906,247.0,247.13999938964844,247.13999938964844,125097000,TSLA
2023-12-21,251.89999389648438,254.8000030517578,248.5500030517578,254.5,254.5,109594200,TSLA
2023-12-22,256.760009765625,258.2200012207031,251.3699951171875,252.5399932861328,252.5399932861328,93370100,TSLA
2023-12-26,254.49000549316406,257.9700012207031,252.91000366210938,256.6099853515625,256.6099853515625,86892400,TSLA
2023-12-27,258.3500061035156,263.3399963378906,257.5199890136719,261.44000244140625,261.44000244140625,106494400,TSLA
2023-12-28,263.6600036621094,265.1300048828125,252.7100067138672,253.17999267578125,253.17999267578125,113619900,TSLA
2023-12-29,255.10000610351562,255.19000244140625,247.42999267578125,248.47999572753906,248.47999572753906,100891600,TSLA
2024-01-02,250.0800018310547,251.25,244.41000366210938,248.4199981689453,248.4199981689453,104654200,TSLA
2024-01-03,244.97999572753906,245.67999267578125,236.32000732421875,238.4499969482422,238.4499969482422,121082600,TSLA
2024-01-04,239.25,242.6999969482422,237.72999572753906,237.92999267578125,237.92999267578125,102629300,TSLA
2024-01-05,236.86000061035156,240.1199951171875,234.89999389648438,237.49000549316406,237.49000549316406,92488900,TSLA
2024-01-08,236.13999938964844,241.25,235.3000030517578,240.4499969482422,240.4499969482422,85166600,TSLA
2024-01-09,238.11000061035156,238.9600067138672,232.0399932861328,234.9600067138672,234.9600067138672,96705700,TSLA
2024-01-10,235.10000610351562,235.5,231.2899932861328,233.94000244140625,233.94000244140625,91628500,TSLA
2024-01-11,230.57000732421875,230.92999267578125,225.3699951171875,227.22000122070312,227.22000122070312,105873600,TSLA
2024-01-12,220.0800018310547,225.33999633789062,217.14999389648438,218.88999938964844,218.88999938964844,123043800,TSLA
2024-01-16,215.10000610351562,223.49000549316406,212.17999267578125,219.91000366210938,219.91000366210938,115355000,TSLA
2024-01-17,214.86000061035156,215.6699981689453,212.00999450683594,215.5500030517578,215.5500030517578,103164400,TSLA
2024-01-18,216.8800048828125,217.4499969482422,208.74000549316406,211.8800048828125,211.8800048828125,108595400,TSLA
2024-01-19,209.99000549316406,213.19000244140625,207.55999755859375,212.19000244140625,212.19000244140625,102260300,TSLA
2024-01-22,212.25999450683594,217.8000030517578,206.27000427246094,208.8000030517578,208.8000030517578,117952500,TSLA
2024-01-23,211.3000030517578,215.64999389648438,207.75,209.13999938964844,209.13999938964844,106605900,TSLA
2024-01-24,211.8800048828125,212.72999572753906,206.77000427246094,207.8300018310547,207.8300018310547,123369900,TSLA
2024-01-25,189.6999969482422,193.0,180.05999755859375,182.6300048828125,182.6300048828125,198076800,TSLA
2024-01-26,185.5,186.77999877929688,182.10000610351562,183.25,183.25,107343200,TSLA
2024-01-29,185.6300048828125,191.47999572753906,183.6699981689453,190.92999267578125,190.92999267578125,125013100,TSLA
2024-01-30,195.3300018310547,196.36000061035156,190.61000061035156,191.58999633789062,191.58999633789062,109982300,TSLA
2024-01-31,187.0,193.97000122070312,185.85000610351562,187.2899932861328,187.2899932861328,103221400,TSLA
2024-02-01,188.5,189.8800048828125,184.27999877929688,188.86000061035156,188.86000061035156,91843300,TSLA
2024-02-02,185.0399932861328,188.69000244140625,182.0,187.91000366210938,187.91000366210938,110612700,TSLA
2024-02-05,184.25999450683594,184.67999267578125,175.00999450683594,181.05999755859375,181.05999755859375,134294400,TSLA
2024-02-06,177.2100067138672,186.49000549316406,177.11000061035156,185.10000610351562,185.10000610351562,122676000,TSLA
2024-02-07,188.17999267578125,189.7899932861328,182.67999267578125,187.5800018310547,187.5800018310547,111535200,TSLA
2024-02-08,189.0,191.6199951171875,185.5800018310547,189.55999755859375,189.55999755859375,83034000,TSLA
2024-02-09,190.17999267578125,194.1199951171875,189.47999572753906,193.57000732421875,193.57000732421875,84476300,TSLA
2024-02-12,192.11000061035156,194.72999572753906,187.27999877929688,188.1300048828125,188.1300048828125,95498600,TSLA
2024-02-13,183.99000549316406,187.25999450683594,182.11000061035156,184.02000427246094,184.02000427246094,86759500,TSLA
2024-02-14,185.3000030517578,188.88999938964844,183.35000610351562,188.7100067138672,188.7100067138672,81203000,TSLA
2024-02-15,189.16000366210938,200.8800048828125,188.86000061035156,200.4499969482422,200.4499969482422,120831800,TSLA
2024-02-16,202.05999755859375,203.1699981689453,197.39999389648438,199.9499969482422,199.9499969482422,111346700,TSLA
2024-02-20,196.1300048828125,198.60000610351562,189.1300048828125,193.75999450683594,193.75999450683594,104545800,TSLA
2024-02-21,193.36000061035156,199.44000244140625,191.9499969482422,194.77000427246094,194.77000427246094,103500300,TSLA
2024-02-22,194.0,198.32000732421875,191.36000061035156,197.41000366210938,197.41000366210938,92739500,TSLA
2024-02-23,195.30999755859375,197.57000732421875,191.5,191.97000122070312,191.97000122070312,78841900,TSLA
2024-02-26,192.2899932861328,201.77999877929688,192.0,199.39999389648438,199.39999389648438,111747100,TSLA
2024-02-27,204.0399932861328,205.60000610351562,198.25999450683594,199.72999572753906,199.72999572753906,108645400,TSLA
2024-02-28,200.4199981689453,205.3000030517578,198.44000244140625,202.0399932861328,202.0399932861328,99806200,TSLA
2024-02-29,204.17999267578125,205.27999877929688,198.4499969482422,201.8800048828125,201.8800048828125,85907000,TSLA
2024-03-01,200.52000427246094,204.52000427246094,198.5,202.63999938964844,202.63999938964844,82243100,TSLA
2024-03-04,198.72999572753906,199.75,186.72000122070312,188.13999938964844,188.13999938964844,134334900,TSLA
2024-03-05,183.0500030517578,184.58999633789062,177.57000732421875,180.74000549316406,180.74000549316406,119660800,TSLA
2024-03-06,179.99000549316406,181.5800018310547,173.6999969482422,176.5399932861328,176.5399932861328,107920900,TSLA
2024-03-07,174.35000610351562,180.0399932861328,173.6999969482422,178.64999389648438,178.64999389648438,102129000,TSLA
2024-03-08,181.5,182.72999572753906,174.6999969482422,175.33999633789062,175.33999633789062,85544600,TSLA
2024-03-11,175.4499969482422,182.8699951171875,174.8000030517578,177.77000427246094,177.77000427246094,85391500,TSLA
2024-03-12,177.77000427246094,179.42999267578125,172.41000366210938,177.5399932861328,177.5399932861328,87391700,TSLA
2024-03-13,173.0500030517578,176.0500030517578,169.14999389648438,169.47999572753906,169.47999572753906,106524500,TSLA
2024-03-14,167.77000427246094,171.1699981689453,160.50999450683594,162.5,162.5,126325700,TSLA
2024-03-15,163.16000366210938,165.17999267578125,160.75999450683594,163.57000732421875,163.57000732421875,97146800,TSLA
2024-03-18,170.02000427246094,174.72000122070312,165.89999389648438,173.8000030517578,173.8000030517578,108214400,TSLA
2024-03-19,172.36000061035156,172.82000732421875,167.4199981689453,171.32000732421875,171.32000732421875,77271400,TSLA
2024-03-20,173.0,176.25,170.82000732421875,175.66000366210938,175.66000366210938,83846700,TSLA
2024-03-21,176.38999938964844,178.17999267578125,171.8000030517578,172.82000732421875,172.82000732421875,73178000,TSLA
2024-03-22,166.69000244140625,171.1999969482422,166.3000030517578,170.8300018310547,170.8300018310547,75580600,TSLA
2024-03-25,168.75999450683594,175.24000549316406,168.72999572753906,172.6300048828125,172.6300048828125,74228600,TSLA
2024-03-26,178.5800018310547,184.25,177.3800048828125,177.6699981689453,177.6699981689453,113186200,TSLA
2024-03-27,181.41000366210938,181.91000366210938,176.0,179.8300018310547,179.8300018310547,81804000,TSLA
2024-03-28,177.4499969482422,179.57000732421875,175.3000030517578,175.7899932861328,175.7899932861328,77654800,TSLA
2024-04-01,176.1699981689453,176.75,170.2100067138672,175.22000122070312,175.22000122070312,81562100,TSLA
2024-04-02,164.75,167.69000244140625,163.42999267578125,166.6300048828125,166.6300048828125,116650600,TSLA
2024-04-03,164.02000427246094,168.82000732421875,163.27999877929688,168.3800048828125,168.3800048828125,82950100,TSLA
2024-04-04,170.07000732421875,177.19000244140625,168.00999450683594,171.11000061035156,171.11000061035156,123162000,TSLA
2024-04-05,169.0800018310547,170.86000061035156,160.50999450683594,164.89999389648438,164.89999389648438,143157600,TSLA
2024-04-08,169.33999633789062,174.5,167.7899932861328,172.97999572753906,172.97999572753906,104423300,TSLA
2024-04-09,172.91000366210938,179.22000122070312,171.9199981689453,176.8800048828125,176.8800048828125,102951700,TSLA
2024-04-10,173.0399932861328,174.92999267578125,170.00999450683594,171.75999450683594,171.75999450683594,84532400,TSLA
2024-04-11,172.5500030517578,175.8800048828125,168.50999450683594,174.60000610351562,174.60000610351562,94516000,TSLA
2024-04-12,172.33999633789062,173.80999755859375,170.36000061035156,171.0500030517578,171.0500030517578,64722700,TSLA
2024-04-15,170.24000549316406,170.69000244140625,161.3800048828125,161.47999572753906,161.47999572753906,100245300,TSLA
2024-04-16,156.74000549316406,158.19000244140625,153.75,157.11000061035156,157.11000061035156,97000000,TSLA
2024-04-17,157.63999938964844,158.3300018310547,153.77999877929688,155.4499969482422,155.4499969482422,82439700,TSLA
2024-04-18,151.25,152.1999969482422,148.6999969482422,149.92999267578125,149.92999267578125,96098800,TSLA
2024-04-19,148.97000122070312,150.94000244140625,146.22000122070312,147.0500030517578,147.0500030517578,87074500,TSLA
2024-04-22,140.55999755859375,144.44000244140625,138.8000030517578,142.0500030517578,142.0500030517578,107097600,TSLA
2024-04-23,143.3300018310547,147.25999450683594,141.11000061035156,144.67999267578125,144.67999267578125,124545100,TSLA
2024-04-24,162.83999633789062,167.97000122070312,157.50999450683594,162.1300048828125,162.1300048828125,181178000,TSLA
2024-04-25,158.9600067138672,170.8800048828125,158.36000061035156,170.17999267578125,170.17999267578125,126427500,TSLA
2024-04-26,168.85000610351562,172.1199951171875,166.3699951171875,168.2899932861328,168.2899932861328,109815700,TSLA
2024-04-29,188.4199981689453,198.8699951171875,184.5399932861328,194.0500030517578,194.0500030517578,243869700,TSLA
2024-04-30,186.97999572753906,190.9499969482422,182.83999633789062,183.27999877929688,183.27999877929688,127031800,TSLA
2024-05-01,182.0,185.86000061035156,179.00999450683594,179.99000549316406,179.99000549316406,92829700,TSLA
2024-05-02,182.86000061035156,184.60000610351562,176.02000427246094,180.00999450683594,180.00999450683594,89148000,TSLA
2024-05-03,182.10000610351562,184.77999877929688,178.4199981689453,181.19000244140625,181.19000244140625,75491500,TSLA
2024-05-06,183.8000030517578,187.55999755859375,182.1999969482422,184.75999450683594,184.75999450683594,84390300,TSLA
2024-05-07,182.39999389648438,183.25999450683594,177.39999389648438,177.80999755859375,177.80999755859375,75045900,TSLA
2024-05-08,171.58999633789062,176.05999755859375,170.14999389648438,174.72000122070312,174.72000122070312,79969500,TSLA
2024-05-09,175.00999450683594,175.6199951171875,171.3699951171875,171.97000122070312,171.97000122070312,65950300,TSLA
2024-05-10,173.0500030517578,173.05999755859375,167.75,168.47000122070312,168.47000122070312,72627200,TSLA
2024-05-13,170.0,175.39999389648438,169.0,171.88999938964844,171.88999938964844,67018900,TSLA
2024-05-14,174.5,179.49000549316406,174.07000732421875,177.5500030517578,177.5500030517578,86407400,TSLA
2024-05-15,179.89999389648438,180.0,173.11000061035156,173.99000549316406,173.99000549316406,79663000,TSLA
2024-05-16,174.10000610351562,175.7899932861328,171.42999267578125,174.83999633789062,174.83999633789062,59812200,TSLA
2024-05-17,173.5500030517578,179.6300048828125,172.75,177.4600067138672,177.4600067138672,77445800,TSLA
2024-05-20,177.55999755859375,177.75,173.52000427246094,174.9499969482422,174.9499969482422,61727400,TSLA
2024-05-21,175.50999450683594,186.8800048828125,174.7100067138672,186.60000610351562,186.60000610351562,115266500,TSLA
2024-05-22,182.85000610351562,183.8000030517578,178.1199951171875,180.11000061035156,180.11000061035156,88313500,TSLA
2024-05-23,181.8000030517578,181.89999389648438,173.25999450683594,173.74000549316406,173.74000549316406,71975500,TSLA
2024-05-24,174.83999633789062,180.0800018310547,173.72999572753906,179.24000549316406,179.24000549316406,65584500,TSLA
2024-05-28,176.39999389648438,178.25,173.16000366210938,176.75,176.75,59736600,TSLA
2024-05-29,174.19000244140625,178.14999389648438,173.92999267578125,176.19000244140625,176.19000244140625,54782600,TSLA
2024-05-30,178.5800018310547,182.6699981689453,175.3800048828125,178.7899932861328,178.7899932861328,77618400,TSLA
2024-05-31,178.5,180.32000732421875,173.82000732421875,178.0800018310547,178.0800018310547,67314600,TSLA
2024-06-03,178.1300048828125,182.63999938964844,174.49000549316406,176.2899932861328,176.2899932861328,68568900,TSLA
2024-06-04,174.77999877929688,177.75999450683594,174.0,174.77000427246094,174.77000427246094,60056300,TSLA
2024-06-05,175.35000610351562,176.14999389648438,172.1300048828125,175.0,175.0,57953800,TSLA
2024-06-06,174.60000610351562,179.72999572753906,172.72999572753906,177.94000244140625,177.94000244140625,69887000,TSLA
2024-06-07,176.1300048828125,179.35000610351562,175.5800018310547,177.47999572753906,177.47999572753906,56244900,TSLA
2024-06-10,176.05999755859375,178.57000732421875,173.1699981689453,173.7899932861328,173.7899932861328,50774600,TSLA
2024-06-11,173.9199981689453,174.75,167.41000366210938,170.66000366210938,170.66000366210938,64761900,TSLA
2024-06-12,171.1199951171875,180.5500030517578,169.8000030517578,177.2899932861328,177.2899932861328,90389400,TSLA
2024-06-13,188.38999938964844,191.0800018310547,181.22999572753906,182.47000122070312,182.47000122070312,118984100,TSLA
2024-06-14,185.8000030517578,186.0,176.9199981689453,178.00999450683594,178.00999450683594,82038200,TSLA
2024-06-17,177.9199981689453,188.80999755859375,177.0,187.44000244140625,187.44000244140625,109786100,TSLA
2024-06-18,186.55999755859375,187.1999969482422,182.3699951171875,184.86000061035156,184.86000061035156,68982300,TSLA
2024-06-20,184.67999267578125,185.2100067138672,179.66000366210938,181.57000732421875,181.57000732421875,55893100,TSLA
2024-06-21,182.3000030517578,183.9499969482422,180.69000244140625,183.00999450683594,183.00999450683594,61937300,TSLA
2024-06-24,184.97000122070312,188.8000030517578,182.5500030517578,182.5800018310547,182.5800018310547,61992100,TSLA
2024-06-25,184.39999389648438,187.97000122070312,182.00999450683594,187.35000610351562,187.35000610351562,62905700,TSLA
2024-06-26,186.5399932861328,197.75999450683594,186.36000061035156,196.3699951171875,196.3699951171875,95737100,TSLA
2024-06-27,195.1699981689453,198.72000122070312,194.0500030517578,197.4199981689453,197.4199981689453,72746500,TSLA
2024-06-28,199.5500030517578,203.1999969482422,195.25999450683594,197.8800048828125,197.8800048828125,95438100,TSLA
2024-07-01,201.02000427246094,213.22999572753906,200.85000610351562,209.86000061035156,209.86000061035156,135691400,TSLA
2024-07-02,218.88999938964844,231.3000030517578,218.05999755859375,231.25999450683594,231.25999450683594,205047900,TSLA
2024-07-03,234.55999755859375,248.35000610351562,234.25,246.38999938964844,246.38999938964844,166561500,TSLA
2024-07-05,249.80999755859375,252.3699951171875,242.4600067138672,251.52000427246094,251.52000427246094,154501200,TSLA
2024-07-08,247.7100067138672,259.44000244140625,244.57000732421875,252.94000244140625,252.94000244140625,157219600,TSLA
2024-07-09,251.0,265.6099853515625,250.3000030517578,262.3299865722656,262.3299865722656,160210900,TSLA
2024-07-10,262.79998779296875,267.5899963378906,257.8599853515625,263.260009765625,263.260009765625,128519400,TSLA
2024-07-11,263.29998779296875,271.0,239.64999389648438,241.02999877929688,241.02999877929688,221707300,TSLA
2024-07-12,235.8000030517578,251.83999633789062,233.08999633789062,248.22999572753906,248.22999572753906,155955800,TSLA
2024-07-15,255.97000122070312,265.6000061035156,251.72999572753906,252.63999938964844,252.63999938964844,146912900,TSLA
2024-07-16,255.30999755859375,258.6199951171875,245.8000030517578,256.55999755859375,256.55999755859375,126332500,TSLA
2024-07-17,252.72999572753906,258.4700012207031,246.17999267578125,248.5,248.5,115584800,TSLA
2024-07-18,251.08999633789062,257.1400146484375,247.1999969482422,249.22999572753906,249.22999572753906,110869000,TSLA
2024-07-19,247.7899932861328,249.44000244140625,236.8300018310547,239.1999969482422,239.1999969482422,87403900,TSLA
2024-07-22,244.2100067138672,253.2100067138672,243.75,251.50999450683594,251.50999450683594,101225400,TSLA
2024-07-23,253.60000610351562,255.75999450683594,245.6300048828125,246.3800048828125,246.3800048828125,111928200,TSLA
2024-07-24,225.4199981689453,225.99000549316406,214.7100067138672,215.99000549316406,215.99000549316406,167942900,TSLA
2024-07-25,216.8000030517578,226.0,216.22999572753906,220.25,220.25,100636500,TSLA
2024-07-26,221.19000244140625,222.27999877929688,215.3300018310547,219.8000030517578,219.8000030517578,94604100,TSLA
2024-07-29,224.89999389648438,234.27000427246094,224.6999969482422,232.10000610351562,232.10000610351562,129201800,TSLA
2024-07-30,232.25,232.41000366210938,220.0,222.6199951171875,222.6199951171875,100560300,TSLA
2024-07-31,227.89999389648438,234.67999267578125,226.7899932861328,232.07000732421875,232.07000732421875,67497000,TSLA
2024-08-01,227.69000244140625,231.8699951171875,214.3300018310547,216.86000061035156,216.86000061035156,83861900,TSLA
2024-08-02,214.8800048828125,216.1300048828125,205.77999877929688,207.6699981689453,207.6699981689453,82880100,TSLA
2024-08-05,185.22000122070312,203.8800048828125,182.0,198.8800048828125,198.8800048828125,100308800,TSLA
2024-08-06,200.75,202.89999389648438,192.6699981689453,200.63999938964844,200.63999938964844,73783900,TSLA
2024-08-07,200.77000427246094,203.49000549316406,191.47999572753906,191.75999450683594,191.75999450683594,71159800,TSLA
2024-08-08,195.6999969482422,200.6999969482422,192.0399932861328,198.83999633789062,198.83999633789062,65033900,TSLA
2024-08-09,197.0500030517578,200.8800048828125,195.11000061035156,200.0,200.0,58648300,TSLA
2024-08-12,199.02000427246094,199.25999450683594,194.6699981689453,197.49000549316406,197.49000549316406,64044900,TSLA
2024-08-13,198.47000122070312,208.49000549316406,197.05999755859375,207.8300018310547,207.8300018310547,76247400,TSLA
2024-08-14,207.38999938964844,208.44000244140625,198.75,201.3800048828125,201.3800048828125,70250000,TSLA
2024-08-15,205.02000427246094,215.8800048828125,204.82000732421875,214.13999938964844,214.13999938964844,89848500,TSLA
2024-08-16,211.14999389648438,219.8000030517578,210.8000030517578,216.1199951171875,216.1199951171875,88765100,TSLA
2024-08-19,217.07000732421875,222.97999572753906,214.08999633789062,222.72000122070312,222.72000122070312,76435200,TSLA
2024-08-20,224.8800048828125,228.22000122070312,219.55999755859375,221.10000610351562,221.10000610351562,74001200,TSLA
2024-08-21,222.6699981689453,224.66000366210938,218.86000061035156,223.27000427246094,223.27000427246094,70146000,TSLA
2024-08-22,223.82000732421875,224.8000030517578,210.32000732421875,210.66000366210938,210.66000366210938,79514500,TSLA
2024-08-23,214.4600067138672,221.47999572753906,214.2100067138672,220.32000732421875,220.32000732421875,81525200,TSLA
2024-08-26,218.75,219.08999633789062,211.00999450683594,213.2100067138672,213.2100067138672,59301200,TSLA
2024-08-27,213.25,215.66000366210938,206.94000244140625,209.2100067138672,209.2100067138672,62821400,TSLA
2024-08-28,209.72000122070312,211.83999633789062,202.58999633789062,205.75,205.75,64116400,TSLA
2024-08-29,209.8000030517578,214.88999938964844,205.97000122070312,206.27999877929688,206.27999877929688,62308800,TSLA
2024-08-30,208.6300048828125,214.57000732421875,207.02999877929688,214.11000061035156,214.11000061035156,63370600,TSLA
2024-09-03,215.25999450683594,219.89999389648438,209.63999938964844,210.60000610351562,210.60000610351562,76714200,TSLA
2024-09-04,210.58999633789062,222.22000122070312,210.57000732421875,219.41000366210938,219.41000366210938,80651800,TSLA
2024-09-05,223.49000549316406,235.0,222.25,230.1699981689453,230.1699981689453,119355000,TSLA
2024-09-06,232.60000610351562,233.60000610351562,210.50999450683594,210.72999572753906,210.72999572753906,112177000,TSLA
2024-09-09,216.1999969482422,219.8699951171875,213.6699981689453,216.27000427246094,216.27000427246094,67443500,TSLA
2024-09-10,220.07000732421875,226.39999389648438,218.63999938964844,226.1699981689453,226.1699981689453,78891100,TSLA
2024-09-11,224.5500030517578,228.47000122070312,216.8000030517578,228.1300048828125,228.1300048828125,83548600,TSLA
2024-09-12,224.66000366210938,231.4499969482422,223.8300018310547,229.80999755859375,229.80999755859375,71894900,TSLA
2024-09-13,228.0,232.6699981689453,226.32000732421875,230.2899932861328,230.2899932861328,59515100,TSLA
2024-09-16,229.3000030517578,229.9600067138672,223.52999877929688,226.77999877929688,226.77999877929688,54323000,TSLA
2024-09-17,229.4499969482422,234.57000732421875,226.5500030517578,227.8699951171875,227.8699951171875,66761600,TSLA
2024-09-18,230.08999633789062,235.67999267578125,226.8800048828125,227.1999969482422,227.1999969482422,78010200,TSLA
2024-09-19,234.0,244.24000549316406,232.1300048828125,243.9199981689453,243.9199981689453,102694600,TSLA
2024-09-20,241.52000427246094,243.99000549316406,235.9199981689453,238.25,238.25,99879100,TSLA
2024-09-23,242.61000061035156,250.0,241.9199981689453,250.0,250.0,86927200,TSLA
2024-09-24,254.0800018310547,257.19000244140625,249.0500030517578,254.27000427246094,254.27000427246094,88491000,TSLA
2024-09-25,252.5399932861328,257.04998779296875,252.27999877929688,257.0199890136719,257.0199890136719,65034300,TSLA
2024-09-26,260.6000061035156,261.75,251.52999877929688,254.22000122070312,254.22000122070312,67142200,TSLA
2024-09-27,257.3800048828125,260.70001220703125,254.1199951171875,260.4599914550781,260.4599914550781,70988100,TSLA
2024-09-30,259.0400085449219,264.8599853515625,255.77000427246094,261.6300048828125,261.6300048828125,80705700,TSLA
2024-10-01,262.6700134277344,263.9800109863281,248.52999877929688,258.0199890136719,258.0199890136719,87397600,TSLA
2024-10-02,247.5500030517578,251.16000366210938,241.5,249.02000427246094,249.02000427246094,93983900,TSLA
2024-10-03,244.47999572753906,249.7899932861328,237.80999755859375,240.66000366210938,240.66000366210938,80729200,TSLA
2024-10-04,246.69000244140625,250.9600067138672,244.5800018310547,250.0800018310547,250.0800018310547,86573200,TSLA
2024-10-07,249.0,249.8300018310547,240.6999969482422,240.8300018310547,240.8300018310547,68113300,TSLA
2024-10-08,243.55999755859375,246.2100067138672,240.55999755859375,244.5,244.5,56303200,TSLA
2024-10-09,243.82000732421875,247.42999267578125,239.50999450683594,241.0500030517578,241.0500030517578,66289500,TSLA
2024-10-10,241.80999755859375,242.7899932861328,232.33999633789062,238.77000427246094,238.77000427246094,83087100,TSLA
2024-10-11,220.1300048828125,223.33999633789062,214.3800048828125,217.8000030517578,217.8000030517578,142628900,TSLA
2024-10-14,220.1300048828125,221.91000366210938,213.74000549316406,219.16000366210938,219.16000366210938,86291900,TSLA
2024-10-15,220.00999450683594,224.25999450683594,217.1199951171875,219.57000732421875,219.57000732421875,62988800,TSLA
2024-10-16,221.39999389648438,222.82000732421875,218.92999267578125,221.3300018310547,221.3300018310547,49632800,TSLA
2024-10-17,221.58999633789062,222.0800018310547,217.89999389648438,220.88999938964844,220.88999938964844,50791800,TSLA
2024-10-18,220.7100067138672,222.27999877929688,219.22999572753906,220.6999969482422,220.6999969482422,49611900,TSLA
2024-10-21,218.89999389648438,220.47999572753906,215.72999572753906,218.85000610351562,218.85000610351562,47329000,TSLA
2024-10-22,217.30999755859375,218.22000122070312,215.25999450683594,217.97000122070312,217.97000122070312,43268700,TSLA
2024-10-23,217.1300048828125,218.72000122070312,212.11000061035156,213.64999389648438,213.64999389648438,80938900,TSLA
2024-10-24,244.67999267578125,262.1199951171875,242.64999389648438,260.4800109863281,260.4800109863281,204491900,TSLA
2024-10-25,256.010009765625,269.489990234375,255.32000732421875,269.19000244140625,269.19000244140625,161611900,TSLA
2024-10-28,270.0,273.5400085449219,262.239990234375,262.510009765625,262.510009765625,107653600,TSLA
2024-10-29,264.510009765625,264.9800109863281,255.50999450683594,259.5199890136719,259.5199890136719,80521800,TSLA
2024-10-30,258.0400085449219,263.3500061035156,255.82000732421875,257.54998779296875,257.54998779296875,53993600,TSLA
2024-10-31,257.989990234375,259.75,249.25,249.85000610351562,249.85000610351562,66575300,TSLA
2024-11-01,252.0399932861328,254.0,246.6300048828125,248.97999572753906,248.97999572753906,57544800,TSLA
2024-11-04,244.55999755859375,248.89999389648438,238.8800048828125,242.83999633789062,242.83999633789062,68802400,TSLA
2024-11-05,247.33999633789062,255.27999877929688,246.2100067138672,251.44000244140625,251.44000244140625,69282500,TSLA
2024-11-06,284.6700134277344,289.5899963378906,275.6199951171875,288.5299987792969,288.5299987792969,165228700,TSLA
2024-11-07,288.8900146484375,299.75,285.5199890136719,296.9100036621094,296.9100036621094,117309200,TSLA
2024-11-08,299.1400146484375,328.7099914550781,297.6600036621094,321.2200012207031,321.2200012207031,204782800,TSLA
2024-11-11,346.29998779296875,358.6400146484375,336.0,350.0,350.0,210521600,TSLA
2024-11-12,342.739990234375,345.8399963378906,323.30999755859375,328.489990234375,328.489990234375,155726000,TSLA
2024-11-13,335.8500061035156,344.6000061035156,322.5,330.239990234375,330.239990234375,125405600,TSLA
2024-11-14,327.69000244140625,329.9800109863281,310.3699951171875,311.17999267578125,311.17999267578125,120726100,TSLA
2024-11-15,310.57000732421875,324.67999267578125,309.2200012207031,320.7200012207031,320.7200012207031,114440300,TSLA
2024-11-18,340.7300109863281,348.54998779296875,330.010009765625,338.739990234375,338.739990234375,126085600,TSLA
2024-11-19,335.760009765625,347.3800048828125,332.75,346.0,346.0,88852500,TSLA
2024-11-20,345.0,346.6000061035156,334.29998779296875,342.0299987792969,342.0299987792969,66340700,TSLA
2024-11-21,343.80999755859375,347.989990234375,335.2799987792969,339.6400146484375,339.6400146484375,58011700,TSLA
2024-11-22,341.0899963378906,361.5299987792969,337.70001220703125,352.55999755859375,352.55999755859375,89140700,TSLA
2024-11-25,360.1400146484375,361.92999267578125,338.20001220703125,338.5899963378906,338.5899963378906,95890900,TSLA
2024-11-26,341.0,346.9599914550781,335.6600036621094,338.2300109863281,338.2300109863281,62295900,TSLA
2024-11-27,341.79998779296875,342.54998779296875,326.5899963378906,332.8900146484375,332.8900146484375,57896400,TSLA
2024-11-29,336.0799865722656,345.45001220703125,334.6499938964844,345.1600036621094,345.1600036621094,37167600,TSLA
2024-12-02,352.3800048828125,360.0,351.1499938964844,357.0899963378906,357.0899963378906,77986500,TSLA
2024-12-03,351.79998779296875,355.69000244140625,348.20001220703125,351.4200134277344,351.4200134277344,58267200,TSLA
2024-12-04,353.0,358.1000061035156,348.6000061035156,357.92999267578125,357.92999267578125,50810900,TSLA
2024-12-05,359.8699951171875,375.42999267578125,359.5,369.489990234375,369.489990234375,81403600,TSLA
2024-12-06,377.4200134277344,389.489990234375,370.79998779296875,389.2200012207031,389.2200012207031,81455800,TSLA
2024-12-09,397.6099853515625,404.79998779296875,378.010009765625,389.7900085449219,389.7900085449219,96359200,TSLA
2024-12-10,392.67999267578125,409.7300109863281,390.8500061035156,400.989990234375,400.989990234375,97563600,TSLA
2024-12-11,409.70001220703125,424.8800048828125,402.3800048828125,424.7699890136719,424.7699890136719,104287600,TSLA
2024-12-12,424.8399963378906,429.29998779296875,415.0,418.1000061035156,418.1000061035156,87752200,TSLA
2024-12-13,420.0,436.29998779296875,415.7099914550781,436.2300109863281,436.2300109863281,89000200,TSLA
2024-12-16,441.0899963378906,463.19000244140625,436.1499938964844,463.0199890136719,463.0199890136719,114083800,TSLA
2024-12-17,475.8999938964844,483.989990234375,457.510009765625,479.8599853515625,479.8599853515625,131223000,TSLA
2024-12-18,466.5,488.5400085449219,427.010009765625,440.1300048828125,440.1300048828125,149340800,TSLA
2024-12-19,451.8800048828125,456.3599853515625,420.0199890136719,436.1700134277344,436.1700134277344,118566100,TSLA
2024-12-20,425.510009765625,447.0799865722656,417.6400146484375,421.05999755859375,421.05999755859375,132216200,TSLA
2024-12-23,431.0,434.510009765625,415.4100036621094,430.6000061035156,430.6000061035156,72698100,TSLA
2024-12-24,435.8999938964844,462.7799987792969,435.1400146484375,462.2799987792969,462.2799987792969,59551800,TSLA
2024-12-26,465.1600036621094,465.3299865722656,451.0199890136719,454.1300048828125,454.1300048828125,76366400,TSLA
2024-12-27,449.5199890136719,450.0,426.5,431.6600036621094,431.6600036621094,82666800,TSLA
2024-12-30,419.3999938964844,427.0,415.75,417.4100036621094,417.4100036621094,64941000,TSLA
2024-12-31,423.7900085449219,427.92999267578125,402.5400085449219,403.8399963378906,403.8399963378906,76825100,TSLA
2025-01-02,390.1000061035156,392.7300109863281,373.0400085449219,379.2799987792969,379.2799987792969,109710700,TSLA
2025-01-03,381.4800109863281,411.8800048828125,379.45001220703125,410.44000244140625,410.44000244140625,95423300,TSLA
2025-01-06,423.20001220703125,426.42999267578125,401.70001220703125,411.04998779296875,411.04998779296875,85516500,TSLA
2025-01-07,405.8299865722656,414.3299865722656,390.0,394.3599853515625,394.3599853515625,75699500,TSLA
2025-01-08,392.95001220703125,402.5,387.3999938964844,394.94000244140625,394.94000244140625,73038800,TSLA
2025-01-10,391.3999938964844,399.2799987792969,377.2900085449219,394.739990234375,394.739990234375,62287300,TSLA
2025-01-13,383.2099914550781,403.7900085449219,380.07000732421875,403.30999755859375,403.30999755859375,67580500,TSLA
2025-01-14,414.3399963378906,422.6400146484375,394.5400085449219,396.3599853515625,396.3599853515625,84565000,TSLA
2025-01-15,409.8999938964844,429.79998779296875,405.6600036621094,428.2200012207031,428.2200012207031,81375500,TSLA
2025-01-16,423.489990234375,424.0,409.1300048828125,413.82000732421875,413.82000732421875,68335200,TSLA
2025-01-17,421.5,439.739990234375,419.75,426.5,426.5,94991400,TSLA
2025-01-21,432.6400146484375,433.20001220703125,406.30999755859375,424.07000732421875,424.07000732421875,87320900,TSLA
2025-01-22,416.80999755859375,428.0,414.5899963378906,415.1099853515625,415.1099853515625,60963300,TSLA
2025-01-23,416.05999755859375,420.7300109863281,408.95001220703125,412.3800048828125,412.3800048828125,50690600,TSLA
2025-01-24,414.45001220703125,418.8800048828125,405.7799987792969,406.5799865722656,406.5799865722656,56427100,TSLA
2025-01-27,394.79998779296875,406.69000244140625,389.0,397.1499938964844,397.1499938964844,58125500,TSLA
2025-01-28,396.9100036621094,400.5899963378906,386.5,398.0899963378906,398.0899963378906,48910700,TSLA
2025-01-29,395.2099914550781,398.5899963378906,384.4800109863281,389.1000061035156,389.1000061035156,68033600,TSLA
2025-01-30,410.7799987792969,412.5,384.4100036621094,400.2799987792969,400.2799987792969,98092900,TSLA
2025-01-31,401.5299987792969,419.989990234375,401.3399963378906,404.6000061035156,404.6000061035156,83283600,TSLA
2025-02-03,386.67999267578125,389.1700134277344,374.3599853515625,383.67999267578125,383.67999267578125,93732100,TSLA
2025-02-04,382.6300048828125,394.0,381.3999938964844,392.2099914550781,392.2099914550781,57072200,TSLA
2025-02-05,387.510009765625,388.3900146484375,375.5299987792969,378.1700134277344,378.1700134277344,57223300,TSLA
2025-02-06,373.0299987792969,375.3999938964844,363.17999267578125,374.32000732421875,374.32000732421875,77918200,TSLA
2025-02-07,370.19000244140625,380.54998779296875,360.3399963378906,361.6199951171875,361.6199951171875,70298300,TSLA
2025-02-10,356.2099914550781,362.70001220703125,350.510009765625,350.7300109863281,350.7300109863281,77514900,TSLA
2025-02-11,345.79998779296875,349.3699951171875,325.1000061035156,328.5,328.5,118543400,TSLA
2025-02-12,329.94000244140625,346.3999938964844,329.1199951171875,336.510009765625,336.510009765625,105382700,TSLA
2025-02-13,345.0,358.69000244140625,342.8500061035156,355.94000244140625,355.94000244140625,89441500,TSLA
2025-02-14,360.6199951171875,362.0,347.5,355.8399963378906,355.8399963378906,68277300,TSLA
2025-02-18,355.010009765625,359.1000061035156,350.0199890136719,354.1099853515625,354.1099853515625,51631700,TSLA
2025-02-19,354.0,367.3399963378906,353.6700134277344,360.55999755859375,360.55999755859375,67094400,TSLA
2025-02-20,361.510009765625,362.29998779296875,348.0,354.3999938964844,354.3999938964844,45965400,TSLA
2025-02-21,353.44000244140625,354.9800109863281,334.4200134277344,337.79998779296875,337.79998779296875,74058600,TSLA
2025-02-24,338.1400146484375,342.3999938964844,324.70001220703125,330.5299987792969,330.5299987792969,76052300,TSLA
2025-02-25,327.0199890136719,328.8900146484375,297.25,302.79998779296875,302.79998779296875,134228800,TSLA
2025-02-26,303.7099914550781,309.0,288.0400085449219,290.79998779296875,290.79998779296875,100118300,TSLA
2025-02-27,291.1600036621094,297.2300109863281,280.8800048828125,281.95001220703125,281.95001220703125,101748200,TSLA
2025-02-28,279.5,293.8800048828125,273.6000061035156,292.9800109863281,292.9800109863281,115697000,TSLA
2025-03-03,300.3399963378906,303.94000244140625,277.29998779296875,284.6499938964844,284.6499938964844,115551400,TSLA
2025-03-04,270.92999267578125,284.3500061035156,261.8399963378906,272.0400085449219,272.0400085449219,126706600,TSLA
2025-03-05,272.9200134277344,279.54998779296875,267.7099914550781,279.1000061035156,279.1000061035156,94042900,TSLA
2025-03-06,272.05999755859375,272.6499938964844,260.0199890136719,263.45001220703125,263.45001220703125,98451600,TSLA
2025-03-07,259.32000732421875,266.25,250.72999572753906,262.6700134277344,262.6700134277344,102369600,TSLA
2025-03-10,252.5399932861328,253.3699951171875,220.0,222.14999389648438,222.14999389648438,189076900,TSLA
2025-03-11,225.30999755859375,237.05999755859375,217.02000427246094,230.5800018310547,230.5800018310547,174896400,TSLA
2025-03-12,247.22000122070312,251.83999633789062,241.10000610351562,248.08999633789062,248.08999633789062,142215700,TSLA
2025-03-13,248.1300048828125,248.2899932861328,232.60000610351562,240.67999267578125,240.67999267578125,114813500,TSLA
2025-03-14,247.30999755859375,251.5800018310547,240.72999572753906,249.97999572753906,249.97999572753906,100242300,TSLA
2025-03-17,245.05999755859375,245.39999389648438,232.8000030517578,238.00999450683594,238.00999450683594,111900600,TSLA
2025-03-18,228.16000366210938,230.10000610351562,222.27999877929688,225.30999755859375,225.30999755859375,111477600,TSLA
2025-03-19,231.61000061035156,241.41000366210938,229.1999969482422,235.86000061035156,235.86000061035156,111993800,TSLA
2025-03-20,233.35000610351562,238.0,230.0500030517578,236.25999450683594,236.25999450683594,99028300,TSLA
2025-03-21,234.99000549316406,249.52000427246094,234.5500030517578,248.7100067138672,248.7100067138672,132728700,TSLA
2025-03-24,258.0799865722656,278.6400146484375,256.3299865722656,278.3900146484375,278.3900146484375,169079900,TSLA
2025-03-25,283.6000061035156,288.20001220703125,271.2799987792969,288.1400146484375,288.1400146484375,150361500,TSLA
2025-03-26,282.6600036621094,284.8999938964844,266.510009765625,272.05999755859375,272.05999755859375,153629800,TSLA
2025-03-27,272.4800109863281,291.8500061035156,271.82000732421875,273.1300048828125,273.1300048828125,162572100,TSLA
2025-03-28,275.5799865722656,276.1000061035156,260.57000732421875,263.54998779296875,263.54998779296875,123809400,TSLA
2025-03-31,249.30999755859375,260.55999755859375,243.36000061035156,259.1600036621094,259.1600036621094,134008900,TSLA
2025-04-01,263.79998779296875,277.45001220703125,259.25,268.4599914550781,268.4599914550781,146486900,TSLA
2025-04-02,254.60000610351562,284.989990234375,251.27000427246094,282.760009765625,282.760009765625,212787800,TSLA
2025-04-03,265.2900085449219,276.29998779296875,261.510009765625,267.2799987792969,267.2799987792969,136174300,TSLA
2025-04-04,255.3800048828125,261.0,236.0,239.42999267578125,239.42999267578125,181229400,TSLA
2025-04-07,223.77999877929688,252.0,214.25,233.2899932861328,233.2899932861328,183453800,TSLA
2025-04-08,245.0,250.44000244140625,217.8000030517578,221.86000061035156,221.86000061035156,171603500,TSLA
2025-04-09,224.69000244140625,274.69000244140625,223.8800048828125,272.20001220703125,272.20001220703125,219433400,TSLA
2025-04-10,260.0,262.489990234375,239.3300018310547,252.39999389648438,252.39999389648438,181722600,TSLA
2025-04-11,251.83999633789062,257.739990234375,241.36000061035156,252.30999755859375,252.30999755859375,128948100,TSLA
2025-04-14,258.3599853515625,261.79998779296875,245.92999267578125,252.35000610351562,252.35000610351562,100135200,TSLA
2025-04-15,249.91000366210938,258.75,247.5399932861328,254.11000061035156,254.11000061035156,79594300,TSLA
2025-04-16,247.61000061035156,251.97000122070312,233.88999938964844,241.5500030517578,241.5500030517578,112378700,TSLA
2025-04-17,243.47000122070312,244.33999633789062,237.67999267578125,241.3699951171875,241.3699951171875,83404800,TSLA
2025-04-21,230.25999450683594,232.2100067138672,222.7899932861328,227.5,227.5,97768000,TSLA
2025-04-22,230.9600067138672,242.7899932861328,229.85000610351562,237.97000122070312,237.97000122070312,120858500,TSLA
2025-04-23,254.86000061035156,259.45001220703125,244.42999267578125,250.74000549316406,250.74000549316406,150381900,TSLA
2025-04-24,250.5,259.5400085449219,249.1999969482422,259.510009765625,259.510009765625,94464200,TSLA
2025-04-25,261.69000244140625,286.8500061035156,259.6300048828125,284.95001220703125,284.95001220703125,167560700,TSLA
2025-04-28,288.9800109863281,294.8599853515625,272.4200134277344,285.8800048828125,285.8800048828125,151731800,TSLA
2025-04-29,285.5,293.32000732421875,279.4700012207031,292.0299987792969,292.0299987792969,108906600,TSLA
2025-04-30,279.8999938964844,284.45001220703125,270.7799987792969,282.1600036621094,282.1600036621094,128961100,TSLA
2025-05-01,280.010009765625,290.8699951171875,279.80999755859375,280.5199890136719,280.5199890136719,99659000,TSLA
2025-05-02,284.8999938964844,294.7799987792969,279.80999755859375,287.2099914550781,287.2099914550781,114454700,TSLA
2025-05-05,284.57000732421875,284.8500061035156,274.3999938964844,280.260009765625,280.260009765625,94618900,TSLA
2025-05-06,273.1099853515625,277.7300109863281,271.3500061035156,275.3500061035156,275.3500061035156,76715800,TSLA
2025-05-07,276.8800048828125,277.9200134277344,271.0,276.2200012207031,276.2200012207031,71592600,TSLA
2025-05-08,279.6300048828125,289.79998779296875,279.4100036621094,284.82000732421875,284.82000732421875,97539400,TSLA
2025-05-09,290.2099914550781,307.0400085449219,290.0,298.260009765625,298.260009765625,132387800,TSLA
2025-05-12,321.989990234375,322.2099914550781,311.5,318.3800048828125,318.3800048828125,112826700,TSLA
2025-05-13,320.0,337.5899963378906,316.79998779296875,334.07000732421875,334.07000732421875,136992600,TSLA
2025-05-14,342.5,350.0,337.0,347.67999267578125,347.67999267578125,136997300,TSLA
2025-05-15,340.3399963378906,346.1400146484375,334.7200012207031,342.82000732421875,342.82000732421875,97882600,TSLA
2025-05-16,346.239990234375,351.6199951171875,342.3299865722656,349.9800109863281,349.9800109863281,95895700,TSLA
2025-05-19,336.29998779296875,343.0,333.3699951171875,342.0899963378906,342.0899963378906,88869900,TSLA
2025-05-20,347.8699951171875,354.989990234375,341.6300048828125,343.82000732421875,343.82000732421875,131715500,TSLA
2025-05-21,344.42999267578125,347.3500061035156,332.20001220703125,334.6199951171875,334.6199951171875,102354800,TSLA
2025-05-22,331.8999938964844,347.2699890136719,331.3900146484375,341.0400085449219,341.0400085449219,97113400,TSLA
2025-05-23,337.9200134277344,343.17999267578125,333.2099914550781,339.3399963378906,339.3399963378906,84654800,TSLA
2025-05-27,347.3500061035156,363.7900085449219,347.32000732421875,362.8900146484375,362.8900146484375,120146400,TSLA
2025-05-28,364.8399963378906,365.0,355.9100036621094,356.8999938964844,356.8999938964844,91404300,TSLA
2025-05-29,365.2900085449219,367.7099914550781,356.0,358.42999267578125,358.42999267578125,88087800,TSLA
2025-05-30,355.5199890136719,363.67999267578125,345.2900085449219,346.4599914550781,346.4599914550781,123474900,TSLA
2025-06-02,343.5,348.0199890136719,333.3299865722656,342.69000244140625,342.69000244140625,81873800,TSLA
2025-06-03,346.6000061035156,355.3999938964844,343.0400085449219,344.2699890136719,344.2699890136719,99324500,TSLA
2025-06-04,345.1000061035156,345.6000061035156,327.3299865722656,332.04998779296875,332.04998779296875,98912100,TSLA
2025-06-05,322.489990234375,324.54998779296875,273.2099914550781,284.70001220703125,284.70001220703125,287499800,TSLA
2025-06-06,298.8299865722656,305.5,291.1400146484375,295.1400146484375,295.1400146484375,164747700,TSLA
2025-06-09,285.9599914550781,309.8299865722656,281.8500061035156,308.5799865722656,308.5799865722656,140908900,TSLA
2025-06-10,314.94000244140625,327.8299865722656,310.6700134277344,326.0899963378906,326.0899963378906,151256500,TSLA
2025-06-11,334.3999938964844,335.5,322.5,326.42999267578125,326.42999267578125,122611400,TSLA
2025-06-12,323.0799865722656,332.55999755859375,316.8599853515625,319.1099853515625,319.1099853515625,105127500,TSLA
2025-06-13,313.9700012207031,332.989990234375,313.29998779296875,325.30999755859375,325.30999755859375,128964300,TSLA
2025-06-16,331.2900085449219,332.04998779296875,326.4100036621094,329.1300048828125,329.1300048828125,83925900,TSLA
2025-06-17,326.0899963378906,327.260009765625,314.739990234375,316.3500061035156,316.3500061035156,88282700,TSLA
2025-06-18,317.30999755859375,329.32000732421875,315.45001220703125,322.04998779296875,322.04998779296875,95137700,TSLA
2025-06-20,327.95001220703125,332.3599853515625,317.7799987792969,322.1600036621094,322.1600036621094,108688000,TSLA
2025-06-23,327.5400085449219,357.5400085449219,327.4800109863281,348.67999267578125,348.67999267578125,190716800,TSLA
2025-06-24,356.1700134277344,356.260009765625,340.44000244140625,340.4700012207031,340.4700012207031,114736200,TSLA
2025-06-25,342.70001220703125,343.0,320.3999938964844,327.54998779296875,327.54998779296875,119845100,TSLA
2025-06-26,324.6099853515625,331.04998779296875,323.6099853515625,325.7799987792969,325.7799987792969,80440900,TSLA
2025-06-27,324.510009765625,329.3399963378906,317.5,323.6300048828125,323.6300048828125,89067000,TSLA
2025-06-30,319.8999938964844,325.5799865722656,316.6000061035156,317.6600036621094,317.6600036621094,76695100,TSLA
2025-07-01,298.4599914550781,305.8900146484375,293.2099914550781,300.7099914550781,300.7099914550781,145085700,TSLA
2025-07-02,312.6300048828125,316.8299865722656,303.82000732421875,315.6499938964844,315.6499938964844,119483700,TSLA
2025-07-03,317.989990234375,318.45001220703125,312.760009765625,315.3500061035156,315.3500061035156,58042300,TSLA
2025-07-07,291.3699951171875,296.1499938964844,288.7699890136719,293.94000244140625,293.94000244140625,131177900,TSLA
2025-07-08,297.0,304.04998779296875,294.3500061035156,297.80999755859375,297.80999755859375,103246700,TSLA
2025-07-09,297.54998779296875,300.1499938964844,293.54998779296875,295.8800048828125,295.8800048828125,75586800,TSLA
2025-07-10,300.04998779296875,310.4800109863281,300.0,309.8699951171875,309.8699951171875,104365300,TSLA
2025-07-11,307.8900146484375,314.0899963378906,305.6499938964844,313.510009765625,313.510009765625,79236400,TSLA
2025-07-14,317.7300109863281,322.6000061035156,312.6700134277344,316.8999938964844,316.8999938964844,78043400,TSLA
2025-07-15,319.67999267578125,321.20001220703125,310.5,310.7799987792969,310.7799987792969,77556300,TSLA
2025-07-16,312.79998779296875,323.5,312.6199951171875,321.6700134277344,321.6700134277344,97284800,TSLA
2025-07-17,323.1499938964844,324.3399963378906,317.05999755859375,319.4100036621094,319.4100036621094,73922900,TSLA
2025-07-18,321.6600036621094,330.8999938964844,321.4200134277344,329.6499938964844,329.6499938964844,94255000,TSLA
2025-07-21,334.3999938964844,338.0,326.8800048828125,328.489990234375,328.489990234375,75768800,TSLA
2025-07-22,329.739990234375,335.4100036621094,321.54998779296875,332.1099853515625,332.1099853515625,77370400,TSLA
2025-07-23,330.8999938964844,336.20001220703125,328.6700134277344,332.55999755859375,332.55999755859375,92553800,TSLA
2025-07-24,310.0,310.1499938964844,300.4100036621094,305.29998779296875,305.29998779296875,156966000,TSLA
2025-07-25,308.739990234375,323.6300048828125,308.010009765625,316.05999755859375,316.05999755859375,148227000,TSLA
2025-07-28,318.45001220703125,330.489990234375,315.69000244140625,325.5899963378906,325.5899963378906,112673800,TSLA
2025-07-29,325.54998779296875,326.25,318.25,321.20001220703125,321.20001220703125,87358900,TSLA
2025-07-30,322.17999267578125,324.45001220703125,311.6199951171875,319.0400085449219,319.0400085449219,83931900,TSLA
2025-07-31,319.6099853515625,321.3699951171875,306.1000061035156,308.2699890136719,308.2699890136719,85270900,TSLA
2025-08-01,306.2099914550781,309.30999755859375,297.82000732421875,302.6300048828125,302.6300048828125,89121400,TSLA
2025-08-04,309.0799865722656,312.1199951171875,303.0,309.260009765625,309.260009765625,78683900,TSLA
2025-08-05,308.95001220703125,312.45001220703125,305.5,308.7200012207031,308.7200012207031,57961300,TSLA
2025-08-06,307.8900146484375,320.4700012207031,306.92999267578125,319.9100036621094,319.9100036621094,78523600,TSLA
2025-08-07,319.7900085449219,322.3999938964844,316.1600036621094,322.2699890136719,322.2699890136719,66658700,TSLA
2025-08-08,321.42999267578125,335.1499938964844,320.9800109863281,329.6499938964844,329.6499938964844,91200300,TSLA
2025-08-11,335.0,346.6400146484375,334.1499938964844,339.0299987792969,339.0299987792969,105320200,TSLA
2025-08-12,345.0,345.260009765625,332.94000244140625,340.8399963378906,340.8399963378906,80522100,TSLA
2025-08-13,341.5,348.9800109863281,338.20001220703125,339.3800048828125,339.3800048828125,67838900,TSLA
2025-08-14,335.760009765625,340.4700012207031,330.3999938964844,335.5799865722656,335.5799865722656,75000700,TSLA
2025-08-15,337.6600036621094,339.29998779296875,327.0199890136719,330.55999755859375,330.55999755859375,74319800,TSLA
2025-08-18,329.6199951171875,336.2699890136719,329.5899963378906,335.1600036621094,335.1600036621094,56956600,TSLA
2025-08-19,335.7900085449219,340.54998779296875,327.8500061035156,329.30999755859375,329.30999755859375,75956000,TSLA
2025-08-20,329.2200012207031,331.3699951171875,314.6000061035156,323.8999938964844,323.8999938964844,77481800,TSLA
2025-08-21,322.0799865722656,324.8999938964844,318.67999267578125,320.1099853515625,320.1099853515625,55744400,TSLA
2025-08-22,321.6600036621094,340.25,319.69000244140625,340.010009765625,340.010009765625,94016300,TSLA
2025-08-25,338.8999938964844,349.5299987792969,335.0299987792969,346.6000061035156,346.6000061035156,86670000,TSLA
2025-08-26,344.92999267578125,351.8999938964844,343.7200012207031,351.6700134277344,351.6700134277344,76651600,TSLA
2025-08-27,351.94000244140625,355.3900146484375,349.1600036621094,349.6000061035156,349.6000061035156,65519000,TSLA
2025-08-28,350.9100036621094,353.54998779296875,340.260009765625,345.9800109863281,345.9800109863281,67903200,TSLA
2025-08-29,347.2300109863281,348.75,331.70001220703125,333.8699951171875,333.8699951171875,81145700,TSLA
2025-09-02,328.2300109863281,333.3299865722656,325.6000061035156,329.3599853515625,329.3599853515625,58392000,TSLA
2025-09-03,335.20001220703125,343.3299865722656,328.510009765625,334.0899963378906,334.0899963378906,88733300,TSLA
2025-09-04,336.1499938964844,338.8900146484375,331.4800109863281,338.5299987792969,338.5299987792969,60711000,TSLA
2025-09-05,348.0,355.8699951171875,344.67999267578125,350.8399963378906,350.8399963378906,108989800,TSLA
2025-09-08,354.6400146484375,358.44000244140625,344.8399963378906,346.3999938964844,346.3999938964844,75208300,TSLA
2025-09-09,348.44000244140625,350.7699890136719,343.82000732421875,346.9700012207031,346.9700012207031,53816000,TSLA
2025-09-10,350.54998779296875,356.3299865722656,346.07000732421875,347.7900085449219,347.7900085449219,72121700,TSLA
2025-09-11,350.1700134277344,368.989990234375,347.6000061035156,368.80999755859375,368.80999755859375,103756000,TSLA
2025-09-12,370.94000244140625,396.69000244140625,370.239990234375,395.94000244140625,395.94000244140625,168156400,TSLA
2025-09-15,423.1300048828125,425.70001220703125,402.42999267578125,410.0400085449219,410.0400085449219,163823700,TSLA
2025-09-16,414.5,423.25,411.42999267578125,421.6199951171875,421.6199951171875,104285700,TSLA
2025-09-17,415.75,428.30999755859375,409.6700134277344,425.8599853515625,425.8599853515625,106133500,TSLA
2025-09-18,428.8699951171875,432.2200012207031,416.55999755859375,416.8500061035156,416.8500061035156,90454500,TSLA
2025-09-19,421.82000732421875,429.4700012207031,421.7200012207031,426.07000732421875,426.07000732421875,93131000,TSLA
2025-09-22,431.1099853515625,444.9800109863281,429.1300048828125,434.2099914550781,434.2099914550781,97108800,TSLA
2025-09-23,439.8800048828125,440.9700012207031,423.7200012207031,425.8500061035156,425.8500061035156,83422700,TSLA
2025-09-24,429.8299865722656,444.2099914550781,429.0299987792969,442.7900085449219,442.7900085449219,93133600,TSLA
2025-09-25,435.239990234375,435.3500061035156,419.0799865722656,423.3900146484375,423.3900146484375,96746400,TSLA
2025-09-26,428.29998779296875,440.4700012207031,421.0199890136719,440.3999938964844,440.3999938964844,101628200,TSLA
2025-09-29,444.3500061035156,450.9800109863281,439.5,443.2099914550781,443.2099914550781,79491500,TSLA
2025-09-30,441.5199890136719,445.0,433.1199951171875,444.7200012207031,444.7200012207031,74358000,TSLA
2025-10-01,443.79998779296875,462.2900085449219,440.75,459.4599914550781,459.4599914550781,98122300,TSLA
2025-10-02,470.5400085449219,470.75,435.57000732421875,436.0,436.0,137009000,TSLA
2025-10-03,443.2900085449219,446.7699890136719,416.5799865722656,429.8299865722656,429.8299865722656,133188200,TSLA
2025-10-06,440.75,453.54998779296875,436.69000244140625,453.25,453.25,85324900,TSLA
2025-10-07,447.82000732421875,452.67999267578125,432.45001220703125,433.0899963378906,433.0899963378906,102296100,TSLA
2025-10-08,437.57000732421875,441.3299865722656,425.2300109863281,438.69000244140625,438.69000244140625,71192100,TSLA
2025-10-09,431.80999755859375,436.3500061035156,426.17999267578125,435.5400085449219,435.5400085449219,69339900,TSLA
2025-10-10,436.5400085449219,443.1300048828125,411.45001220703125,413.489990234375,413.489990234375,112107900,TSLA
2025-10-13,423.5299987792969,436.8900146484375,419.70001220703125,435.8999938964844,435.8999938964844,79552800,TSLA
2025-10-14,426.7900085449219,434.20001220703125,417.8599853515625,429.239990234375,429.239990234375,72669400,TSLA
2025-10-15,434.8999938964844,440.510009765625,426.3299865722656,435.1499938964844,435.1499938964844,71558200,TSLA
2025-10-16,434.7300109863281,439.3500061035156,421.30999755859375,428.75,428.75,77189900,TSLA
2025-10-17,425.5,441.4599914550781,423.6000061035156,439.30999755859375,439.30999755859375,89331600,TSLA
2025-10-20,443.8699951171875,449.79998779296875,440.6099853515625,447.42999267578125,447.42999267578125,63719000,TSLA
2025-10-21,445.760009765625,449.29998779296875,442.04998779296875,442.6000061035156,442.6000061035156,54412200,TSLA
2025-10-22,443.45001220703125,445.5400085449219,429.0,438.9700012207031,438.9700012207031,84023500,TSLA
2025-10-23,420.0,449.3999938964844,413.8999938964844,448.9800109863281,448.9800109863281,126709800,TSLA
2025-10-24,446.8299865722656,451.67999267578125,430.1700134277344,433.7200012207031,433.7200012207031,94727800,TSLA
2025-10-27,439.9800109863281,460.1600036621094,438.69000244140625,452.4200134277344,452.4200134277344,105867500,TSLA
2025-10-28,454.7799987792969,467.0,451.6000061035156,460.54998779296875,460.54998779296875,80185700,TSLA
2025-10-29,462.5,465.70001220703125,452.6499938964844,461.510009765625,461.510009765625,67983500,TSLA
2025-10-30,451.04998779296875,455.05999755859375,439.6099853515625,440.1000061035156,440.1000061035156,72447900,TSLA
2025-10-31,446.75,458.0,443.69000244140625,456.55999755859375,456.55999755859375,83135800,TSLA
2025-11-03,455.989990234375,474.07000732421875,453.79998779296875,468.3699951171875,468.3699951171875,84595200,TSLA
2025-11-04,454.4599914550781,460.2200012207031,443.6000061035156,444.260009765625,444.260009765625,87756600,TSLA
2025-11-05,452.04998779296875,466.3299865722656,440.7099914550781,462.07000732421875,462.07000732421875,85573000,TSLA
2025-11-06,461.9599914550781,467.45001220703125,435.0899963378906,445.9100036621094,445.9100036621094,109622900,TSLA
2025-11-07,437.9200134277344,439.3599853515625,421.8800048828125,429.5199890136719,429.5199890136719,103471500,TSLA
2025-11-10,439.6000061035156,449.6700134277344,433.3599853515625,445.2300109863281,445.2300109863281,76515900,TSLA
2025-11-11,439.3999938964844,442.489990234375,432.3599853515625,439.6199951171875,439.6199951171875,60533200,TSLA
2025-11-12,442.1499938964844,442.3299865722656,426.55999755859375,430.6000061035156,430.6000061035156,58513500,TSLA
2025-11-13,423.1300048828125,424.5,396.3399963378906,401.989990234375,401.989990234375,118948000,TSLA
2025-11-14,386.29998779296875,412.19000244140625,382.7799987792969,404.3500061035156,404.3500061035156,105506700,TSLA
2025-11-17,398.739990234375,423.9599914550781,398.739990234375,408.9200134277344,408.9200134277344,102214300,TSLA
2025-11-18,405.3800048828125,408.8999938964844,393.7099914550781,401.25,401.25,80688600,TSLA
2025-11-19,406.17999267578125,411.7799987792969,398.5,403.989990234375,403.989990234375,72047700,TSLA
2025-11-20,414.6300048828125,428.94000244140625,394.739990234375,395.2300109863281,395.2300109863281,113548800,TSLA
2025-11-21,402.32000732421875,402.79998779296875,383.760009765625,391.0899963378906,391.0899963378906,100460600,TSLA
2025-11-24,402.1700134277344,421.7200012207031,401.0899963378906,417.7799987792969,417.7799987792969,96806400,TSLA
2025-11-25,414.4200134277344,420.4800109863281,405.95001220703125,419.3999938964844,419.3999938964844,71915600,TSLA
2025-11-26,423.95001220703125,426.94000244140625,416.8900146484375,426.5799865722656,426.5799865722656,63463000,TSLA
2025-11-28,426.5899963378906,432.92999267578125,426.20001220703125,430.1700134277344,430.1700134277344,36252900,TSLA
2025-12-01,425.32000732421875,433.6600036621094,425.2900085449219,430.1400146484375,430.1400146484375,57463600,TSLA
2025-12-02,430.80999755859375,436.79998779296875,422.1199951171875,429.239990234375,429.239990234375,69336600,TSLA
2025-12-03,432.1000061035156,447.9200134277344,431.1099853515625,446.739990234375,446.739990234375,87483000,TSLA
2025-12-04,449.94000244140625,454.6300048828125,445.3900146484375,454.5299987792969,454.5299987792969,71906500,TSLA
2025-12-05,453.0299987792969,458.8699951171875,451.6600036621094,455.0,455.0,56427500,TSLA
2025-12-08,447.45001220703125,449.75,435.25,439.5799865722656,439.5799865722656,69165800,TSLA
2025-12-09,437.5400085449219,452.3900146484375,435.70001220703125,445.1700134277344,445.1700134277344,62367400,TSLA
2025-12-10,446.07000732421875,456.8800048828125,443.6099853515625,451.45001220703125,451.45001220703125,63257500,TSLA
2025-12-11,448.95001220703125,449.2699890136719,440.3299865722656,446.8900146484375,446.8900146484375,55979500,TSLA
2025-12-12,448.0899963378906,463.010009765625,441.6700134277344,458.9599914550781,458.9599914550781,95656700,TSLA
2025-12-15,469.44000244140625,481.7699890136719,467.6600036621094,475.30999755859375,475.30999755859375,114542200,TSLA
2025-12-16,472.2099914550781,491.5,465.8299865722656,489.8800048828125,489.8800048828125,107608100,TSLA
2025-12-17,488.2200012207031,495.2799987792969,466.20001220703125,467.260009765625,467.260009765625,106490400,TSLA
2025-12-18,478.1600036621094,490.8599853515625,473.1199951171875,483.3699951171875,483.3699951171875,95168400,TSLA
2025-12-19,488.1199951171875,490.489990234375,474.7200012207031,481.20001220703125,481.20001220703125,103305400,TSLA
2025-12-22,489.8800048828125,498.8299865722656,485.3299865722656,488.7300109863281,488.7300109863281,86916100,TSLA
2025-12-23,489.3999938964844,491.9700012207031,482.8399963378906,485.55999755859375,485.55999755859375,58223600,TSLA
2025-12-24,488.4800109863281,490.8999938964844,476.79998779296875,485.3999938964844,485.3999938964844,41285400,TSLA
2025-12-26,485.2300109863281,489.0899963378906,473.82000732421875,475.19000244140625,475.19000244140625,58780700,TSLA
2025-12-29,469.0,469.3999938964844,459.0,459.6400146484375,459.6400146484375,66263000,TSLA
2025-12-30,461.0899963378906,463.1199951171875,453.8299865722656,454.42999267578125,454.42999267578125,59238500,TSLA
2025-12-31,456.1000061035156,456.54998779296875,449.29998779296875,449.7200012207031,449.7200012207031,49078000,TSLA
2026-01-02,457.79998779296875,458.3399963378906,435.29998779296875,438.07000732421875,438.07000732421875,85535400,TSLA
2026-01-05,447.989990234375,457.54998779296875,444.57000732421875,451.6700134277344,451.6700134277344,67940800,TSLA
2026-01-06,446.3800048828125,448.25,428.7799987792969,432.9599914550781,432.9599914550781,89093800,TSLA
2026-01-07,435.8999938964844,438.3699951171875,431.2900085449219,431.4100036621094,431.4100036621094,59828800,TSLA
2026-01-08,427.8900146484375,436.8900146484375,424.3699951171875,435.79998779296875,435.79998779296875,57041100,TSLA
2026-01-09,435.95001220703125,449.04998779296875,430.3900146484375,445.010009765625,445.010009765625,67331500,TSLA
2026-01-12,441.2300109863281,454.29998779296875,438.0,448.9599914550781,448.9599914550781,61649600,TSLA
2026-01-13,450.20001220703125,451.80999755859375,443.95001220703125,447.20001220703125,447.20001220703125,53719200,TSLA
2026-01-14,442.80999755859375,443.9100036621094,434.2200012207031,439.20001220703125,439.20001220703125,57259500,TSLA
2026-01-15,441.1300048828125,445.3599853515625,437.6499938964844,438.57000732421875,438.57000732421875,49465800,TSLA
2026-01-16,439.5,447.25,435.260009765625,437.5,437.5,60220600,TSLA
2026-01-20,429.3599853515625,430.7300109863281,417.44000244140625,419.25,419.25,63187300,TSLA
2026-01-21,421.6600036621094,438.20001220703125,419.6199951171875,431.44000244140625,431.44000244140625,68124000,TSLA
2026-01-22,435.1600036621094,449.5,432.6300048828125,449.3599853515625,449.3599853515625,71546700,TSLA
2026-01-23,447.42999267578125,452.42999267578125,444.0400085449219,449.05999755859375,449.05999755859375,56771400,TSLA
2026-01-26,445.0,445.0400085449219,434.2799987792969,435.20001220703125,435.20001220703125,49397400,TSLA
2026-01-27,437.4100036621094,437.5199890136719,430.69000244140625,430.8999938964844,430.8999938964844,37733100,TSLA
2026-01-28,431.9100036621094,438.260009765625,430.1000061035156,431.4599914550781,431.4599914550781,54857400,TSLA
2026-01-29,437.79998779296875,440.2300109863281,414.6199951171875,416.55999755859375,416.55999755859375,81686100,TSLA
2026-01-30,425.3500061035156,439.8800048828125,422.70001220703125,430.4100036621094,430.4100036621094,82626100,TSLA
2026-02-02,421.2900085449219,427.1499938964844,414.5,421.80999755859375,421.80999755859375,58739500,TSLA
2026-02-03,424.2699890136719,428.55999755859375,413.69000244140625,421.9599914550781,421.9599914550781,56886500,TSLA
2026-02-04,420.4599914550781,423.8999938964844,399.17999267578125,406.010009765625,406.010009765625,74606900,TSLA
2026-02-05,397.0199890136719,402.1000061035156,387.5299987792969,397.2099914550781,397.2099914550781,72819800,TSLA
2026-02-06,400.8699951171875,414.54998779296875,397.75,411.1099853515625,411.1099853515625,62677100,TSLA
2026-02-09,409.9100036621094,421.25,407.2900085449219,417.32000732421875,417.32000732421875,54484300,TSLA
2026-02-10,418.0799865722656,427.25,417.0,425.2099914550781,425.2099914550781,64450200,TSLA
2026-02-11,427.9599914550781,436.3500061035156,420.0299987792969,428.2699890136719,428.2699890136719,57362000,TSLA
2026-02-12,430.29998779296875,436.2300109863281,414.0,417.07000732421875,417.07000732421875,61933400,TSLA
2026-02-13,414.30999755859375,424.05999755859375,410.8800048828125,417.44000244140625,417.44000244140625,51434100,TSLA
2026-02-17,412.3599853515625,413.7200012207031,400.510009765625,410.6300048828125,410.6300048828125,59678800,TSLA
2026-02-18,411.1099853515625,416.8999938964844,409.5799865722656,411.32000732421875,411.32000732421875,45921400,TSLA
2026-02-19,407.25,415.25,404.1099853515625,411.7099914550781,411.7099914550781,51019600,TSLA
2026-02-20,408.29998779296875,414.70001220703125,405.5,411.82000732421875,411.82000732421875,57912200,TSLA
2026-02-23,407.2900085449219,407.70001220703125,394.0400085449219,399.8299865722656,399.8299865722656,69680000,TSLA
2026-02-24,399.5,410.82000732421875,397.6400146484375,409.3800048828125,409.3800048828125,58579500,TSLA
2026-02-25,412.1499938964844,420.3399963378906,412.1499938964844,417.3999938964844,417.3999938964844,54809700,TSLA
2026-02-26,414.4200134277344,416.80999755859375,403.6600036621094,408.5799865722656,408.5799865722656,53602500,TSLA
2026-02-27,402.94000244140625,407.1199951171875,398.1099853515625,402.510009765625,402.510009765625,56890100,TSLA
2026-03-02,390.6000061035156,404.5400085449219,388.25,403.32000732421875,403.32000732421875,55088300,TSLA
2026-03-03,395.0899963378906,396.3399963378906,385.3900146484375,392.42999267578125,392.42999267578125,62617300,TSLA
2026-03-04,397.8500061035156,408.3299865722656,394.5799865722656,405.94000244140625,405.94000244140625,68305500,TSLA
2026-03-05,401.57000732421875,408.6199951171875,399.4200134277344,405.54998779296875,405.54998779296875,51925900,TSLA
2026-03-06,398.0899963378906,402.3500061035156,394.2099914550781,396.7300109863281,396.7300109863281,64054600,TSLA
2026-03-09,390.04998779296875,401.5899963378906,381.3999938964844,398.67999267578125,398.67999267578125,67018900,TSLA
2026-03-10,402.2200012207031,406.5899963378906,398.19000244140625,399.239990234375,399.239990234375,59258700,TSLA
2026-03-11,402.2799987792969,416.3800048828125,402.1499938964844,407.82000732421875,407.82000732421875,62559900,TSLA
2026-03-12,405.17999267578125,406.5,394.6499938964844,395.010009765625,395.010009765625,60973800,TSLA
2026-03-13,399.1700134277344,400.20001220703125,389.95001220703125,391.20001220703125,391.20001220703125,58504100,TSLA
2026-03-16,396.2200012207031,403.7300109863281,394.4200134277344,395.55999755859375,395.55999755859375,58068300,TSLA
2026-03-17,395.69000244140625,400.1199951171875,393.0,399.2699890136719,399.2699890136719,46890500,TSLA
2026-03-18,399.0,403.07000732421875,392.30999755859375,392.7799987792969,392.7799987792969,50853100,TSLA
2026-03-19,387.2699890136719,387.2699890136719,378.7300109863281,380.29998779296875,380.29998779296875,67078300,TSLA
2026-03-20,379.8500061035156,379.8900146484375,364.4599914550781,367.9599914550781,367.9599914550781,78628600,TSLA
2026-03-23,373.0899963378906,385.3299865722656,372.7300109863281,380.8500061035156,380.8500061035156,74606000,TSLA
2026-03-24,376.55999755859375,387.4800109863281,376.30999755859375,383.0299987792969,383.0299987792969,60004900,TSLA
2026-03-25,389.989990234375,396.2300109863281,385.010009765625,385.95001220703125,385.95001220703125,55157300,TSLA
2026-03-26,381.6000061035156,384.44000244140625,371.8699951171875,372.1099853515625,372.1099853515625,55522900,TSLA
2026-03-27,369.69000244140625,369.8599853515625,359.4700012207031,361.8299865722656,361.8299865722656,62065700,TSLA
2026-03-30,365.8599853515625,367.2900085449219,352.1400146484375,355.2799987792969,355.2799987792969,67954400,TSLA
2026-03-31,361.510009765625,373.3299865722656,361.0,371.75,371.75,75534900,TSLA
2026-04-01,378.6300048828125,383.1400146484375,374.0799865722656,381.260009765625,381.260009765625,58683800,TSLA
2026-04-02,364.20001220703125,370.2799987792969,359.0299987792969,360.5899963378906,360.5899963378906,83031200,TSLA
2026-04-06,362.5899963378906,367.7200012207031,346.6400146484375,352.82000732421875,352.82000732421875,77697600,TSLA
2026-04-07,346.44000244140625,348.0199890136719,337.239990234375,346.6499938964844,346.6499938964844,74515400,TSLA
2026-04-08,363.7900085449219,364.5,339.6700134277344,343.25,343.25,78838600,TSLA
2026-04-09,343.1499938964844,348.8800048828125,337.25,345.6199951171875,345.6199951171875,62164000,TSLA
2026-04-10,346.2900085449219,350.3599853515625,342.739990234375,348.95001220703125,348.95001220703125,51336000,TSLA
2026-04-13,350.07000732421875,356.3500061035156,348.57000732421875,352.4200134277344,352.4200134277344,53617500,TSLA
2026-04-14,357.6700134277344,367.6300048828125,354.7699890136719,364.20001220703125,364.20001220703125,59979600,TSLA
2026-04-15,366.8299865722656,394.6499938964844,362.5,391.95001220703125,391.95001220703125,113810400,TSLA
2026-04-16,393.80999755859375,394.05999755859375,381.79998779296875,388.8999938964844,388.8999938964844,63515100,TSLA
2026-04-17,395.9200134277344,409.2799987792969,391.6499938964844,400.6199951171875,400.6199951171875,90640000,TSLA
2026-04-20,402.5799865722656,406.79998779296875,388.3299865722656,392.5,392.5,64603900,TSLA
2026-04-21,393.0,393.95001220703125,385.2200012207031,386.4200134277344,386.4200134277344,50530600,TSLA
2026-04-22,387.57000732421875,393.010009765625,385.29998779296875,387.510009765625,387.510009765625,62362800,TSLA
2026-04-23,375.2799987792969,386.0,368.3900146484375,373.7200012207031,373.7200012207031,93969500,TSLA
2026-04-24,373.5,382.760009765625,370.7300109863281,376.29998779296875,376.29998779296875,62893300,TSLA
2026-04-27,372.0899963378906,380.7799987792969,364.0199890136719,378.6700134277344,378.6700134277344,66735800,TSLA
2026-04-28,374.67999267578125,382.2900085449219,372.5400085449219,376.0199890136719,376.0199890136719,50864400,TSLA
2026-04-29,375.3999938964844,376.3999938964844,370.0400085449219,372.79998779296875,372.79998779296875,45384800,TSLA
2026-04-30,372.75,384.75,368.1700134277344,381.6300048828125,381.6300048828125,51076000,TSLA
2026-05-01,382.489990234375,397.82000732421875,378.79998779296875,390.82000732421875,390.82000732421875,65338300,TSLA
2026-05-04,390.2300109863281,394.6400146484375,384.79998779296875,392.510009765625,392.510009765625,48765100,TSLA
2026-05-05,395.19000244140625,402.1199951171875,389.0,389.3699951171875,389.3699951171875,47780600,TSLA
2026-05-06,386.25,401.67999267578125,384.0199890136719,398.7300109863281,398.7300109863281,53465400,TSLA
2026-05-07,407.4800109863281,415.8299865722656,402.1199951171875,411.7900085449219,411.7900085449219,64294200,TSLA
2026-05-08,416.4800109863281,431.20001220703125,416.3900146484375,428.3500061035156,428.3500061035156,65050000,TSLA
2026-05-11,422.1600036621094,449.1600036621094,416.79998779296875,445.0,445.0,78376100,TSLA
2026-05-12,441.4100036621094,447.79998779296875,422.260009765625,433.45001220703125,433.45001220703125,60569300,TSLA
2026-05-13,436.6700134277344,453.3999938964844,430.2099914550781,445.2699890136719,445.2699890136719,68283200,TSLA
2026-05-14,446.489990234375,451.9800109863281,441.1600036621094,443.29998779296875,443.29998779296875,46070400,TSLA
2026-05-15,433.9800109863281,434.6600036621094,422.0,422.239990234375,422.239990234375,52688700,TSLA
2026-05-18,419.2699890136719,421.1300048828125,405.3299865722656,409.989990234375,409.989990234375,52474200,TSLA
2026-05-19,403.1600036621094,405.6300048828125,393.6300048828125,404.1099853515625,404.1099853515625,46500600,TSLA
2026-05-20,407.6000061035156,417.4599914550781,406.3900146484375,417.260009765625,417.260009765625,45294700,TSLA
2026-05-21,422.17999267578125,426.95001220703125,412.8999938964844,417.8500061035156,417.8500061035156,42636900,TSLA
2026-05-22,422.6700134277344,431.510009765625,420.510009765625,426.010009765625,426.010009765625,46104700,TSLA
2026-05-26,430.260009765625,435.20001220703125,426.1199951171875,433.5899963378906,433.5899963378906,45658900,TSLA
2026-05-27,442.8900146484375,445.6000061035156,435.5199890136719,440.3599853515625,440.3599853515625,44656500,TSLA
2026-05-28,437.6199951171875,443.9599914550781,436.29998779296875,442.1000061035156,442.1000061035156,32435000,TSLA
2026-05-29,439.8500061035156,441.07000732421875,428.1400146484375,435.7900085449219,435.7900085449219,45176800,TSLA
2026-06-01,427.489990234375,429.6000061035156,415.42999267578125,415.8800048828125,415.8800048828125,44937900,TSLA
2026-06-02,418.2200012207031,424.4200134277344,413.6499938964844,423.739990234375,423.739990234375,37596000,TSLA
2026-06-03,418.70001220703125,433.6000061035156,416.0,423.70001220703125,423.70001220703125,44500700,TSLA
2026-06-04,419.8399963378906,426.3500061035156,417.1600036621094,418.45001220703125,418.45001220703125,35323300,TSLA
2026-06-05,420.5,424.67999267578125,388.5899963378906,391.0,391.0,63420200,TSLA
2026-06-08,396.3299865722656,412.94000244140625,394.7200012207031,408.95001220703125,408.95001220703125,50328800,TSLA
2026-06-09,411.0299987792969,418.5,384.239990234375,396.67999267578125,396.67999267578125,59940200,TSLA
2026-06-10,391.5400085449219,397.0899963378906,380.1499938964844,381.5899963378906,381.5899963378906,49695600,TSLA
2026-06-11,388.2799987792969,399.5400085449219,380.6600036621094,399.1499938964844,399.1499938964844,45324300,TSLA
2026-06-12,399.489990234375,406.67999267578125,386.760009765625,406.42999267578125,406.42999267578125,63514500,TSLA
2026-06-15,412.3699951171875,416.0,407.1000061035156,411.1499938964844,411.1499938964844,45620500,TSLA
2026-06-16,404.1099853515625,412.4200134277344,400.5400085449219,404.6600036621094,404.6600036621094,40255500,TSLA
2026-06-17,401.5299987792969,405.94000244140625,393.760009765625,396.3800048828125,396.3800048828125,43534300,TSLA
2026-06-18,398.1000061035156,402.5199890136719,384.70001220703125,400.489990234375,400.489990234375,58384700,TSLA
2026-06-22,394.8500061035156,414.75,394.3999938964844,405.04998779296875,405.04998779296875,47819500,TSLA
2026-06-23,392.6099853515625,392.8699951171875,379.05999755859375,381.6099853515625,381.6099853515625,50420200,TSLA
2026-06-24,380.0799865722656,384.5799865722656,373.04998779296875,375.5299987792969,375.5299987792969,37081400,TSLA
2026-06-25,375.2699890136719,379.1199951171875,371.2200012207031,375.1199951171875,375.1199951171875,30138800,TSLA
2026-06-26,370.1499938964844,387.79998779296875,368.6000061035156,379.7099914550781,379.7099914550781,53434100,TSLA
2026-06-29,381.7900085449219,413.2699890136719,379.29998779296875,411.8399963378906,411.8399963378906,57645800,TSLA
2026-06-30,406.0,424.5400085449219,406.0,420.6000061035156,420.6000061035156,43385600,TSLA
2026-07-01,421.4599914550781,432.8599853515625,418.0899963378906,425.29998779296875,425.29998779296875,40127900,TSLA
2026-07-02,428.010009765625,432.3500061035156,389.29998779296875,393.45001220703125,393.45001220703125,73717700,TSLA
2026-07-06,397.5,420.0,390.5,419.7699890136719,419.7699890136719,54727900,TSLA
2026-07-07,416.9599914550781,419.55999755859375,401.8800048828125,402.8999938964844,402.8999938964844,38149900,TSLA
2026-07-08,399.3800048828125,399.6300048828125,390.510009765625,394.05999755859375,394.05999755859375,33844900,TSLA
2026-07-09,393.989990234375,407.8599853515625,390.8599853515625,406.54998779296875,406.54998779296875,37835000,TSLA
2026-07-10,410.489990234375,413.1600036621094,402.80999755859375,407.760009765625,407.760009765625,33410000,TSLA
2026-07-13,404.6099853515625,405.57000732421875,391.3699951171875,394.760009765625,394.760009765625,32809200,TSLA
2026-07-14,399.04998779296875,402.2200012207031,394.760009765625,396.17999267578125,396.17999267578125,23385000,TSLA
2026-07-15,399.3999938964844,406.5899963378906,390.6600036621094,394.4599914550781,394.4599914550781,31549800,TSLA
2026-07-16,392.3500061035156,395.30999755859375,385.32000732421875,391.05999755859375,391.05999755859375,29269100,TSLA
2026-07-17,381.7799987792969,385.69000244140625,377.2200012207031,380.8399963378906,380.8399963378906,31394600,TSLA
2026-07-20,386.04998779296875,386.6099853515625,369.42999267578125,369.57000732421875,369.57000732421875,33901500,TSLA
2026-07-21,371.1700134277344,384.07000732421875,369.9800109863281,378.92999267578125,378.92999267578125,32735300,TSLA
2026-07-22,375.5299987792969,380.1700134277344,372.8999938964844,374.010009765625,374.010009765625,30646100,TSLA
2026-07-23,341.0,342.1099853515625,315.739990234375,319.69000244140625,319.69000244140625,115606400,TSLA
2026-07-24,320.7200012207031,322.9599914550781,306.510009765625,313.0299987792969,313.0299987792969,62760000,TSLA
2026-07-27,313.239990234375,317.0,304.2799987792969,309.2200012207031,309.2200012207031,44919400,TSLA
2026-07-28,305.92999267578125,311.1600036621094,300.69000244140625,307.44000244140625,307.44000244140625,39802400,TSLA
2026-07-29,307.1400146484375,309.05999755859375,297.3800048828125,298.32000732421875,298.32000732421875,39478000,TSLA
2026-07-30,302.70001220703125,310.8699951171875,301.3299865722656,308.8500061035156,308.8500061035156,38005400,TSLA
2026-07-31,309.69000244140625,315.5,301.9700012207031,311.2099914550781,311.2099914550781,36630600,TSLA
2026-08-03,310.9599914550781,324.6499938964844,310.42999267578125,322.0799865722656,322.0799865722656,38281400,TSLA
2026-08-04,324.0,329.57000732421875,320.7900085449219,327.3500061035156,327.3500061035156,33318300,TSLA
2026-08-05,323.4200134277344,327.1400146484375,320.2799987792969,321.54998779296875,321.54998779296875,27820800,TSLA
2026-08-06,317.04998779296875,323.0,315.5199890136719,319.5299987792969,319.5299987792969,26033800,TSLA
2026-08-07,322.3399963378906,333.7300109863281,321.25,328.5799865722656,328.5799865722656,39492300,TSLA
2026-08-10,326.6000061035156,332.04998779296875,326.1499938964844,330.8800048828125,330.8800048828125,25003800,TSLA
2026-08-11,332.79998779296875,336.20001220703125,329.5299987792969,332.80999755859375,332.80999755859375,23345200,TSLA
2026-08-12,335.0,335.5,323.6400146484375,327.510009765625,327.510009765625,28698900,TSLA
2026-08-13,327.20001220703125,341.6400146484375,325.239990234375,339.9599914550781,339.9599914550781,34708300,TSLA
2026-08-14,342.3299865722656,351.260009765625,335.3299865722656,342.2699890136719,342.2699890136719,45437100,TSLA
2026-08-17,340.69000244140625,345.45001220703125,337.4800109863281,339.29998779296875,339.29998779296875,26037100,TSLA
2026-08-18,333.2200012207031,340.5299987792969,331.1199951171875,336.8699951171875,336.8699951171875,27994500,TSLA
2026-08-19,338.8900146484375,351.6199951171875,335.70001220703125,351.1199951171875,351.1199951171875,36735400,TSLA
2026-08-20,346.20001220703125,347.5,338.9599914550781,345.1300048828125,345.1300048828125,30766400,TSLA
2026-08-21,349.8800048828125,366.5,346.8999938964844,362.8599853515625,362.8599853515625,59224000,TSLA
2026-08-24,361.4100036621094,363.239990234375,348.260009765625,348.95001220703125,348.95001220703125,39190500,TSLA
2026-08-25,349.5799865722656,357.0,349.20001220703125,350.25,350.25,29816700,TSLA
2026-08-26,345.2699890136719,351.92999267578125,342.5299987792969,345.82000732421875,345.82000732421875,28573000,TSLA
2026-08-27,346.1600036621094,355.739990234375,345.45001220703125,354.80999755859375,354.80999755859375,30136200,TSLA
2026-08-28,357.1000061035156,358.79998779296875,345.20001220703125,348.75,348.75,32972200,TSLA
2026-08-31,347.2099914550781,368.9200134277344,347.1499938964844,367.95001220703125,367.95001220703125,61732300,TSLA
2026-09-01,360.8999938964844,362.70001220703125,352.9599914550781,356.0899963378906,356.0899963378906,36193900,TSLA
2026-09-02,360.4100036621094,360.6199951171875,349.9200134277344,357.010009765625,357.010009765625,33951900,TSLA
2026-09-03,365.82000732421875,384.0400085449219,365.82000732421875,376.3699951171875,376.3699951171875,63601000,TSLA
2026-09-04,362.07000732421875,364.69000244140625,351.32000732421875,354.0799865722656,354.0799865722656,65018200,TSLA
2026-09-08,357.1000061035156,370.0,355.75,368.1600036621094,368.1600036621094,51078800,TSLA
2026-09-09,368.25,375.44000244140625,366.0,367.80999755859375,367.80999755859375,32564300,TSLA
2026-09-10,360.6000061035156,369.2099914550781,357.67999267578125,363.55999755859375,363.55999755859375,29667200,TSLA
2026-09-11,364.20001220703125,368.6600036621094,361.6000061035156,365.44000244140625,365.44000244140625,30153000,TSLA
2026-09-14,359.7799987792969,367.7300109863281,357.0400085449219,358.9700012207031,358.9700012207031,32477200,TSLA
2026-09-15,358.75,362.3900146484375,354.04998779296875,356.5799865722656,356.5799865722656,30317700,TSLA
2026-09-16,357.92999267578125,365.1000061035156,354.8900146484375,358.0799865722656,358.0799865722656,32177400,TSLA
2026-09-17,367.4800109863281,374.1199951171875,363.2200012207031,366.20001220703125,366.20001220703125,38924100,TSLA
2026-09-18,369.0,370.8999938964844,360.75,364.2699890136719,364.2699890136719,51922300,TSLA
2026-09-21,371.6400146484375,378.3599853515625,371.07000732421875,375.29998779296875,375.29998779296875,36599600,TSLA
2026-09-22,379.07000732421875,380.4200134277344,372.8800048828125,378.8999938964844,378.8999938964844,28229900,TSLA
2026-09-23,380.1000061035156,386.70001220703125,377.5799865722656,380.1199951171875,380.1199951171875,33522500,TSLA
2026-09-24,377.3500061035156,383.3299865722656,375.70001220703125,377.94000244140625,377.94000244140625,26165700,TSLA
2026-09-25,384.6199951171875,386.8299865722656,367.6700134277344,372.1099853515625,372.1099853515625,45999500,TSLA
2026-09-28,368.05999755859375,369.42999267578125,356.79998779296875,357.45001220703125,357.45001220703125,39452900,TSLA
2026-09-29,358.3999938964844,358.739990234375,351.6700134277344,352.8399963378906,352.8399963378906,32492400,TSLA
2026-09-30,352.1099853515625,355.2200012207031,345.8800048828125,354.80999755859375,354.80999755859375,39235800,TSLA
2026-10-01,356.80999755859375,359.7900085449219,353.79998779296875,354.1099853515625,354.1099853515625,31080800,TSLA
2026-10-02,360.0799865722656,374.6000061035156,359.4100036621094,370.5899963378906,370.5899963378906,55330100,TSLA
2026-10-05,369.0,381.5899963378906,364.9100036621094,378.7300109863281,378.7300109863281,42232700,TSLA
2026-10-06,381.9800109863281,383.3299865722656,378.5199890136719,380.67999267578125,380.67999267578125,27735400,TSLA
2026-10-07,378.45001220703125,382.3500061035156,374.42999267578125,377.80999755859375,377.80999755859375,25594600,TSLA
2026-10-08,374.1199951171875,375.9599914550781,368.0299987792969,375.0,375.0,28394900,TSLA
2026-10-09,382.3800048828125,388.55999755859375,379.7099914550781,382.70001220703125,382.70001220703125,38897700,TSLA
2021-10-11,170.8000030517578,171.2899932861328,166.4600067138672,166.63999938964844,147.19589233398438,12154700,JPM
2021-10-12,165.75,166.69000244140625,164.77000427246094,165.36000061035156,146.0653076171875,13032600,JPM
2021-10-13,164.07000732421875,165.41000366210938,160.60000610351562,161.0,142.21401977539062,22753500,JPM
2021-10-14,161.75,164.00999450683594,160.05999755859375,163.47000122070312,144.3957977294922,15176800,JPM
2021-10-15,165.35000610351562,167.1699981689453,164.13999938964844,166.61000061035156,147.16940307617188,14267400,JPM
2021-10-18,166.47999572753906,168.61000061035156,165.91000366210938,166.5500030517578,147.11639404296875,12672900,JPM
2021-10-19,167.39999389648438,168.64999389648438,166.5800018310547,168.57000732421875,148.9007568359375,8053900,JPM
2021-10-20,168.3000030517578,170.8699951171875,167.4600067138672,170.83999633789062,150.90585327148438,8185600,JPM
2021-10-21,170.75999450683594,171.3300018310547,168.67999267578125,169.5,149.72218322753906,8415200,JPM
2021-10-22,170.02999877929688,172.08999633789062,169.6999969482422,171.77999877929688,151.7361602783203,8817900,JPM
2021-10-25,172.7100067138672,172.9600067138672,170.47999572753906,170.94000244140625,150.9941864013672,10159200,JPM
2021-10-26,171.0,172.49000549316406,170.5399932861328,171.39999389648438,151.40048217773438,8015100,JPM
2021-10-27,170.32000732421875,170.6999969482422,167.33999633789062,167.8300018310547,148.24703979492188,9847000,JPM
2021-10-28,168.3000030517578,170.50999450683594,167.9600067138672,170.36000061035156,150.4818572998047,7212900,JPM
2021-10-29,171.17999267578125,172.24000549316406,169.38999938964844,169.88999938964844,150.0666961669922,8140100,JPM
2021-11-01,172.0399932861328,172.3300018310547,169.00999450683594,169.8000030517578,149.98719787597656,7435500,JPM
2021-11-02,169.8000030517578,171.69000244140625,168.9199981689453,170.47000122070312,150.5790252685547,7173800,JPM
2021-11-03,170.1300048828125,171.1300048828125,169.14999389648438,170.52999877929688,150.63198852539062,8402700,JPM
2021-11-04,170.0,170.1999969482422,166.49000549316406,168.2899932861328,148.65338134765625,9574200,JPM
2021-11-05,168.89999389648438,170.08999633789062,167.41000366210938,168.0500030517578,148.44137573242188,7975600,JPM
2021-11-08,169.0500030517578,170.9199981689453,168.74000549316406,169.05999755859375,149.3335723876953,6413700,JPM
2021-11-09,167.35000610351562,168.47000122070312,166.60000610351562,167.77999877929688,148.20289611816406,7990300,JPM
2021-11-10,167.4499969482422,168.9499969482422,167.08999633789062,167.6199951171875,148.0615692138672,6999200,JPM
2021-11-11,167.52000427246094,168.67999267578125,166.89999389648438,167.61000061035156,148.05276489257812,5815300,JPM
2021-11-12,167.64999389648438,167.74000549316406,165.72000122070312,166.86000061035156,147.39027404785156,8113400,JPM
2021-11-15,167.2100067138672,167.7899932861328,166.0,166.55999755859375,147.125244140625,6492500,JPM
2021-11-16,167.05999755859375,167.07000732421875,165.1199951171875,165.36000061035156,146.0653076171875,9706100,JPM
2021-11-17,165.2100067138672,165.55999755859375,163.38999938964844,164.47000122070312,145.27911376953125,9909600,JPM
2021-11-18,164.38999938964844,164.85000610351562,162.55999755859375,163.0500030517578,144.02484130859375,8122500,JPM
2021-11-19,161.3000030517578,162.11000061035156,159.4499969482422,160.9199981689453,142.1433563232422,12193600,JPM
2021-11-22,164.16000366210938,165.97999572753906,162.99000549316406,164.35000610351562,145.17311096191406,14549900,JPM
2021-11-23,165.5,168.55999755859375,165.3699951171875,168.27999877929688,148.64459228515625,12354400,JPM
2021-11-24,168.4600067138672,169.44000244140625,166.44000244140625,166.9600067138672,147.4785919189453,9629800,JPM
2021-11-26,162.13999938964844,162.64999389648438,158.82000732421875,161.92999267578125,143.03549194335938,13619300,JPM
2021-11-29,163.30999755859375,164.77999877929688,159.82000732421875,161.22999572753906,142.41717529296875,12104400,JPM
2021-11-30,159.16000366210938,160.6300048828125,158.2899932861328,158.8300018310547,140.2972412109375,18922600,JPM
2021-12-01,161.0,163.27000427246094,157.8000030517578,157.88999938964844,139.46690368652344,12253400,JPM
2021-12-02,159.8300018310547,163.25,158.8000030517578,161.2100067138672,142.3994903564453,12969900,JPM
2021-12-03,161.5,161.8300018310547,157.19000244140625,158.2899932861328,139.82020568847656,12681800,JPM
2021-12-06,161.00999450683594,162.61000061035156,159.4600067138672,160.16000366210938,141.47201538085938,11186500,JPM
2021-12-07,161.8800048828125,163.38999938964844,161.16000366210938,162.57000732421875,143.6008758544922,9851600,JPM
2021-12-08,162.66000366210938,163.27000427246094,160.1699981689453,160.7100067138672,141.95785522460938,11705700,JPM
2021-12-09,159.64999389648438,160.92999267578125,158.64999389648438,160.4600067138672,141.7370147705078,11189600,JPM
2021-12-10,161.32000732421875,161.6999969482422,159.1300048828125,159.82000732421875,141.1717071533203,10405400,JPM
2021-12-13,159.5,159.7899932861328,157.27999877929688,157.9199981689453,139.49339294433594,12069000,JPM
2021-12-14,157.4499969482422,160.88999938964844,157.3000030517578,159.1300048828125,140.56222534179688,12563600,JPM
2021-12-15,159.85000610351562,159.85000610351562,157.35000610351562,157.94000244140625,139.51107788085938,14014200,JPM
2021-12-16,160.38999938964844,161.82000732421875,158.6999969482422,160.41000366210938,141.69285583496094,19542800,JPM
2021-12-17,159.32000732421875,159.3800048828125,155.17999267578125,156.75999450683594,138.46875,28082000,JPM
2021-12-20,154.50999450683594,154.6999969482422,151.83999633789062,153.94000244140625,135.97781372070312,15148000,JPM
2021-12-21,155.41000366210938,157.17999267578125,155.08999633789062,156.08999633789062,137.876953125,11291300,JPM
2021-12-22,155.75,157.05999755859375,155.24000549316406,156.6999969482422,138.415771484375,7273000,JPM
2021-12-23,157.61000061035156,159.1199951171875,157.2100067138672,157.25999450683594,138.91038513183594,8055200,JPM
2021-12-27,157.60000610351562,158.1999969482422,156.33999633789062,158.16000366210938,139.70538330078125,6188100,JPM
2021-12-28,158.1999969482422,160.14999389648438,158.0800018310547,158.63999938964844,140.12937927246094,6342300,JPM
2021-12-29,158.85000610351562,159.6300048828125,158.14999389648438,158.55999755859375,140.05873107910156,6398900,JPM
2021-12-30,159.11000061035156,160.24000549316406,158.3699951171875,158.47999572753906,139.9880828857422,6948200,JPM
2021-12-31,158.4499969482422,159.2899932861328,157.9600067138672,158.35000610351562,139.8732147216797,5805900,JPM
2022-01-03,159.86000061035156,162.63999938964844,159.50999450683594,161.6999969482422,142.83233642578125,13120900,JPM
2022-01-04,164.30999755859375,168.5800018310547,164.22999572753906,167.8300018310547,148.24703979492188,20195800,JPM
2022-01-05,167.82000732421875,168.36000061035156,163.72999572753906,163.77999877929688,145.53683471679688,17539400,JPM
2022-01-06,166.91000366210938,167.3699951171875,163.8699951171875,165.52000427246094,147.0830078125,14047500,JPM
2022-01-07,165.6699981689453,167.52999877929688,165.05999755859375,167.16000366210938,148.54031372070312,13913300,JPM
2022-01-10,169.07000732421875,169.30999755859375,165.52999877929688,167.32000732421875,148.68252563476562,12922500,JPM
2022-01-11,168.25999450683594,168.52000427246094,166.30999755859375,167.49000549316406,148.8335723876953,11854100,JPM
2022-01-12,168.4600067138672,169.58999633789062,167.17999267578125,168.44000244140625,149.67776489257812,12568000,JPM
2022-01-13,168.33999633789062,169.80999755859375,167.88999938964844,168.22999572753906,149.49114990234375,13623400,JPM
2022-01-14,160.75999450683594,161.02999877929688,156.89999389648438,157.88999938964844,140.30288696289062,40158400,JPM
2022-01-18,155.77999877929688,155.77999877929688,150.5399932861328,151.27000427246094,134.4202880859375,32324800,JPM
2022-01-19,151.57000732421875,152.22999572753906,148.5500030517578,148.92999267578125,132.34088134765625,22380000,JPM
2022-01-20,148.99000549316406,150.61000061035156,147.36000061035156,147.66000366210938,131.21241760253906,14860800,JPM
2022-01-21,147.5,147.50999450683594,144.27000427246094,145.0800018310547,128.91973876953125,20705400,JPM
2022-01-24,142.27999877929688,145.47999572753906,139.57000732421875,144.9499969482422,128.80422973632812,28471400,JPM
2022-01-25,143.64999389648438,146.85000610351562,140.7899932861328,146.52999877929688,130.208251953125,18915900,JPM
2022-01-26,148.72000122070312,150.57000732421875,145.9600067138672,147.9199981689453,131.4434356689453,20709100,JPM
2022-01-27,149.4199981689453,150.3800048828125,144.1300048828125,145.30999755859375,129.12416076660156,17536800,JPM
2022-01-28,144.19000244140625,146.75999450683594,142.1699981689453,146.61000061035156,130.27935791015625,14117000,JPM
2022-01-31,145.63999938964844,148.7899932861328,144.6699981689453,148.60000610351562,132.04769897460938,13985700,JPM
2022-02-01,148.69000244140625,151.47000122070312,148.3000030517578,151.14999389648438,134.3136444091797,14584900,JPM
2022-02-02,150.5,150.94000244140625,148.07000732421875,149.94000244140625,133.23843383789062,12441100,JPM
2022-02-03,150.0,151.64999389648438,148.2899932861328,148.6999969482422,132.13658142089844,12474900,JPM
2022-02-04,149.10000610351562,153.5,148.77000427246094,152.55999755859375,135.5665740966797,16654400,JPM
2022-02-07,153.27000427246094,153.6199951171875,150.85000610351562,153.07000732421875,136.01974487304688,12572300,JPM
2022-02-08,155.0,158.47999572753906,154.8000030517578,155.9499969482422,138.5789794921875,20411400,JPM
2022-02-09,156.58999633789062,157.42999267578125,155.82000732421875,156.60000610351562,139.15660095214844,9131100,JPM
2022-02-10,156.66000366210938,159.02999877929688,155.22000122070312,155.9499969482422,138.5789794921875,16455600,JPM
2022-02-11,155.61000061035156,158.19000244140625,152.97000122070312,153.9199981689453,136.7751007080078,16830000,JPM
2022-02-14,152.72999572753906,153.67999267578125,150.32000732421875,152.49000549316406,135.5043487548828,17026500,JPM
2022-02-15,154.50999450683594,155.94000244140625,153.85000610351562,154.72000122070312,137.4860076904297,9500000,JPM
2022-02-16,153.74000549316406,156.10000610351562,153.74000549316406,155.0,137.73480224609375,9076500,JPM
2022-02-17,153.0,153.72999572753906,150.6699981689453,151.42999267578125,134.56240844726562,11367500,JPM
2022-02-18,152.1300048828125,154.13999938964844,151.1300048828125,152.13999938964844,135.19337463378906,11733300,JPM
2022-02-22,150.60000610351562,153.24000549316406,150.41000366210938,151.8699951171875,134.95343017578125,11333500,JPM
2022-02-23,153.1199951171875,153.3000030517578,147.97000122070312,148.69000244140625,132.127685546875,11799000,JPM
2022-02-24,142.94000244140625,144.99000549316406,139.77999877929688,144.5500030517578,128.44882202148438,25655100,JPM
2022-02-25,145.25,150.1300048828125,144.91000366210938,147.97000122070312,131.4878692626953,18367700,JPM
2022-02-28,143.5500030517578,145.05999755859375,140.8800048828125,141.8000030517578,126.00513458251953,31315300,JPM
2022-03-01,140.0399932861328,140.47999572753906,133.5800018310547,136.4499969482422,121.25100708007812,36840400,JPM
2022-03-02,137.2899932861328,140.0399932861328,136.61000061035156,139.27999877929688,123.76582336425781,19405600,JPM
2022-03-03,139.83999633789062,140.97999572753906,137.05999755859375,138.2899932861328,122.88610076904297,16640800,JPM
2022-03-04,134.94000244140625,135.4199981689453,132.39999389648438,134.39999389648438,119.42941284179688,21016000,JPM
2022-03-07,132.1699981689453,132.69000244140625,128.9499969482422,129.2100067138672,114.8175277709961,27560100,JPM
2022-03-08,129.63999938964844,131.7899932861328,127.2699966430664,128.3000030517578,114.00887298583984,19207800,JPM
2022-03-09,132.89999389648438,135.24000549316406,132.44000244140625,133.44000244140625,118.57633972167969,17536200,JPM
2022-03-10,131.86000061035156,133.4499969482422,130.32000732421875,131.86000061035156,117.17232513427734,15604200,JPM
2022-03-11,132.49000549316406,134.0800018310547,128.4199981689453,128.88999938964844,114.53314971923828,20061800,JPM
2022-03-14,129.4600067138672,132.9199981689453,129.22999572753906,130.1699981689453,115.67056274414062,15786900,JPM
2022-03-15,131.8000030517578,133.5500030517578,131.1300048828125,132.47999572753906,117.72325897216797,15096600,JPM
2022-03-16,134.8699951171875,138.49000549316406,134.42999267578125,138.39999389648438,122.9838638305664,20354900,JPM
2022-03-17,136.86000061035156,140.19000244140625,135.9199981689453,140.14999389648438,124.53890228271484,17050500,JPM
2022-03-18,140.19000244140625,140.85000610351562,138.4600067138672,140.10000610351562,124.49447631835938,23656500,JPM
2022-03-21,140.35000610351562,140.75999450683594,138.72999572753906,139.64999389648438,124.09461212158203,12676100,JPM
2022-03-22,142.27000427246094,143.92999267578125,141.72000122070312,142.6199951171875,126.7337646484375,13548600,JPM
2022-03-23,140.97999572753906,141.58999633789062,139.1999969482422,139.77999877929688,124.21014404296875,12093200,JPM
2022-03-24,140.3000030517578,140.7100067138672,139.11000061035156,140.69000244140625,125.01876068115234,10017600,JPM
2022-03-25,141.08999633789062,143.17999267578125,140.8000030517578,141.9199981689453,126.11176300048828,8383500,JPM
2022-03-28,140.0,140.97000122070312,137.89999389648438,140.8699951171875,125.17871856689453,10818100,JPM
2022-03-29,143.35000610351562,143.60000610351562,140.24000549316406,141.17999267578125,125.45417785644531,11316500,JPM
2022-03-30,141.89999389648438,142.1199951171875,139.91000366210938,140.5399932861328,124.88545989990234,8771000,JPM
2022-03-31,139.8300018310547,140.35000610351562,136.25999450683594,136.32000732421875,121.13551330566406,17353900,JPM
2022-04-01,137.39999389648438,137.41000366210938,133.8000030517578,135.30999755859375,120.2380142211914,15721300,JPM
2022-04-04,134.1199951171875,136.94000244140625,132.88999938964844,135.91000366210938,120.7712173461914,17416400,JPM
2022-04-05,134.07000732421875,135.39999389648438,133.00999450683594,133.33999633789062,119.36573028564453,12110300,JPM
2022-04-06,131.5800018310547,132.55999755859375,130.9600067138672,131.49000549316406,117.70964050292969,12914700,JPM
2022-04-07,130.9499969482422,131.9199981689453,128.72999572753906,131.08999633789062,117.3515625,12994200,JPM
2022-04-08,131.6699981689453,133.89999389648438,131.49000549316406,133.49000549316406,119.50003051757812,13126900,JPM
2022-04-11,133.0,134.89999389648438,132.57000732421875,133.0,119.06139373779297,10466400,JPM
2022-04-12,132.13999938964844,134.5800018310547,130.6999969482422,131.5399932861328,117.75436401367188,12989900,JPM
2022-04-13,126.94000244140625,129.25,126.01000213623047,127.30000305175781,113.95877075195312,30838000,JPM
2022-04-14,126.5,128.3000030517578,125.0199966430664,126.12000274658203,112.90240478515625,18835200,JPM
2022-04-18,125.66999816894531,129.24000549316406,125.54000091552734,128.4600067138672,114.99718475341797,11834400,JPM
2022-04-19,128.4499969482422,131.32000732421875,128.22999572753906,131.1199951171875,117.37840270996094,15015400,JPM
2022-04-20,132.52000427246094,133.50999450683594,131.33999633789062,131.5800018310547,117.79020690917969,13430200,JPM
2022-04-21,132.22000122070312,132.80999755859375,129.9600067138672,130.55999755859375,116.8770980834961,12174200,JPM
2022-04-22,130.27999877929688,130.52000427246094,126.69000244140625,126.80999755859375,113.52010345458984,14318800,JPM
2022-04-25,126.01000213623047,127.12000274658203,123.11000061035156,126.7699966430664,113.4842758178711,17149000,JPM
2022-04-26,124.63999938964844,126.41000366210938,122.87000274658203,123.0199966430664,110.12730407714844,17209500,JPM
2022-04-27,122.33000183105469,123.55999755859375,121.22000122070312,121.41999816894531,108.6949691772461,17215200,JPM
2022-04-28,122.80999755859375,123.6500015258789,121.13999938964844,123.33999633789062,110.41375732421875,13015600,JPM
2022-04-29,123.05000305175781,123.61000061035156,118.9000015258789,119.36000061035156,106.85087585449219,14874800,JPM
2022-05-02,119.87999725341797,120.70999908447266,118.22000122070312,120.44999694824219,107.82662200927734,18545000,JPM
2022-05-03,121.52999877929688,124.16999816894531,120.77999877929688,123.02999877929688,110.13623809814453,15720900,JPM
2022-05-04,122.80000305175781,127.4000015258789,122.73999786376953,127.0999984741211,113.77970123291016,17128500,JPM
2022-05-05,125.25,126.0999984741211,122.16000366210938,123.91999816894531,110.93297576904297,15055400,JPM
2022-05-06,123.80000305175781,124.29000091552734,121.18000030517578,123.72000122070312,110.75394439697266,14417900,JPM
2022-05-09,122.11000061035156,123.33000183105469,120.5,121.86000061035156,109.08888244628906,14312300,JPM
2022-05-10,123.11000061035156,123.77999877929688,117.55999755859375,118.88999938964844,106.4301528930664,16382400,JPM
2022-05-11,119.30000305175781,122.88999938964844,117.94000244140625,118.13999938964844,105.75873565673828,14630300,JPM
2022-05-12,117.0,118.31999969482422,115.37000274658203,118.04000091552734,105.66920471191406,16318800,JPM
2022-05-13,119.41000366210938,120.25,117.95999908447266,119.08999633789062,106.6091537475586,10443200,JPM
2022-05-16,118.54000091552734,119.45999908447266,117.2300033569336,118.26000213623047,105.86615753173828,10269000,JPM
2022-05-17,121.04000091552734,122.97000122070312,120.80999755859375,122.18000030517578,109.37531280517578,11160200,JPM
2022-05-18,121.30000305175781,121.97000122070312,119.52999877929688,120.08999633789062,107.5043716430664,12664900,JPM
2022-05-19,118.19000244140625,119.6500015258789,117.62999725341797,118.30999755859375,105.91090393066406,12765800,JPM
2022-05-20,119.45999908447266,119.66999816894531,115.0199966430664,117.33999633789062,105.04257202148438,13150100,JPM
2022-05-23,120.45999908447266,126.56999969482422,120.44999694824219,124.5999984741211,111.54170989990234,24376700,JPM
2022-05-24,124.36000061035156,127.48999786376953,123.11000061035156,126.36000061035156,113.11725616455078,19324900,JPM
2022-05-25,126.27999877929688,127.86000061035156,125.16999816894531,127.23999786376953,113.90503692626953,12780400,JPM
2022-05-26,128.3699951171875,130.19000244140625,128.2100067138672,129.44000244140625,115.8744888305664,15990900,JPM
2022-05-27,130.16000366210938,131.27000427246094,129.13999938964844,131.27000427246094,117.51268768310547,11177800,JPM
2022-05-31,130.17999267578125,133.14999389648438,129.7100067138672,132.22999572753906,118.37206268310547,17015000,JPM
2022-06-01,132.8699951171875,132.8699951171875,128.6699981689453,129.91000366210938,116.29522705078125,10768000,JPM
2022-06-02,129.89999389648438,132.00999450683594,128.6699981689453,132.0,118.16619873046875,8374800,JPM
2022-06-03,131.2100067138672,131.77000427246094,129.99000549316406,130.16000366210938,116.5190200805664,8596000,JPM
2022-06-06,131.08999633789062,132.38999938964844,129.4600067138672,129.72999572753906,116.13406372070312,11323500,JPM
2022-06-07,128.8300018310547,130.32000732421875,128.6199951171875,130.07000732421875,116.4384536743164,6722200,JPM
2022-06-08,129.0,129.4499969482422,126.9000015258789,128.0,114.58537292480469,8422100,JPM
2022-06-09,127.37000274658203,128.10000610351562,125.2699966430664,125.30999755859375,112.17729949951172,13560100,JPM
2022-06-10,122.58999633789062,123.4000015258789,119.31999969482422,119.55000305175781,107.02095794677734,12945200,JPM
2022-06-13,116.86000061035156,117.94999694824219,115.05999755859375,115.98999786376953,103.83404541015625,16805600,JPM
2022-06-14,115.55000305175781,117.31999969482422,113.22000122070312,114.05999755859375,102.10630798339844,13357900,JPM
2022-06-15,115.62000274658203,116.94999694824219,113.16999816894531,115.41000366210938,103.31482696533203,14083500,JPM
2022-06-16,113.86000061035156,114.26000213623047,111.87000274658203,113.43000030517578,101.54234313964844,16724900,JPM
2022-06-17,113.54000091552734,114.62999725341797,112.16000366210938,113.02999877929688,101.18428039550781,30919900,JPM
2022-06-21,115.87000274658203,117.02999877929688,115.04000091552734,115.83000183105469,103.69082641601562,11680500,JPM
2022-06-22,114.87999725341797,116.19999694824219,114.38999938964844,115.18000030517578,103.10894012451172,9842700,JPM
2022-06-23,115.01000213623047,115.18000030517578,111.4800033569336,113.91999816894531,101.98098754882812,11851500,JPM
2022-06-24,113.2300033569336,117.81999969482422,112.83000183105469,117.31999969482422,105.02465057373047,14841100,JPM
2022-06-27,118.05999755859375,118.5,115.63999938964844,116.37999725341797,104.18317413330078,11280500,JPM
2022-06-28,117.66999816894531,119.29000091552734,115.5999984741211,115.81999969482422,103.68186950683594,11590900,JPM
2022-06-29,116.0,116.81999969482422,114.7300033569336,115.30000305175781,103.21636199951172,9338400,JPM
2022-06-30,113.16999816894531,114.08000183105469,110.93000030517578,112.61000061035156,100.80828094482422,15172600,JPM
2022-07-01,112.6500015258789,114.41999816894531,111.16000366210938,114.05000305175781,102.09738159179688,10573600,JPM
2022-07-05,110.7699966430664,112.70999908447266,109.30000305175781,112.62000274658203,101.70901489257812,12514200,JPM
2022-07-06,111.7300033569336,112.98999786376953,110.79000091552734,111.88999938964844,101.04974365234375,10656200,JPM
2022-07-07,113.5,114.9000015258789,113.4000015258789,114.72000122070312,103.60557556152344,10347400,JPM
2022-07-08,115.16000366210938,115.6500015258789,113.61000061035156,114.36000061035156,103.28044128417969,8807800,JPM
2022-07-11,113.55000305175781,114.2300033569336,112.22000122070312,112.86000061035156,101.92578887939453,7939500,JPM
2022-07-12,112.58000183105469,115.18000030517578,112.26000213623047,112.97000122070312,102.02511596679688,11250900,JPM
2022-07-13,111.75,112.4800033569336,110.37999725341797,111.91000366210938,101.06782531738281,12979900,JPM
2022-07-14,107.98999786376953,108.2300033569336,106.05999755859375,108.0,97.53662109375,26204800,JPM
2022-07-15,109.16000366210938,113.87999725341797,107.66999816894531,112.94999694824219,102.00706481933594,18863900,JPM
2022-07-18,114.7699966430664,115.83999633789062,111.29000091552734,111.79000091552734,100.95942687988281,13977900,JPM
2022-07-19,113.12999725341797,114.94000244140625,112.66999816894531,114.55999755859375,103.46107482910156,11862300,JPM
2022-07-20,114.0999984741211,114.73999786376953,113.4800033569336,114.54000091552734,103.44300842285156,11667500,JPM
2022-07-21,114.44000244140625,115.52999877929688,113.37000274658203,115.31999969482422,104.14744567871094,11595900,JPM
2022-07-22,115.23999786376953,116.25,113.66999816894531,114.76000213623047,103.64168548583984,7645500,JPM
2022-07-25,115.83999633789062,116.45999908447266,114.7699966430664,115.22000122070312,104.05713653564453,9394000,JPM
2022-07-26,114.58000183105469,115.58000183105469,113.02999877929688,113.41999816894531,102.4315185546875,10675100,JPM
2022-07-27,114.01000213623047,115.73999786376953,113.30000305175781,115.23999786376953,104.07518005371094,9337400,JPM
2022-07-28,115.25,115.9800033569336,113.52999877929688,114.80999755859375,103.68685150146484,10384800,JPM
2022-07-29,115.58999633789062,116.5,114.79000091552734,115.36000061035156,104.18357849121094,12944500,JPM
2022-08-01,114.5,115.11000061035156,113.06999969482422,114.20999908447266,103.14497375488281,14740400,JPM
2022-08-02,113.91999816894531,114.4000015258789,112.2699966430664,112.43000030517578,101.53742980957031,14942900,JPM
2022-08-03,113.44999694824219,114.0999984741211,111.70999908447266,113.61000061035156,102.60311126708984,14394500,JPM
2022-08-04,112.8499984741211,113.31999969482422,111.0199966430664,112.36000061035156,101.47421264648438,18033900,JPM
2022-08-05,112.52999877929688,116.19000244140625,112.05000305175781,115.76000213623047,104.54481506347656,14174600,JPM
2022-08-08,116.25,116.69999694824219,114.18000030517578,114.3499984741211,103.27140808105469,10332500,JPM
2022-08-09,114.75,115.98999786376953,114.37000274658203,115.37999725341797,104.20162963867188,10233800,JPM
2022-08-10,117.95999908447266,119.37000274658203,117.5,118.38999938964844,106.9200210571289,12847300,JPM
2022-08-11,119.9000015258789,121.19999694824219,119.30999755859375,120.13999938964844,108.5004653930664,11684900,JPM
2022-08-12,120.66999816894531,122.25,119.44000244140625,122.12999725341797,110.29765319824219,9906700,JPM
2022-08-15,121.13999938964844,122.72000122070312,120.5999984741211,122.45999908447266,110.59568786621094,8456200,JPM
2022-08-16,122.29000091552734,124.23999786376953,121.87000274658203,123.62999725341797,111.65234375,9555000,JPM
2022-08-17,122.30000305175781,123.16000366210938,121.69000244140625,122.58999633789062,110.71309661865234,8149300,JPM
2022-08-18,122.23999786376953,122.47000122070312,120.55000305175781,121.63999938964844,109.85513305664062,9531800,JPM
2022-08-19,120.62000274658203,120.98999786376953,118.11000061035156,118.62999725341797,107.13675689697266,13464500,JPM
2022-08-22,116.75,117.16000366210938,115.5,116.66999816894531,105.36664581298828,8967600,JPM
2022-08-23,116.69000244140625,117.29000091552734,115.37999725341797,115.5199966430664,104.32805633544922,7607000,JPM
2022-08-24,115.29000091552734,116.41000366210938,114.44999694824219,115.80000305175781,104.58094024658203,9771300,JPM
2022-08-25,116.16000366210938,118.73999786376953,115.68000030517578,118.55000305175781,107.06450653076172,10758900,JPM
2022-08-26,119.45999908447266,119.98999786376953,114.5999984741211,114.66999816894531,103.56040954589844,11276200,JPM
2022-08-29,114.0,114.86000061035156,113.45999908447266,114.38999938964844,103.30752563476562,8117300,JPM
2022-08-30,115.0,115.58000183105469,113.36000061035156,114.41000366210938,103.32560729980469,10745400,JPM
2022-08-31,114.4800033569336,115.02999877929688,113.33999633789062,113.7300033569336,102.71149444580078,10738300,JPM
2022-09-01,113.29000091552734,114.62999725341797,111.91000366210938,114.51000213623047,103.41590881347656,9979800,JPM
2022-09-02,115.87000274658203,117.44999694824219,113.19000244140625,113.70999908447266,102.69342803955078,10666600,JPM
2022-09-06,114.33000183105469,114.75,112.06999969482422,113.73999786376953,102.72051239013672,9751900,JPM
2022-09-07,113.12999725341797,116.11000061035156,112.76000213623047,115.9000015258789,104.67124938964844,10647900,JPM
2022-09-08,115.27999877929688,118.79000091552734,114.62999725341797,118.5999984741211,107.10965728759766,11435000,JPM
2022-09-09,119.13999938964844,120.05000305175781,118.66999816894531,119.16999816894531,107.62444305419922,9299700,JPM
2022-09-12,120.62000274658203,121.55000305175781,119.79000091552734,120.58000183105469,108.8978500366211,8614600,JPM
2022-09-13,118.06999969482422,118.91999816894531,115.77999877929688,116.38999938964844,105.11376953125,12904600,JPM
2022-09-14,116.69999694824219,117.83999633789062,114.87999725341797,116.12000274658203,104.86994171142578,9345700,JPM
2022-09-15,116.12000274658203,119.37999725341797,115.76000213623047,117.87000274658203,106.45038604736328,10821400,JPM
2022-09-16,117.38999938964844,117.4000015258789,115.37000274658203,117.08000183105469,105.73694610595703,14844100,JPM
2022-09-19,116.0,118.7300033569336,115.51000213623047,118.16000366210938,106.7123031616211,8201300,JPM
2022-09-20,117.41000366210938,117.69000244140625,114.63999938964844,115.83000183105469,104.60803985595703,9619000,JPM
2022-09-21,116.54000091552734,116.5999984741211,112.41999816894531,112.48999786376953,101.59161376953125,12606300,JPM
2022-09-22,113.37999725341797,113.5999984741211,111.06999969482422,111.20999908447266,100.43563079833984,11684500,JPM
2022-09-23,110.05000305175781,110.33999633789062,107.16000366210938,109.13999938964844,98.5661849975586,18138600,JPM
2022-09-26,108.0,109.61000061035156,106.05999755859375,106.79000091552734,96.44384765625,15753600,JPM
2022-09-27,107.75,108.16999816894531,104.6500015258789,105.8499984741211,95.59493255615234,12793600,JPM
2022-09-28,105.94999694824219,108.7300033569336,105.63999938964844,107.98999786376953,97.52760314941406,12762600,JPM
2022-09-29,106.94999694824219,107.27999877929688,104.4000015258789,106.16000366210938,95.87488555908203,12713900,JPM
2022-09-30,106.05999755859375,107.62000274658203,104.4000015258789,104.5,94.375732421875,15973400,JPM
2022-10-03,105.62000274658203,108.36000061035156,104.45999908447266,107.7300033569336,97.29278564453125,12248100,JPM
2022-10-04,110.61000061035156,112.98999786376953,109.86000061035156,112.7699966430664,101.84449768066406,16013600,JPM
2022-10-05,109.75,110.94999694824219,108.83000183105469,110.38999938964844,100.5870361328125,10943500,JPM
2022-10-06,109.45999908447266,110.19000244140625,107.94000244140625,108.13999938964844,98.53684997558594,11521400,JPM
2022-10-07,107.5199966430664,107.70999908447266,105.2699966430664,105.9800033569336,96.56865692138672,11681100,JPM
2022-10-10,106.7300033569336,107.30999755859375,104.5199966430664,104.98999786376953,95.66657257080078,8931700,JPM
2022-10-11,104.37000274658203,104.54000091552734,101.8499984741211,101.95999908447266,92.90565490722656,12739700,JPM
2022-10-12,101.80000305175781,104.7300033569336,101.27999877929688,103.61000061035156,94.40912628173828,13181000,JPM
2022-10-13,101.9800033569336,109.9000015258789,101.76000213623047,109.37000274658203,99.65762329101562,22398700,JPM
2022-10-14,111.95999908447266,115.23999786376953,110.72000122070312,111.19000244140625,101.31598663330078,33387100,JPM
2022-10-17,115.41000366210938,117.01000213623047,114.31999969482422,115.86000061035156,105.5713119506836,22276300,JPM
2022-10-18,119.66000366210938,120.13999938964844,116.95999908447266,118.83999633789062,108.28666687011719,21539700,JPM
2022-10-19,117.98999786376953,118.83000183105469,115.66999816894531,116.51000213623047,106.16355895996094,17072000,JPM
2022-10-20,117.16000366210938,118.70999908447266,115.6500015258789,116.12999725341797,105.81731414794922,12207400,JPM
2022-10-21,116.45999908447266,122.38999938964844,116.33000183105469,122.2300033569336,111.37560272216797,20593300,JPM
2022-10-24,122.06999969482422,123.0999984741211,121.33000183105469,122.37999725341797,111.51229095458984,12624200,JPM
2022-10-25,121.8499984741211,123.2699966430664,120.88999938964844,122.69999694824219,111.80387115478516,11289100,JPM
2022-10-26,123.0,125.19999694824219,122.87999725341797,124.11000061035156,113.08866119384766,11667000,JPM
2022-10-27,125.19999694824219,126.19999694824219,124.20999908447266,124.5999984741211,113.53515625,10727600,JPM
2022-10-28,125.29000091552734,126.27999877929688,124.05000305175781,126.08000183105469,114.88372802734375,11859500,JPM
2022-10-31,125.69999694824219,127.43000030517578,125.58999633789062,125.87999725341797,114.70147705078125,13295200,JPM
2022-11-01,126.87000274658203,128.27999877929688,126.33000183105469,128.14999389648438,116.7698974609375,13386900,JPM
2022-11-02,127.6500015258789,130.36000061035156,126.63999938964844,126.97000122070312,115.69469451904297,16546100,JPM
2022-11-03,126.30999755859375,128.17999267578125,125.91000366210938,127.19999694824219,115.90426635742188,12474400,JPM
2022-11-04,129.49000549316406,130.8300018310547,128.4600067138672,130.67999267578125,119.07522583007812,14953200,JPM
2022-11-07,131.0,132.2899932861328,130.47999572753906,131.3699951171875,119.70394897460938,12011200,JPM
2022-11-08,131.24000549316406,132.05999755859375,130.13999938964844,131.4499969482422,119.77686309814453,9884100,JPM
2022-11-09,131.32000732421875,131.42999267578125,129.22000122070312,129.74000549316406,118.2187271118164,9494000,JPM
2022-11-10,132.6300048828125,135.25,132.52999877929688,135.0800018310547,123.08448028564453,16351600,JPM
2022-11-11,135.19000244140625,136.1699981689453,133.77999877929688,135.3000030517578,123.28498077392578,10704700,JPM
2022-11-14,134.8000030517578,135.72999572753906,133.91000366210938,133.91000366210938,122.0184097290039,11085600,JPM
2022-11-15,134.67999267578125,135.7100067138672,131.60000610351562,132.94000244140625,121.13455963134766,14038300,JPM
2022-11-16,133.0,133.55999755859375,132.02999877929688,133.1199951171875,121.29855346679688,7893400,JPM
2022-11-17,132.0,132.88999938964844,131.27999877929688,132.5399932861328,120.7700424194336,8820200,JPM
2022-11-18,134.57000732421875,134.6699981689453,132.27999877929688,133.83999633789062,121.95458984375,9468500,JPM
2022-11-21,133.74000549316406,134.55999755859375,132.75,133.0500030517578,121.23477172851562,7800500,JPM
2022-11-22,134.0,135.27000427246094,133.69000244140625,135.0399932861328,123.04803466796875,9185700,JPM
2022-11-23,134.94000244140625,136.5,134.86000061035156,136.47999572753906,124.36018371582031,7316200,JPM
2022-11-25,136.47999572753906,137.13999938964844,136.05999755859375,136.74000549316406,124.59708404541016,3220500,JPM
2022-11-28,136.07000732421875,136.7100067138672,134.19000244140625,134.35000610351562,122.41931915283203,9906900,JPM
2022-11-29,134.66000366210938,136.63999938964844,134.41000366210938,136.55999755859375,124.43306732177734,7925300,JPM
2022-11-30,136.08999633789062,138.17999267578125,133.19000244140625,138.17999267578125,125.90918731689453,14761200,JPM
2022-12-01,138.17999267578125,138.66000366210938,135.42999267578125,136.24000549316406,124.14147186279297,8858500,JPM
2022-12-02,134.49000549316406,135.35000610351562,133.33999633789062,135.16000366210938,123.15742492675781,8931900,JPM
2022-12-05,134.24000549316406,134.57000732421875,130.60000610351562,131.3699951171875,119.70394897460938,10154500,JPM
2022-12-06,133.38999938964844,135.11000061035156,129.8699951171875,131.58999633789062,119.90440368652344,13966700,JPM
2022-12-07,131.30999755859375,133.0800018310547,130.3300018310547,131.5,119.82239532470703,11739400,JPM
2022-12-08,132.3300018310547,132.97999572753906,131.42999267578125,132.8800048828125,121.07987976074219,8907300,JPM
2022-12-09,132.1999969482422,133.75999450683594,132.0,132.16000366210938,120.42381286621094,7957800,JPM
2022-12-12,132.39999389648438,134.64999389648438,131.60000610351562,134.2100067138672,122.29177856445312,8841600,JPM
2022-12-13,136.88999938964844,137.08999633789062,133.0800018310547,134.0800018310547,122.17328643798828,10025400,JPM
2022-12-14,133.77999877929688,135.7100067138672,132.75999450683594,133.41000366210938,121.56278991699219,9966100,JPM
2022-12-15,131.14999389648438,132.0800018310547,129.0500030517578,130.10000610351562,118.54674530029297,12087800,JPM
2022-12-16,129.14999389648438,129.89999389648438,128.42999267578125,129.2899932861328,117.80866241455078,21133700,JPM
2022-12-19,129.64999389648438,131.3300018310547,129.08999633789062,130.05999755859375,118.5102767944336,9017200,JPM
2022-12-20,130.97000122070312,132.0500030517578,130.1999969482422,130.69000244140625,119.08433532714844,8549900,JPM
2022-12-21,132.17999267578125,132.97999572753906,131.77000427246094,132.16000366210938,120.42381286621094,8051700,JPM
2022-12-22,131.10000610351562,131.3000030517578,128.41000366210938,130.66000366210938,119.05702209472656,8648200,JPM
2022-12-23,130.5800018310547,131.44000244140625,129.63999938964844,131.27999877929688,119.62194061279297,5091900,JPM
2022-12-27,131.57000732421875,132.22000122070312,130.5500030517578,131.74000549316406,120.0411148071289,5411000,JPM
2022-12-28,131.85000610351562,133.41000366210938,131.00999450683594,132.4600067138672,120.6971664428711,8827700,JPM
2022-12-29,132.92999267578125,133.27000427246094,132.30999755859375,133.22000122070312,121.38967895507812,6585200,JPM
2022-12-30,132.80999755859375,134.3300018310547,132.44000244140625,134.10000610351562,122.19153594970703,9292500,JPM
2023-01-03,135.24000549316406,136.74000549316406,133.88999938964844,135.1199951171875,123.12095642089844,11054800,JPM
2023-01-04,135.99000549316406,137.67999267578125,135.57000732421875,136.3800048828125,124.2690658569336,11687600,JPM
2023-01-05,135.66000366210938,135.7100067138672,133.6999969482422,135.35000610351562,124.24150848388672,8381300,JPM
2023-01-06,136.1300048828125,138.3800048828125,134.49000549316406,137.94000244140625,126.61895751953125,10029100,JPM
2023-01-09,138.60000610351562,138.8800048828125,136.8800048828125,137.3699951171875,126.09571838378906,8482300,JPM
2023-01-10,137.7899932861328,138.72000122070312,137.30999755859375,138.60000610351562,127.22478485107422,9048700,JPM
2023-01-11,138.89999389648438,139.75,138.10000610351562,139.6300048828125,128.1702423095703,8703700,JPM
2023-01-12,140.0,140.86000061035156,139.22000122070312,139.49000549316406,128.041748046875,11001700,JPM
2023-01-13,135.60000610351562,143.49000549316406,134.8000030517578,143.00999450683594,131.27284240722656,20200000,JPM
2023-01-17,141.1699981689453,141.5399932861328,139.22999572753906,140.8000030517578,129.24423217773438,14292900,JPM
2023-01-18,138.9199981689453,140.72999572753906,136.41000366210938,136.57000732421875,125.36137390136719,13392600,JPM
2023-01-19,135.32000732421875,135.89999389648438,133.58999633789062,134.75,123.69075775146484,13303400,JPM
2023-01-20,135.16000366210938,135.49000549316406,133.5500030517578,135.0800018310547,123.99365997314453,13092500,JPM
2023-01-23,135.1199951171875,137.9600067138672,134.82000732421875,137.27000427246094,126.00396728515625,10487100,JPM
2023-01-24,136.4199981689453,140.2899932861328,135.0,138.4499969482422,127.08708953857422,6945000,JPM
2023-01-25,138.0500030517578,139.1199951171875,137.25,139.1199951171875,127.70207977294922,8967000,JPM
2023-01-26,139.4199981689453,140.05999755859375,138.36000061035156,139.97999572753906,128.4915313720703,7487600,JPM
2023-01-27,140.61000061035156,141.25999450683594,139.75,140.32000732421875,128.80361938476562,7489900,JPM
2023-01-30,139.22999572753906,140.08999633789062,138.91000366210938,139.1300048828125,127.71127319335938,6729300,JPM
2023-01-31,139.8800048828125,140.07000732421875,138.25,139.9600067138672,128.4731903076172,9188700,JPM
2023-02-01,138.2100067138672,140.8800048828125,138.1199951171875,139.58999633789062,128.13351440429688,8841800,JPM
2023-02-02,140.0,140.4600067138672,138.0,138.94000244140625,127.5368881225586,11822100,JPM
2023-02-03,138.17999267578125,142.3300018310547,138.1300048828125,141.08999633789062,129.51040649414062,11501200,JPM
2023-02-06,140.22999572753906,142.24000549316406,140.02999877929688,141.9199981689453,130.27230834960938,8406200,JPM
2023-02-07,141.3800048828125,144.33999633789062,141.17999267578125,143.64999389648438,131.86032104492188,10447900,JPM
2023-02-08,142.64999389648438,144.0399932861328,142.27999877929688,142.63999938964844,130.93321228027344,6958000,JPM
2023-02-09,143.1199951171875,143.33999633789062,139.8699951171875,140.4199981689453,128.89541625976562,6443100,JPM
2023-02-10,139.77999877929688,141.27999877929688,138.58999633789062,141.0399932861328,129.4645233154297,6582900,JPM
2023-02-13,141.3000030517578,142.72999572753906,140.74000549316406,142.57000732421875,130.86898803710938,7134600,JPM
2023-02-14,142.5,143.80999755859375,141.60000610351562,143.1999969482422,131.447265625,9249400,JPM
2023-02-15,141.61000061035156,143.88999938964844,141.3000030517578,143.8000030517578,131.99801635742188,6728300,JPM
2023-02-16,142.91000366210938,143.38999938964844,141.67999267578125,141.82000732421875,130.18051147460938,8165300,JPM
2023-02-17,140.97999572753906,142.8300018310547,140.07000732421875,142.24000549316406,130.5660400390625,7948800,JPM
2023-02-21,140.69000244140625,141.33999633789062,138.75,139.6300048828125,128.1702423095703,9996300,JPM
2023-02-22,138.9199981689453,139.42999267578125,137.44000244140625,138.55999755859375,127.18807220458984,11107500,JPM
2023-02-23,138.72999572753906,140.1699981689453,137.94000244140625,139.6699981689453,128.2069549560547,8068000,JPM
2023-02-24,139.11000061035156,141.36000061035156,138.92999267578125,140.92999267578125,129.363525390625,9126900,JPM
2023-02-27,142.11000061035156,143.30999755859375,141.72000122070312,142.16000366210938,130.49258422851562,10014700,JPM
2023-02-28,142.94000244140625,143.75999450683594,141.89999389648438,143.35000610351562,131.5849609375,11019800,JPM
2023-03-01,142.10000610351562,143.4600067138672,141.8000030517578,142.5500030517578,130.85060119628906,7139200,JPM
2023-03-02,142.24000549316406,142.42999267578125,139.5399932861328,141.07000732421875,129.49205017089844,11106800,JPM
2023-03-03,141.50999450683594,143.74000549316406,141.0800018310547,143.66000366210938,131.86952209472656,9513100,JPM
2023-03-06,143.44000244140625,144.0399932861328,142.66000366210938,142.82000732421875,131.0984344482422,9261300,JPM
2023-03-07,142.00999450683594,142.30999755859375,137.80999755859375,138.6199951171875,127.24312591552734,11747600,JPM
2023-03-08,138.0,138.58999633789062,136.88999938964844,137.8000030517578,126.4904556274414,10002500,JPM
2023-03-09,136.75999450683594,137.35000610351562,129.22000122070312,130.33999633789062,119.64268493652344,25888100,JPM
2023-03-10,128.9600067138672,135.25999450683594,127.81999969482422,133.64999389648438,122.68101501464844,37599700,JPM
2023-03-13,131.2100067138672,133.8800048828125,129.41000366210938,131.25,120.4780044555664,42901100,JPM
2023-03-14,135.27999877929688,135.52999877929688,131.2899932861328,134.6199951171875,123.5714340209961,29648100,JPM
2023-03-15,130.97999572753906,130.99000549316406,126.7300033569336,128.25999450683594,117.73340606689453,34280600,JPM
2023-03-16,128.00999450683594,131.9499969482422,126.0199966430664,130.75,120.01905059814453,24558500,JPM
2023-03-17,128.3800048828125,128.47999572753906,125.44999694824219,125.80999755859375,115.48448181152344,38396000,JPM
2023-03-20,126.98999786376953,129.47000122070312,126.01000213623047,127.13999938964844,116.70532989501953,22875500,JPM
2023-03-21,130.58999633789062,131.72999572753906,130.19000244140625,130.5500030517578,119.83548736572266,17807800,JPM
2023-03-22,130.55999755859375,130.66000366210938,127.08000183105469,127.18000030517578,116.74205017089844,17250200,JPM
2023-03-23,127.9000015258789,129.52999877929688,126.0199966430664,126.83999633789062,116.4299545288086,16677600,JPM
2023-03-24,125.62999725341797,125.68000030517578,123.11000061035156,124.91000366210938,114.65837860107422,22311100,JPM
2023-03-27,126.79000091552734,129.3800048828125,126.29000091552734,128.49000549316406,117.94454193115234,18853900,JPM
2023-03-28,128.7100067138672,129.33999633789062,127.73999786376953,128.8800048828125,118.30253601074219,10820500,JPM
2023-03-29,130.10000610351562,130.22000122070312,127.7699966430664,129.13999938964844,118.54119110107422,14595300,JPM
2023-03-30,129.9499969482422,130.1199951171875,127.6500015258789,128.75,118.18319702148438,12134700,JPM
2023-03-31,129.66000366210938,130.33999633789062,128.85000610351562,130.30999755859375,119.61514282226562,13105200,JPM
2023-04-03,129.91000366210938,131.44000244140625,129.41000366210938,130.16000366210938,119.47747802734375,11775400,JPM
2023-04-04,130.5,130.58999633789062,127.41000366210938,128.4199981689453,117.88027954101562,11579900,JPM
2023-04-05,126.80000305175781,128.14999389648438,126.45999908447266,127.61000061035156,118.05604553222656,9614700,JPM
2023-04-06,127.0,128.0800018310547,126.86000061035156,127.47000122070312,117.92652893066406,8760200,JPM
2023-04-10,126.54000091552734,128.22999572753906,126.22000122070312,127.88999938964844,118.3150863647461,9477300,JPM
2023-04-11,128.3000030517578,128.94000244140625,127.54000091552734,128.52000427246094,118.8979263305664,10516300,JPM
2023-04-12,129.17999267578125,130.42999267578125,128.05999755859375,128.5,118.87943267822266,11821000,JPM
2023-04-13,128.4600067138672,129.0399932861328,126.83000183105469,128.99000549316406,119.33273315429688,12450200,JPM
2023-04-14,135.14999389648438,139.1199951171875,134.89999389648438,138.72999572753906,128.343505859375,43931300,JPM
2023-04-17,139.9499969482422,140.05999755859375,137.66000366210938,139.8300018310547,129.36114501953125,16050500,JPM
2023-04-18,140.27000427246094,141.77999877929688,139.02999877929688,141.39999389648438,130.8135986328125,13760100,JPM
2023-04-19,141.22999572753906,141.5,140.39999389648438,141.22000122070312,130.64712524414062,9158100,JPM
2023-04-20,139.91000366210938,141.42999267578125,139.83999633789062,140.80999755859375,130.26779174804688,10586200,JPM
2023-04-21,139.74000549316406,141.11000061035156,138.77999877929688,140.5399932861328,130.0179901123047,11842500,JPM
2023-04-24,140.4600067138672,141.10000610351562,140.0399932861328,140.72999572753906,130.1937713623047,7567500,JPM
2023-04-25,139.60000610351562,139.9600067138672,137.6300048828125,137.6699981689453,127.36288452148438,10629300,JPM
2023-04-26,137.6199951171875,137.80999755859375,134.0,135.22999572753906,125.10552978515625,14416100,JPM
2023-04-27,136.0,137.91000366210938,135.66000366210938,137.0500030517578,126.78929901123047,9041100,JPM
2023-04-28,136.55999755859375,138.32000732421875,135.6699981689453,138.24000549316406,127.89022827148438,9887300,JPM
2023-05-01,142.25999450683594,143.3699951171875,140.8300018310547,141.1999969482422,130.6285858154297,20415800,JPM
2023-05-02,141.39999389648438,142.41000366210938,138.42999267578125,138.9199981689453,128.51931762695312,14113400,JPM
2023-05-03,138.44000244140625,138.6699981689453,135.75999450683594,135.97999572753906,125.79939270019531,12930900,JPM
2023-05-04,134.9600067138672,135.72000122070312,131.80999755859375,134.1199951171875,124.07865905761719,17089200,JPM
2023-05-05,136.44000244140625,137.8800048828125,135.91000366210938,136.74000549316406,126.50249481201172,11261400,JPM
2023-05-08,137.49000549316406,137.97000122070312,136.47999572753906,137.07000732421875,126.80779266357422,7484900,JPM
2023-05-09,135.92999267578125,136.9499969482422,135.2100067138672,136.41000366210938,126.19721984863281,7343600,JPM
2023-05-10,137.9499969482422,138.05999755859375,134.8699951171875,136.47999572753906,126.26195526123047,8133400,JPM
2023-05-11,135.0,136.80999755859375,134.89999389648438,136.0500030517578,125.86414337158203,7057300,JPM
2023-05-12,136.82000732421875,136.99000549316406,133.1300048828125,134.10000610351562,124.0601577758789,9988600,JPM
2023-05-15,134.27000427246094,135.6699981689453,133.9600067138672,135.22999572753906,125.10552978515625,7639500,JPM
2023-05-16,135.4600067138672,135.94000244140625,133.9600067138672,134.32000732421875,124.26370239257812,6477200,JPM
2023-05-17,135.89999389648438,138.58999633789062,135.4600067138672,138.4499969482422,128.08445739746094,12711500,JPM
2023-05-18,138.27000427246094,139.72999572753906,137.75999450683594,139.5,129.0558624267578,10999600,JPM
2023-05-19,139.7899932861328,140.49000549316406,138.1300048828125,139.17999267578125,128.75982666015625,13492200,JPM
2023-05-22,141.0,141.63999938964844,137.66000366210938,138.02999877929688,127.69593048095703,11402500,JPM
2023-05-23,137.5399932861328,139.02999877929688,136.4600067138672,136.58999633789062,126.36373901367188,9514900,JPM
2023-05-24,135.39999389648438,136.35000610351562,135.0800018310547,135.33999633789062,125.20732116699219,8578000,JPM
2023-05-25,134.82000732421875,136.27000427246094,134.5800018310547,135.6699981689453,125.51261138916016,8472500,JPM
2023-05-26,136.11000061035156,137.60000610351562,135.6300048828125,136.94000244140625,126.6875,8579900,JPM
2023-05-30,136.8000030517578,137.72000122070312,136.02000427246094,137.4600067138672,127.1685791015625,7399900,JPM
2023-05-31,136.72999572753906,136.83999633789062,134.39999389648438,135.7100067138672,125.54962921142578,14219900,JPM
2023-06-01,136.52000427246094,138.22999572753906,135.4499969482422,137.5800018310547,127.27962493896484,12248100,JPM
2023-06-02,139.55999755859375,141.47999572753906,139.33999633789062,140.47000122070312,129.95326232910156,12922500,JPM
2023-06-05,140.11000061035156,140.11000061035156,138.1300048828125,139.08999633789062,128.67654418945312,8511900,JPM
2023-06-06,138.67999267578125,140.10000610351562,138.2100067138672,139.33999633789062,128.90782165527344,9329500,JPM
2023-06-07,139.5500030517578,141.27000427246094,138.8300018310547,140.69000244140625,130.15679931640625,9281400,JPM
2023-06-08,140.6699981689453,140.88999938964844,139.47999572753906,140.72999572753906,130.1937713623047,7368100,JPM
2023-06-09,140.35000610351562,141.8000030517578,140.2100067138672,141.00999450683594,130.4528045654297,7249100,JPM
2023-06-12,141.07000732421875,141.32000732421875,139.75999450683594,141.0,130.44358825683594,7596600,JPM
2023-06-13,140.47999572753906,142.8699951171875,140.13999938964844,142.02000427246094,131.38720703125,7701600,JPM
2023-06-14,143.0,143.61000061035156,140.6999969482422,141.49000549316406,130.89688110351562,9068700,JPM
2023-06-15,140.58999633789062,143.39999389648438,140.02999877929688,143.08999633789062,132.3770751953125,9343100,JPM
2023-06-16,143.0500030517578,143.97000122070312,142.5,143.25999450683594,132.5343780517578,13813500,JPM
2023-06-20,142.61000061035156,143.0,141.0399932861328,142.52999877929688,131.85902404785156,8428600,JPM
2023-06-21,142.89999389648438,144.02000427246094,141.69000244140625,142.32000732421875,131.66476440429688,9926500,JPM
2023-06-22,142.30999755859375,142.60000610351562,138.9499969482422,139.5800018310547,129.12986755371094,10075200,JPM
2023-06-23,138.5399932861328,139.17999267578125,137.6199951171875,138.85000610351562,128.45452880859375,9919500,JPM
2023-06-26,138.8699951171875,140.00999450683594,137.69000244140625,139.19000244140625,128.76907348632812,8429700,JPM
2023-06-27,139.0,139.83999633789062,138.5399932861328,139.1999969482422,128.7783203125,8154000,JPM
2023-06-28,139.16000366210938,139.2100067138672,137.9600067138672,138.58999633789062,128.21397399902344,7558600,JPM
2023-06-29,140.07000732421875,143.55999755859375,139.85000610351562,143.42999267578125,132.6916046142578,15423200,JPM
2023-06-30,144.60000610351562,146.0,143.66000366210938,145.44000244140625,134.55116271972656,14212800,JPM
2023-07-03,146.19000244140625,147.47999572753906,146.0,146.61000061035156,135.633544921875,8021600,JPM
2023-07-05,144.94000244140625,145.42999267578125,144.36000061035156,144.63999938964844,134.72999572753906,8934900,JPM
2023-07-06,143.02000427246094,143.38999938964844,141.44000244140625,143.2100067138672,133.39801025390625,9709500,JPM
2023-07-07,143.91000366210938,145.83999633789062,143.0,144.33999633789062,134.45054626464844,8981500,JPM
2023-07-10,144.5,145.99000549316406,144.5,145.14999389648438,135.20506286621094,9100100,JPM
2023-07-11,146.33999633789062,147.82000732421875,145.7100067138672,147.4199981689453,137.31956481933594,11260900,JPM
2023-07-12,147.4499969482422,149.8699951171875,147.0,148.14999389648438,137.99952697753906,11323200,JPM
2023-07-13,148.6999969482422,149.3699951171875,147.75,148.8699951171875,138.67019653320312,11234900,JPM
2023-07-14,151.5500030517578,152.88999938964844,148.41000366210938,149.77000427246094,139.508544921875,27028400,JPM
2023-07-17,150.35000610351562,153.75,150.35000610351562,153.3800048828125,142.87118530273438,17262400,JPM
2023-07-18,153.3800048828125,154.39999389648438,152.82000732421875,153.66000366210938,143.1320037841797,13491700,JPM
2023-07-19,152.75,155.2100067138672,152.22000122070312,154.25,143.68157958984375,12510000,JPM
2023-07-20,154.52999877929688,156.58999633789062,154.41000366210938,156.14999389648438,145.4513702392578,9935900,JPM
2023-07-21,155.8000030517578,156.13999938964844,154.69000244140625,154.9499969482422,144.33363342285156,10636400,JPM
2023-07-24,154.97000122070312,158.7899932861328,154.72999572753906,158.0,147.1746368408203,14381400,JPM
2023-07-25,157.3000030517578,157.72000122070312,155.9600067138672,156.82000732421875,146.07553100585938,9944700,JPM
2023-07-26,156.7100067138672,158.25,156.27999877929688,157.75999450683594,146.95106506347656,8728600,JPM
2023-07-27,157.77000427246094,158.77999877929688,155.5500030517578,156.02000427246094,145.33030700683594,10778400,JPM
2023-07-28,157.27999877929688,157.60000610351562,156.44000244140625,156.91000366210938,146.15931701660156,9103800,JPM
2023-07-31,157.17999267578125,159.3800048828125,157.14999389648438,157.9600067138672,147.1374053955078,8892700,JPM
2023-08-01,157.42999267578125,158.0,156.14999389648438,157.17999267578125,146.4108428955078,6853900,JPM
2023-08-02,155.55999755859375,155.69000244140625,153.94000244140625,155.39999389648438,144.75279235839844,8299400,JPM
2023-08-03,155.0,156.9199981689453,154.35000610351562,156.35000610351562,145.6376953125,6084000,JPM
2023-08-04,156.39999389648438,157.8000030517578,155.6999969482422,156.02000427246094,145.33030700683594,6209400,JPM
2023-08-07,156.60000610351562,157.6999969482422,156.60000610351562,156.75999450683594,146.01962280273438,7251800,JPM
2023-08-08,154.32000732421875,155.97999572753906,152.58999633789062,155.8800048828125,145.19992065429688,8623400,JPM
2023-08-09,155.32000732421875,155.52000427246094,153.47000122070312,153.7899932861328,143.25311279296875,6277800,JPM
2023-08-10,154.3800048828125,155.44000244140625,153.08999633789062,153.55999755859375,143.03884887695312,5995100,JPM
2023-08-11,153.02999877929688,154.52000427246094,152.6300048828125,154.4499969482422,143.8678741455078,5180700,JPM
2023-08-14,153.61000061035156,154.9199981689453,152.9199981689453,154.77000427246094,144.1659698486328,5044300,JPM
2023-08-15,152.85000610351562,153.27000427246094,150.22999572753906,150.8300018310547,140.4958953857422,10300300,JPM
2023-08-16,150.60000610351562,150.9600067138672,149.67999267578125,150.19000244140625,139.89974975585938,6978200,JPM
2023-08-17,150.8800048828125,151.25999450683594,148.39999389648438,148.6300048828125,138.44664001464844,9953900,JPM
2023-08-18,147.64999389648438,149.5,147.44000244140625,148.97000122070312,138.76333618164062,8517500,JPM
2023-08-21,149.64999389648438,150.10000610351562,148.02000427246094,149.47999572753906,139.23843383789062,8327000,JPM
2023-08-22,149.25999450683594,149.63999938964844,145.85000610351562,146.3800048828125,136.35079956054688,9673300,JPM
2023-08-23,146.35000610351562,147.58999633789062,145.4600067138672,147.3699951171875,137.27296447753906,7858000,JPM
2023-08-24,147.5,149.41000366210938,146.99000549316406,147.22999572753906,137.14254760742188,6534000,JPM
2023-08-25,147.27999877929688,148.6199951171875,145.85000610351562,147.0500030517578,136.97488403320312,6695500,JPM
2023-08-28,147.57000732421875,148.61000061035156,147.1300048828125,147.55999755859375,137.44993591308594,5094100,JPM
2023-08-29,147.7100067138672,148.85000610351562,147.17999267578125,148.75999450683594,138.56771850585938,6337000,JPM
2023-08-30,148.6199951171875,149.14999389648438,147.19000244140625,148.16000366210938,138.00881958007812,6277300,JPM
2023-08-31,148.25999450683594,148.35000610351562,145.9600067138672,146.3300018310547,136.30421447753906,10933900,JPM
2023-09-01,146.08999633789062,148.0800018310547,145.6999969482422,146.82000732421875,136.76065063476562,7903500,JPM
2023-09-05,147.16000366210938,148.2100067138672,145.00999450683594,145.1999969482422,135.2516632080078,7854700,JPM
2023-09-06,144.6999969482422,145.5399932861328,144.11000061035156,144.9600067138672,135.028076171875,8629200,JPM
2023-09-07,144.1300048828125,145.27000427246094,143.38999938964844,143.72000122070312,133.87307739257812,8373700,JPM
2023-09-08,143.3699951171875,144.1199951171875,142.64999389648438,143.8300018310547,133.9755096435547,7107900,JPM
2023-09-11,144.75,145.0500030517578,143.69000244140625,144.4600067138672,134.56234741210938,6854200,JPM
2023-09-12,144.5,147.32000732421875,144.0500030517578,146.33999633789062,136.3135223388672,8363200,JPM
2023-09-13,147.33999633789062,147.6999969482422,145.82000732421875,146.41000366210938,136.37872314453125,8325900,JPM
2023-09-14,147.83999633789062,149.89999389648438,147.52000427246094,149.25,139.024169921875,10034900,JPM
2023-09-15,148.9199981689453,149.72999572753906,148.30999755859375,148.80999755859375,138.61428833007812,19863400,JPM
2023-09-18,148.16000366210938,149.13999938964844,147.75,149.1199951171875,138.90304565429688,6512400,JPM
2023-09-19,149.5,149.72000122070312,147.2100067138672,148.92999267578125,138.72605895996094,7943400,JPM
2023-09-20,149.64999389648438,150.25,148.13999938964844,148.3000030517578,138.13926696777344,7332000,JPM
2023-09-21,147.5800018310547,148.85000610351562,146.6300048828125,147.13999938964844,137.05870056152344,8052400,JPM
2023-09-22,147.2899932861328,147.50999450683594,145.19000244140625,145.72999572753906,135.74533081054688,7071700,JPM
2023-09-25,145.35000610351562,146.52000427246094,143.6999969482422,146.4499969482422,136.41600036621094,7044700,JPM
2023-09-26,144.60000610351562,145.83999633789062,144.22999572753906,144.92999267578125,135.0001220703125,7468400,JPM
2023-09-27,145.19000244140625,146.08999633789062,144.50999450683594,145.77999877929688,135.79190063476562,6717800,JPM
2023-09-28,146.27999877929688,148.8699951171875,146.00999450683594,147.58999633789062,137.4779052734375,8868100,JPM
2023-09-29,148.60000610351562,148.75999450683594,144.86000061035156,145.02000427246094,135.08399963378906,11917800,JPM
2023-10-02,144.8300018310547,145.6199951171875,142.6300048828125,143.77000427246094,133.9196014404297,9170600,JPM
2023-10-03,143.1999969482422,143.58999633789062,142.35000610351562,142.7100067138672,132.93223571777344,9431100,JPM
2023-10-04,143.19000244140625,143.47000122070312,141.92999267578125,143.35000610351562,133.5283966064453,8128700,JPM
2023-10-05,142.0399932861328,143.10000610351562,140.8300018310547,142.89999389648438,134.09141540527344,8576200,JPM
2023-10-06,142.91000366210938,145.8800048828125,142.13999938964844,145.10000610351562,136.1558074951172,10270600,JPM
2023-10-09,143.66000366210938,145.39999389648438,143.5,144.77000427246094,135.84616088867188,6964900,JPM
2023-10-10,145.4199981689453,146.77000427246094,145.27999877929688,145.64999389648438,136.67189025878906,11288800,JPM
2023-10-11,146.50999450683594,147.22999572753906,145.02000427246094,146.14999389648438,137.14108276367188,8698200,JPM
2023-10-12,146.3000030517578,146.9600067138672,145.1300048828125,145.80999755859375,136.82200622558594,10484400,JPM
2023-10-13,148.5,153.11000061035156,147.83999633789062,148.0,138.87701416015625,29427000,JPM
2023-10-16,149.4499969482422,149.52000427246094,146.72000122070312,147.85000610351562,138.73629760742188,12663500,JPM
2023-10-17,147.57000732421875,149.30999755859375,146.7899932861328,147.52999877929688,138.43601989746094,11482700,JPM
2023-10-18,146.58999633789062,147.47999572753906,145.3699951171875,145.91000366210938,136.91587829589844,9620300,JPM
2023-10-19,145.47999572753906,147.02000427246094,144.8800048828125,145.2899932861328,136.33404541015625,11143600,JPM
2023-10-20,144.57000732421875,145.13999938964844,142.1199951171875,142.9499969482422,134.13833618164062,13332900,JPM
2023-10-23,142.94000244140625,143.67999267578125,140.72999572753906,141.0,132.30853271484375,10133400,JPM
2023-10-24,141.19000244140625,141.72999572753906,140.36000061035156,141.1699981689453,132.46804809570312,8881400,JPM
2023-10-25,140.57000732421875,141.17999267578125,139.50999450683594,140.39999389648438,131.74551391601562,8242600,JPM
2023-10-26,139.75999450683594,141.6699981689453,139.42999267578125,140.75999450683594,132.08331298828125,9109400,JPM
2023-10-27,138.9499969482422,139.10000610351562,135.19000244140625,135.69000244140625,127.32584381103516,17434700,JPM
2023-10-30,136.44000244140625,138.0399932861328,136.0399932861328,137.4199981689453,128.94918823242188,9855500,JPM
2023-10-31,137.7100067138672,139.24000549316406,137.47000122070312,139.05999755859375,130.48809814453125,9672500,JPM
2023-11-01,139.25,140.52999877929688,138.47000122070312,138.94000244140625,130.37551879882812,9432000,JPM
2023-11-02,140.08999633789062,141.47999572753906,139.22999572753906,141.4199981689453,132.70266723632812,10186200,JPM
2023-11-03,142.19000244140625,143.77000427246094,141.85000610351562,143.0,134.18524169921875,9538700,JPM
2023-11-06,143.1699981689453,144.19000244140625,142.7899932861328,144.0800018310547,135.19866943359375,7625100,JPM
2023-11-07,143.50999450683594,144.25999450683594,142.82000732421875,144.00999450683594,135.13296508789062,6297900,JPM
2023-11-08,144.11000061035156,144.83999633789062,143.6199951171875,144.72000122070312,135.7992706298828,7618200,JPM
2023-11-09,145.44000244140625,145.64999389648438,143.6999969482422,144.2899932861328,135.39572143554688,7992500,JPM
2023-11-10,144.94000244140625,146.47999572753906,144.0800018310547,146.42999267578125,137.40382385253906,7983300,JPM
2023-11-13,145.6999969482422,146.25,145.16000366210938,145.77999877929688,136.79388427734375,6676300,JPM
2023-11-14,146.67999267578125,149.25,146.52000427246094,148.44000244140625,139.28994750976562,9927700,JPM
2023-11-15,148.4600067138672,150.16000366210938,148.4600067138672,149.74000549316406,140.50979614257812,8365300,JPM
2023-11-16,150.08999633789062,151.52999877929688,150.08999633789062,151.4499969482422,142.11436462402344,8126200,JPM
2023-11-17,152.1999969482422,152.86000061035156,151.5399932861328,152.82000732421875,143.39991760253906,7812400,JPM
2023-11-20,152.0800018310547,153.75,151.9199981689453,153.2899932861328,143.8409423828125,7019000,JPM
2023-11-21,153.1999969482422,153.6300048828125,152.57000732421875,152.97000122070312,143.54067993164062,7083500,JPM
2023-11-22,153.41000366210938,153.8800048828125,152.89999389648438,153.3300018310547,143.87850952148438,5174500,JPM
2023-11-24,153.58999633789062,154.44000244140625,153.27999877929688,153.5399932861328,144.0755157470703,3496900,JPM
2023-11-27,153.42999267578125,153.52999877929688,152.7100067138672,153.19000244140625,143.74713134765625,6259100,JPM
2023-11-28,153.22000122070312,153.8699951171875,152.72000122070312,153.5399932861328,144.0755157470703,6582700,JPM
2023-11-29,154.1699981689453,155.6300048828125,154.0,154.32000732421875,144.8074951171875,9126100,JPM
2023-11-30,154.91000366210938,156.1300048828125,154.3800048828125,156.0800018310547,146.4589385986328,9869800,JPM
2023-12-01,155.82000732421875,157.86000061035156,155.82000732421875,156.83999633789062,147.172119140625,8916000,JPM
2023-12-04,156.02000427246094,158.0500030517578,155.8800048828125,157.99000549316406,148.25123596191406,9607500,JPM
2023-12-05,157.25999450683594,158.5,156.97000122070312,157.97000122070312,148.23248291015625,9135600,JPM
2023-12-06,158.83999633789062,159.22000122070312,156.0,156.30999755859375,146.6748046875,9366000,JPM
2023-12-07,156.69000244140625,157.30999755859375,156.14999389648438,156.7899932861328,147.12521362304688,8130900,JPM
2023-12-08,157.25999450683594,158.77999877929688,156.97999572753906,158.52000427246094,148.74853515625,7369400,JPM
2023-12-11,158.52000427246094,159.3000030517578,158.14999389648438,159.10000610351562,149.29283142089844,8093900,JPM
2023-12-12,159.22999572753906,160.64999389648438,158.8800048828125,160.52000427246094,150.6252899169922,10223000,JPM
2023-12-13,160.52000427246094,162.02999877929688,159.77000427246094,161.05999755859375,151.1320037841797,12379100,JPM
2023-12-14,161.8300018310547,164.83999633789062,161.7100067138672,163.99000549316406,153.88140869140625,13643000,JPM
2023-12-15,163.0800018310547,165.27999877929688,162.38999938964844,165.22999572753906,155.0449676513672,20309300,JPM
2023-12-18,165.9199981689453,167.1300048828125,165.6300048828125,166.22999572753906,155.9833221435547,8469600,JPM
2023-12-19,166.0,168.47000122070312,165.5500030517578,168.4499969482422,158.0664520263672,10345700,JPM
2023-12-20,167.99000549316406,169.41000366210938,166.4499969482422,166.5500030517578,156.2835693359375,10734700,JPM
2023-12-21,166.83999633789062,168.08999633789062,165.67999267578125,167.5,157.1750030517578,7601700,JPM
2023-12-22,167.5,168.22999572753906,167.22999572753906,167.39999389648438,157.08120727539062,6576300,JPM
2023-12-26,167.4600067138672,168.77000427246094,167.17999267578125,168.38999938964844,158.0101318359375,4683600,JPM
2023-12-27,167.83999633789062,169.47000122070312,167.5800018310547,169.39999389648438,158.95790100097656,6428600,JPM
2023-12-28,169.35000610351562,170.66000366210938,169.0,170.3000030517578,159.80242919921875,6320100,JPM
2023-12-29,170.0,170.69000244140625,169.6300048828125,170.10000610351562,159.61473083496094,6435100,JPM
2024-01-02,169.08999633789062,172.1699981689453,168.91000366210938,172.0800018310547,161.4727325439453,9977400,JPM
2024-01-03,171.86000061035156,172.0399932861328,170.3699951171875,171.3300018310547,160.76895141601562,9852300,JPM
2024-01-04,170.63999938964844,173.35000610351562,170.5399932861328,171.41000366210938,161.8358154296875,11972500,JPM
2024-01-05,171.47000122070312,173.3800048828125,171.47000122070312,172.27000427246094,162.64779663085938,10066000,JPM
2024-01-08,172.02000427246094,172.36000061035156,169.49000549316406,172.02000427246094,162.41177368164062,11229900,JPM
2024-01-09,171.6199951171875,171.7899932861328,170.10000610351562,170.66000366210938,161.12771606445312,9923600,JPM
2024-01-10,170.0,171.0800018310547,168.9499969482422,171.02000427246094,161.46762084960938,9670200,JPM
2024-01-11,170.3300018310547,170.36000061035156,168.63999938964844,170.3000030517578,160.78782653808594,11919500,JPM
2024-01-12,173.8000030517578,176.30999755859375,168.89999389648438,169.0500030517578,159.6076202392578,19436500,JPM
2024-01-16,164.8699951171875,168.08999633789062,164.3000030517578,167.99000549316406,158.60684204101562,17206400,JPM
2024-01-17,167.33999633789062,169.07000732421875,166.49000549316406,167.08999633789062,157.7571258544922,11107500,JPM
2024-01-18,167.1199951171875,167.52999877929688,165.24000549316406,167.4199981689453,158.06871032714844,9382300,JPM
2024-01-19,167.5500030517578,170.57000732421875,167.0800018310547,170.30999755859375,160.79727172851562,13115700,JPM
2024-01-22,170.4600067138672,171.97999572753906,169.7100067138672,170.11000061035156,160.60845947265625,12837500,JPM
2024-01-23,169.6699981689453,169.75,168.44000244140625,168.99000549316406,159.55099487304688,8360800,JPM
2024-01-24,169.36000061035156,171.00999450683594,168.86000061035156,170.5,160.97666931152344,9967100,JPM
2024-01-25,172.30999755859375,172.99000549316406,170.91000366210938,172.94000244140625,163.2803955078125,8873500,JPM
2024-01-26,172.61000061035156,173.05999755859375,171.77999877929688,172.27999877929688,162.65724182128906,7443000,JPM
2024-01-29,172.24000549316406,172.83999633789062,171.3000030517578,172.72999572753906,163.0821075439453,6971200,JPM
2024-01-30,172.8300018310547,176.75999450683594,172.8300018310547,176.27000427246094,166.42437744140625,10822100,JPM
2024-01-31,176.1999969482422,178.3000030517578,174.33999633789062,174.36000061035156,164.6210479736328,11521800,JPM
2024-02-01,173.63999938964844,174.83999633789062,171.42999267578125,173.72999572753906,164.0262451171875,9354800,JPM
2024-02-02,173.3000030517578,175.82000732421875,173.25999450683594,174.72999572753906,164.97039794921875,8607600,JPM
2024-02-05,173.86000061035156,175.08999633789062,172.9199981689453,174.5,164.7532196044922,7820200,JPM
2024-02-06,174.61000061035156,175.8699951171875,173.75999450683594,175.10000610351562,165.31971740722656,6764800,JPM
2024-02-07,175.69000244140625,175.8699951171875,173.9600067138672,175.42999267578125,165.6312713623047,7225500,JPM
2024-02-08,175.0,175.30999755859375,173.57000732421875,174.8000030517578,165.03651428222656,6060300,JPM
2024-02-09,175.0,175.10000610351562,173.6699981689453,175.00999450683594,165.23472595214844,6296700,JPM
2024-02-12,174.77999877929688,176.80999755859375,173.6999969482422,175.7899932861328,165.97117614746094,8539300,JPM
2024-02-13,175.32000732421875,176.22999572753906,172.6199951171875,174.25999450683594,164.52662658691406,8397600,JPM
2024-02-14,175.07000732421875,176.10000610351562,174.4199981689453,176.02999877929688,166.19776916503906,7056700,JPM
2024-02-15,176.14999389648438,180.2100067138672,176.14999389648438,179.8699951171875,169.8232879638672,8723400,JPM
2024-02-16,179.61000061035156,179.97999572753906,178.16000366210938,179.02999877929688,169.0301971435547,8152600,JPM
2024-02-20,179.19000244140625,180.4600067138672,178.41000366210938,179.72999572753906,169.6910858154297,9668000,JPM
2024-02-21,179.9499969482422,180.99000549316406,178.52000427246094,180.89999389648438,170.79574584960938,7024000,JPM
2024-02-22,181.82000732421875,183.4199981689453,181.24000549316406,183.07000732421875,172.8445587158203,9296500,JPM
2024-02-23,183.80999755859375,185.1999969482422,183.19000244140625,183.99000549316406,173.7131805419922,7105800,JPM
2024-02-26,183.75,184.4600067138672,182.47999572753906,183.36000061035156,173.11834716796875,7145400,JPM
2024-02-27,183.30999755859375,183.5399932861328,182.24000549316406,183.4499969482422,173.2032928466797,5717100,JPM
2024-02-28,183.42999267578125,185.1999969482422,182.9600067138672,184.3800048828125,174.0813751220703,6131600,JPM
2024-02-29,185.66000366210938,186.42999267578125,183.85000610351562,186.05999755859375,175.66754150390625,9643000,JPM
2024-03-01,185.6999969482422,186.44000244140625,185.10000610351562,185.2899932861328,174.94056701660156,6311800,JPM
2024-03-04,184.7100067138672,187.58999633789062,184.27000427246094,186.67999267578125,176.2529296875,7063600,JPM
2024-03-05,186.36000061035156,189.3000030517578,186.36000061035156,188.5500030517578,178.01846313476562,6617800,JPM
2024-03-06,189.25,190.07000732421875,187.6300048828125,189.52999877929688,178.94371032714844,7572900,JPM
2024-03-07,189.91000366210938,190.5,186.6300048828125,187.8699951171875,177.37646484375,7618300,JPM
2024-03-08,188.44000244140625,190.4600067138672,187.9199981689453,188.22000122070312,177.70689392089844,6172200,JPM
2024-03-11,187.27999877929688,188.44000244140625,186.22000122070312,188.2899932861328,177.77296447753906,5762600,JPM
2024-03-12,188.9499969482422,190.16000366210938,187.91000366210938,189.83999633789062,179.23638916015625,5708400,JPM
2024-03-13,190.36000061035156,191.72999572753906,189.83999633789062,191.3800048828125,180.69039916992188,7795500,JPM
2024-03-14,191.02999877929688,191.6300048828125,187.10000610351562,187.97000122070312,177.47088623046875,10310900,JPM
2024-03-15,186.47999572753906,190.94000244140625,186.47999572753906,190.3000030517578,179.67071533203125,17214200,JPM
2024-03-18,190.6300048828125,192.6999969482422,189.88999938964844,192.66000366210938,181.89889526367188,9013800,JPM
2024-03-19,192.7100067138672,193.92999267578125,192.3800048828125,193.7899932861328,182.96578979492188,8478700,JPM
2024-03-20,194.19000244140625,196.55999755859375,193.61000061035156,196.3300018310547,185.3639373779297,9367000,JPM
2024-03-21,196.52000427246094,199.42999267578125,196.3300018310547,199.05999755859375,187.94142150878906,11203800,JPM
2024-03-22,199.00999450683594,200.47999572753906,196.5399932861328,196.6199951171875,185.6376953125,8108800,JPM
2024-03-25,196.60000610351562,196.94000244140625,194.36000061035156,194.82000732421875,183.93826293945312,8620000,JPM
2024-03-26,194.58999633789062,196.66000366210938,194.05999755859375,195.72999572753906,184.79742431640625,5961500,JPM
2024-03-27,196.5,199.60000610351562,196.3800048828125,199.52000427246094,188.37574768066406,8725800,JPM
2024-03-28,199.49000549316406,200.72000122070312,198.5399932861328,200.3000030517578,189.11216735839844,8628300,JPM
2024-04-01,199.99000549316406,200.94000244140625,198.57000732421875,198.94000244140625,187.82814025878906,7309000,JPM
2024-04-02,198.38999938964844,199.77999877929688,198.0800018310547,198.86000061035156,187.7526092529297,7014700,JPM
2024-04-03,199.0399932861328,199.55999755859375,197.6999969482422,198.3000030517578,187.22389221191406,9353400,JPM
2024-04-04,199.14999389648438,199.67999267578125,195.5500030517578,195.64999389648438,185.79940795898438,9243800,JPM
2024-04-05,196.16000366210938,198.1199951171875,195.11000061035156,197.4499969482422,187.50875854492188,6532300,JPM
2024-04-08,197.6199951171875,198.97999572753906,197.6199951171875,198.47999572753906,188.4868927001953,8001000,JPM
2024-04-09,198.07000732421875,198.8800048828125,194.91000366210938,197.14999389648438,187.223876953125,7351500,JPM
2024-04-10,195.5500030517578,197.07000732421875,194.17999267578125,195.47000122070312,185.6284637451172,7681400,JPM
2024-04-11,196.0,196.57000732421875,193.24000549316406,195.42999267578125,185.59048461914062,10137700,JPM
2024-04-12,188.32000732421875,188.92999267578125,182.5399932861328,182.7899932861328,173.58688354492188,31532300,JPM
2024-04-15,184.5,187.4600067138672,182.1999969482422,182.88999938964844,173.6818389892578,14766600,JPM
2024-04-16,182.89999389648438,183.16000366210938,179.64999389648438,180.8000030517578,171.69708251953125,16451800,JPM
2024-04-17,181.3699951171875,182.4199981689453,179.1999969482422,180.0800018310547,171.01333618164062,9017100,JPM
2024-04-18,181.10000610351562,183.36000061035156,179.97000122070312,181.25,172.1243896484375,9557700,JPM
2024-04-19,182.39999389648438,185.8800048828125,181.41000366210938,185.8000030517578,176.4453125,13402300,JPM
2024-04-22,185.99000549316406,190.1300048828125,185.97999572753906,189.41000366210938,179.8735809326172,11529700,JPM
2024-04-23,191.1300048828125,192.22999572753906,190.52000427246094,192.13999938964844,182.4661102294922,9144400,JPM
2024-04-24,190.52999877929688,193.22999572753906,190.1699981689453,193.0800018310547,183.3587646484375,6964900,JPM
2024-04-25,192.25,193.94000244140625,191.17999267578125,193.3699951171875,183.63418579101562,9802300,JPM
2024-04-26,193.57000732421875,194.8699951171875,193.05999755859375,193.49000549316406,183.7481689453125,6413700,JPM
2024-04-29,193.47999572753906,194.25999450683594,192.42999267578125,193.27999877929688,183.5487518310547,5387800,JPM
2024-04-30,192.80999755859375,194.99000549316406,191.63999938964844,191.74000549316406,182.08627319335938,8153700,JPM
2024-05-01,192.27000427246094,194.4600067138672,190.7899932861328,191.86000061035156,182.20021057128906,7445300,JPM
2024-05-02,193.07000732421875,193.5,189.52000427246094,191.66000366210938,182.0102996826172,6501700,JPM
2024-05-03,192.0,192.52999877929688,188.4600067138672,190.50999450683594,180.91818237304688,8922800,JPM
2024-05-06,191.72999572753906,192.1999969482422,189.82000732421875,192.0,182.33316040039062,7911100,JPM
2024-05-07,191.6999969482422,192.92999267578125,191.64999389648438,191.75,182.0957489013672,7688800,JPM
2024-05-08,191.0,196.64999389648438,191.0,195.64999389648438,185.79940795898438,9227600,JPM
2024-05-09,195.1699981689453,197.58999633789062,195.10000610351562,197.5,187.55625915527344,7977300,JPM
2024-05-10,198.5399932861328,199.33999633789062,198.27000427246094,198.77000427246094,188.7623291015625,7529800,JPM
2024-05-13,198.8000030517578,199.85000610351562,198.0399932861328,198.72999572753906,188.7243194580078,7049200,JPM
2024-05-14,199.0,201.5800018310547,198.16000366210938,201.50999450683594,191.36436462402344,8596200,JPM
2024-05-15,202.00999450683594,202.69000244140625,199.77000427246094,202.11000061035156,191.9341583251953,8370000,JPM
2024-05-16,202.22000122070312,204.47999572753906,201.99000549316406,202.47000122070312,192.2760467529297,8497900,JPM
2024-05-17,203.80999755859375,205.0500030517578,202.80999755859375,204.7899932861328,194.4792022705078,9260500,JPM
2024-05-20,204.38999938964844,205.8800048828125,195.39999389648438,195.5800018310547,185.73291015625,17373300,JPM
2024-05-21,197.0,199.89999389648438,196.60000610351562,199.52000427246094,189.47454833984375,14420800,JPM
2024-05-22,199.0,200.94000244140625,197.69000244140625,198.30999755859375,188.32546997070312,9425300,JPM
2024-05-23,197.80999755859375,198.3000030517578,196.07000732421875,196.9199981689453,187.0054473876953,8069400,JPM
2024-05-24,197.75,200.75999450683594,197.55999755859375,200.7100067138672,190.60464477539062,7356200,JPM
2024-05-28,199.86000061035156,200.41000366210938,198.66000366210938,199.5,189.45556640625,6910200,JPM
2024-05-29,198.0,198.99000549316406,196.88999938964844,198.11000061035156,188.13552856445312,6120000,JPM
2024-05-30,198.55999755859375,199.85000610351562,198.39999389648438,199.3300018310547,189.29412841796875,6829100,JPM
2024-05-31,199.3000030517578,203.3000030517578,198.35000610351562,202.6300048828125,192.42796325683594,14417900,JPM
2024-06-03,202.30999755859375,202.4199981689453,199.19000244140625,201.82000732421875,191.6587371826172,6444300,JPM
2024-06-04,200.16000366210938,201.97999572753906,198.27999877929688,199.16000366210938,189.13267517089844,6848300,JPM
2024-06-05,199.75999450683594,199.82000732421875,196.9199981689453,197.25999450683594,187.3283233642578,8351600,JPM
2024-06-06,197.25999450683594,198.02000427246094,195.3300018310547,196.91000366210938,186.99594116210938,7640300,JPM
2024-06-07,197.42999267578125,200.9199981689453,197.00999450683594,199.9499969482422,189.8828887939453,6964500,JPM
2024-06-10,199.24000549316406,200.83999633789062,198.44000244140625,199.61000061035156,189.56002807617188,6070800,JPM
2024-06-11,197.91000366210938,197.94000244140625,193.60000610351562,194.36000061035156,184.5743408203125,9235300,JPM
2024-06-12,196.0,196.72000122070312,191.30999755859375,191.52999877929688,181.88682556152344,12751300,JPM
2024-06-13,192.32000732421875,194.5800018310547,190.8800048828125,193.66000366210938,183.9095916748047,8587800,JPM
2024-06-14,191.4499969482422,194.86000061035156,191.4199981689453,193.77999877929688,184.02352905273438,6874000,JPM
2024-06-17,193.47999572753906,195.5800018310547,192.63999938964844,194.97999572753906,185.1631317138672,8725400,JPM
2024-06-18,194.60000610351562,197.9600067138672,194.1300048828125,197.0,187.0814208984375,9023000,JPM
2024-06-20,196.38999938964844,199.4499969482422,196.11000061035156,198.6699981689453,188.66734313964844,8731100,JPM
2024-06-21,196.7100067138672,197.1699981689453,194.22000122070312,196.3000030517578,186.41668701171875,20972100,JPM
2024-06-24,197.80999755859375,199.22999572753906,197.10000610351562,198.8800048828125,188.86679077148438,9785900,JPM
2024-06-25,198.08999633789062,200.07000732421875,197.74000549316406,198.07000732421875,188.09756469726562,6862500,JPM
2024-06-26,197.4499969482422,197.94000244140625,196.27999877929688,197.42999267578125,187.48977661132812,7758600,JPM
2024-06-27,197.44000244140625,199.86000061035156,196.89999389648438,199.1699981689453,189.1421661376953,7913500,JPM
2024-06-28,200.00999450683594,202.60000610351562,199.3000030517578,202.25999450683594,192.0765838623047,15307600,JPM
2024-07-01,202.83999633789062,207.08999633789062,202.66000366210938,205.4499969482422,195.10598754882812,10205800,JPM
2024-07-02,205.2899932861328,208.86000061035156,204.77000427246094,208.8300018310547,198.31582641601562,7802900,JPM
2024-07-03,209.5500030517578,210.3800048828125,207.64999389648438,208.69000244140625,198.182861328125,5560900,JPM
2024-07-05,206.99000549316406,207.3699951171875,204.52000427246094,204.7899932861328,195.5568389892578,8093100,JPM
2024-07-08,205.0399932861328,206.89999389648438,203.97000122070312,205.1699981689453,195.91969299316406,8707000,JPM
2024-07-09,205.6300048828125,209.75999450683594,205.4499969482422,207.6300048828125,198.26881408691406,9058900,JPM
2024-07-10,206.13999938964844,207.97000122070312,205.5800018310547,207.8000030517578,198.43113708496094,8328500,JPM
2024-07-11,206.2100067138672,208.10000610351562,205.3800048828125,207.4499969482422,198.09690856933594,10658100,JPM
2024-07-12,204.0,207.4499969482422,202.10000610351562,204.94000244140625,195.70010375976562,15443400,JPM
2024-07-15,207.19000244140625,211.61000061035156,206.72000122070312,210.0500030517578,200.57969665527344,10719700,JPM
2024-07-16,210.0,213.74000549316406,208.0800018310547,213.6199951171875,203.9887237548828,11557000,JPM
2024-07-17,213.8000030517578,217.55999755859375,213.27000427246094,216.8699951171875,207.09217834472656,11572500,JPM
2024-07-18,215.6300048828125,216.63999938964844,209.24000549316406,209.97999572753906,200.51283264160156,12415100,JPM
2024-07-19,211.1999969482422,212.35000610351562,208.9199981689453,209.77999877929688,200.32186889648438,8095900,JPM
2024-07-22,210.4600067138672,212.1699981689453,209.7100067138672,210.27999877929688,200.79933166503906,7663200,JPM
2024-07-23,211.02000427246094,211.47999572753906,209.35000610351562,210.3300018310547,200.84707641601562,5557300,JPM
2024-07-24,209.5500030517578,212.02999877929688,208.07000732421875,208.58999633789062,199.1855010986328,7119000,JPM
2024-07-25,208.64999389648438,210.19000244140625,208.0500030517578,208.6699981689453,199.26190185546875,6403800,JPM
2024-07-26,209.24000549316406,213.16000366210938,208.6199951171875,212.24000549316406,202.67095947265625,8027800,JPM
2024-07-29,212.64999389648438,213.61000061035156,210.5500030517578,210.85000610351562,201.34365844726562,6533600,JPM
2024-07-30,213.22999572753906,215.7899932861328,212.9600067138672,215.19000244140625,205.4879608154297,8850700,JPM
2024-07-31,214.77999877929688,216.38999938964844,212.6699981689453,212.8000030517578,203.2057342529297,9071600,JPM
2024-08-01,213.1999969482422,213.8300018310547,206.3800048828125,207.9600067138672,198.5839385986328,10918600,JPM
2024-08-02,203.8800048828125,204.6699981689453,196.88999938964844,199.13999938964844,190.1615753173828,18041700,JPM
2024-08-05,194.0500030517578,196.1699981689453,190.89999389648438,194.89999389648438,186.1127471923828,13927000,JPM
2024-08-06,195.39999389648438,202.60000610351562,194.0,200.33999633789062,191.30747985839844,10605800,JPM
2024-08-07,203.50999450683594,205.75,200.1999969482422,200.39999389648438,191.36476135253906,9204400,JPM
2024-08-08,202.47000122070312,204.91000366210938,201.7899932861328,204.05999755859375,194.85975646972656,7761200,JPM
2024-08-09,203.47000122070312,206.47000122070312,202.89999389648438,205.8000030517578,196.5212860107422,5540200,JPM
2024-08-12,206.41000366210938,207.13999938964844,203.66000366210938,206.19000244140625,196.89370727539062,6936000,JPM
2024-08-13,207.72999572753906,208.08999633789062,205.39999389648438,207.94000244140625,198.5648193359375,6387800,JPM
2024-08-14,207.74000549316406,210.75999450683594,207.1199951171875,210.24000549316406,200.76116943359375,6999800,JPM
2024-08-15,213.0,213.88999938964844,211.10000610351562,211.5500030517578,202.01206970214844,7001000,JPM
2024-08-16,211.69000244140625,214.08999633789062,211.58999633789062,213.97000122070312,204.3229522705078,7931200,JPM
2024-08-19,214.0,215.52999877929688,213.82000732421875,215.4499969482422,205.73622131347656,6090800,JPM
2024-08-20,215.0,216.0,213.67999267578125,214.52000427246094,204.84817504882812,5640000,JPM
2024-08-21,214.42999267578125,215.0,212.83999633789062,214.60000610351562,204.924560546875,5202300,JPM
2024-08-22,214.5800018310547,216.8000030517578,214.33999633789062,216.6300048828125,206.86302185058594,5247100,JPM
2024-08-23,217.60000610351562,219.19000244140625,216.5,218.30999755859375,208.46726989746094,7214000,JPM
2024-08-26,219.00999450683594,219.67999267578125,218.0500030517578,219.1699981689453,209.28851318359375,5105200,JPM
2024-08-27,219.50999450683594,220.4199981689453,219.19000244140625,220.17999267578125,210.2529754638672,5185200,JPM
2024-08-28,219.25,222.2100067138672,219.19000244140625,221.2899932861328,211.3129425048828,6506400,JPM
2024-08-29,222.14999389648438,222.97999572753906,218.94000244140625,222.2100067138672,212.19143676757812,6416100,JPM
2024-08-30,222.5,225.47999572753906,221.92999267578125,224.8000030517578,214.66468811035156,8574100,JPM
2024-09-03,222.3000030517578,224.10000610351562,219.24000549316406,220.3000030517578,210.3675537109375,8956100,JPM
2024-09-04,221.0399932861328,222.07000732421875,217.2100067138672,219.3300018310547,209.4412841796875,7389500,JPM
2024-09-05,220.14999389648438,220.8000030517578,216.02999877929688,217.6300048828125,207.8179473876953,8067900,JPM
2024-09-06,217.60000610351562,218.74000549316406,211.08999633789062,212.4600067138672,202.88104248046875,7777000,JPM
2024-09-09,215.19000244140625,218.14999389648438,214.17999267578125,216.80999755859375,207.03489685058594,8935100,JPM
2024-09-10,218.60000610351562,218.63999938964844,200.61000061035156,205.55999755859375,196.2921600341797,28406900,JPM
2024-09-11,205.25,207.6999969482422,201.8300018310547,207.22999572753906,197.8868408203125,13658700,JPM
2024-09-12,207.64999389648438,208.77999877929688,204.88999938964844,206.60000610351562,197.28524780273438,9054400,JPM
2024-09-13,206.86000061035156,207.85000610351562,203.02000427246094,204.32000732421875,195.10804748535156,10226700,JPM
2024-09-16,205.8300018310547,208.2100067138672,205.58999633789062,207.86000061035156,198.4884490966797,8634900,JPM
2024-09-17,207.72999572753906,209.92999267578125,207.66000366210938,209.25,199.8157958984375,7573300,JPM
2024-09-18,209.00999450683594,211.33999633789062,206.6999969482422,207.52999877929688,198.17330932617188,8259900,JPM
2024-09-19,209.77999877929688,211.91000366210938,207.33999633789062,210.47999572753906,200.99029541015625,11635200,JPM
2024-09-20,209.92999267578125,211.4199981689453,209.5,211.08999633789062,201.5727996826172,20885000,JPM
2024-09-23,211.0,211.8000030517578,209.99000549316406,211.44000244140625,201.90704345703125,7223500,JPM
2024-09-24,211.14999389648438,212.9499969482422,210.3699951171875,211.58999633789062,202.0502471923828,7323200,JPM
2024-09-25,211.67999267578125,212.24000549316406,208.61000061035156,210.19000244140625,200.71339416503906,8976500,JPM
2024-09-26,211.1300048828125,211.6999969482422,209.00999450683594,209.77999877929688,200.32186889648438,7807500,JPM
2024-09-27,210.64999389648438,212.44000244140625,209.3300018310547,210.5,201.00941467285156,7032500,JPM
2024-09-30,206.30999755859375,210.9600067138672,205.25999450683594,210.86000061035156,201.35317993164062,8663800,JPM
2024-10-01,208.89999389648438,209.08999633789062,206.19000244140625,207.0399932861328,197.7053985595703,8540100,JPM
2024-10-02,207.0800018310547,208.9499969482422,205.69000244140625,207.2899932861328,197.94412231445312,5810900,JPM
2024-10-03,206.1699981689453,206.49000549316406,204.33999633789062,205.22999572753906,195.9770050048828,7251300,JPM
2024-10-04,209.3000030517578,211.6699981689453,206.91000366210938,211.22000122070312,202.9329376220703,10211700,JPM
2024-10-07,211.02999877929688,213.3300018310547,209.69000244140625,210.92999267578125,202.65432739257812,6718900,JPM
2024-10-08,210.5800018310547,211.3300018310547,208.3800048828125,210.75,202.4813995361328,6021800,JPM
2024-10-09,209.6999969482422,214.24000549316406,209.3800048828125,213.4199981689453,205.04661560058594,7024000,JPM
2024-10-10,214.80999755859375,214.80999755859375,211.47000122070312,212.83999633789062,204.48936462402344,7927100,JPM
2024-10-11,215.6699981689453,224.6300048828125,215.16000366210938,222.2899932861328,213.56861877441406,18320700,JPM
2024-10-14,223.1999969482422,223.6999969482422,218.8800048828125,221.47999572753906,212.79039001464844,9048900,JPM
2024-10-15,223.66000366210938,225.4499969482422,221.82000732421875,222.38999938964844,213.66468811035156,9235800,JPM
2024-10-16,222.3300018310547,223.67999267578125,221.0399932861328,223.63999938964844,214.86566162109375,6382500,JPM
2024-10-17,224.27000427246094,225.85000610351562,223.30999755859375,224.4199981689453,215.6150665283203,6470200,JPM
2024-10-18,225.0,225.9199981689453,223.10000610351562,225.3699951171875,216.5277862548828,7000500,JPM
2024-10-21,225.22000122070312,225.6999969482422,222.89999389648438,223.0,214.2507781982422,5870000,JPM
2024-10-22,223.02000427246094,225.27999877929688,221.10000610351562,224.1199951171875,215.32681274414062,9586800,JPM
2024-10-23,223.66000366210938,224.8000030517578,222.52999877929688,223.41000366210938,214.6446990966797,6180500,JPM
2024-10-24,221.8300018310547,225.05999755859375,221.66000366210938,224.97999572753906,216.153076171875,6002200,JPM
2024-10-25,225.0,225.6199951171875,220.8800048828125,222.30999755859375,213.58782958984375,6369700,JPM
2024-10-28,223.35000610351562,225.63999938964844,222.9499969482422,225.5,216.65269470214844,6843000,JPM
2024-10-29,225.2100067138672,226.75,222.80999755859375,222.89999389648438,214.15469360351562,6580000,JPM
2024-10-30,222.5399932861328,226.30999755859375,221.5800018310547,224.41000366210938,215.60546875,7110900,JPM
2024-10-31,224.6999969482422,225.69000244140625,221.82000732421875,221.9199981689453,213.213134765625,7829900,JPM
2024-11-01,223.55999755859375,226.14999389648438,222.6999969482422,222.94000244140625,214.193115234375,6923500,JPM
2024-11-04,222.64999389648438,223.75999450683594,219.1699981689453,219.77999877929688,211.1571044921875,8229600,JPM
2024-11-05,220.02999877929688,221.9600067138672,220.0,221.49000549316406,212.80001831054688,5600700,JPM
2024-11-06,235.0,248.0,234.77000427246094,247.05999755859375,237.36679077148438,23987800,JPM
2024-11-07,244.5,244.57000732421875,235.22000122070312,236.3800048828125,227.10581970214844,16451100,JPM
2024-11-08,239.33999633789062,239.33999633789062,235.77999877929688,236.97999572753906,227.68226623535156,9502100,JPM
2024-11-11,240.0,242.10000610351562,239.0,239.2899932861328,229.90164184570312,9017100,JPM
2024-11-12,240.5500030517578,241.4600067138672,238.75999450683594,239.55999755859375,230.1610565185547,6861000,JPM
2024-11-13,240.5800018310547,244.08999633789062,240.30999755859375,241.16000366210938,231.6982879638672,11472600,JPM
2024-11-14,242.4199981689453,244.2899932861328,241.0500030517578,241.8699951171875,232.38040161132812,10172200,JPM
2024-11-15,241.4600067138672,246.4199981689453,241.4600067138672,245.30999755859375,235.6854705810547,11518800,JPM
2024-11-18,247.75999450683594,247.92999267578125,242.67999267578125,245.02999877929688,235.4164276123047,9051400,JPM
2024-11-19,242.25,245.14999389648438,241.5500030517578,243.08999633789062,233.5525360107422,6792700,JPM
2024-11-20,244.39999389648438,244.61000061035156,238.63999938964844,240.77999877929688,231.33319091796875,9015300,JPM
2024-11-21,243.22999572753906,245.49000549316406,242.11000061035156,244.75999450683594,235.15701293945312,8783500,JPM
2024-11-22,243.61000061035156,249.14999389648438,243.02999877929688,248.5500030517578,238.79833984375,7997300,JPM
2024-11-25,249.58999633789062,254.30999755859375,249.05999755859375,250.2899932861328,240.4700469970703,10295400,JPM
2024-11-26,250.49000549316406,251.0,248.33999633789062,249.97000122070312,240.1626434326172,6212100,JPM
2024-11-27,249.35000610351562,251.19000244140625,248.77000427246094,249.7899932861328,239.9896697998047,5472300,JPM
2024-11-29,249.86000061035156,251.77000427246094,249.4499969482422,249.72000122070312,239.9224395751953,5494800,JPM
2024-12-02,249.5500030517578,250.25,245.02999877929688,246.25,236.58856201171875,8899700,JPM
2024-12-03,248.22999572753906,249.0399932861328,244.6300048828125,244.82000732421875,235.21469116210938,6657700,JPM
2024-12-04,244.6999969482422,245.35000610351562,242.22999572753906,243.39999389648438,233.8503875732422,7346300,JPM
2024-12-05,245.38999938964844,247.17999267578125,244.6199951171875,245.47999572753906,235.84878540039062,6572500,JPM
2024-12-06,245.6999969482422,247.74000549316406,244.83999633789062,247.36000061035156,237.655029296875,5519700,JPM
2024-12-09,247.1300048828125,247.8699951171875,243.75999450683594,243.80999755859375,234.2443084716797,7076500,JPM
2024-12-10,243.88999938964844,247.9600067138672,242.22000122070312,242.86000061035156,233.3315887451172,9108300,JPM
2024-12-11,244.0,244.27000427246094,242.17999267578125,243.52999877929688,233.9752960205078,7884400,JPM
2024-12-12,243.0,244.10000610351562,241.0399932861328,241.52999877929688,232.0537567138672,6113800,JPM
2024-12-13,242.07000732421875,242.72000122070312,239.13999938964844,239.94000244140625,230.52615356445312,10392700,JPM
2024-12-16,240.61000061035156,240.6699981689453,237.52000427246094,239.5800018310547,230.18026733398438,9032000,JPM
2024-12-17,238.64999389648438,239.02000427246094,236.6300048828125,238.36000061035156,229.00814819335938,8083600,JPM
2024-12-18,239.0,239.07000732421875,229.52999877929688,230.3699951171875,221.33160400390625,11322400,JPM
2024-12-19,232.27000427246094,236.36000061035156,232.27000427246094,232.9600067138672,223.82000732421875,11790800,JPM
2024-12-20,231.9199981689453,239.2100067138672,231.58999633789062,237.60000610351562,228.27793884277344,32348400,JPM
2024-12-23,236.07000732421875,238.6199951171875,234.8800048828125,238.38999938964844,229.03695678710938,8611500,JPM
2024-12-24,239.42999267578125,242.49000549316406,239.07000732421875,242.30999755859375,232.80316162109375,3729100,JPM
2024-12-26,241.42999267578125,243.25999450683594,240.7899932861328,243.13999938964844,233.60060119628906,4451800,JPM
2024-12-27,242.72000122070312,243.38999938964844,240.0399932861328,241.1699981689453,231.7078857421875,5730200,JPM
2024-12-30,238.77000427246094,240.83999633789062,237.11000061035156,239.32000732421875,229.93048095703125,5723800,JPM
2024-12-31,240.0500030517578,241.44000244140625,239.02999877929688,239.7100067138672,230.30519104003906,4871000,JPM
2025-01-02,240.9199981689453,243.27999877929688,239.4499969482422,240.0,230.5837860107422,9220900,JPM
2025-01-03,243.88999938964844,244.8800048828125,240.25999450683594,243.27999877929688,233.73509216308594,9491100,JPM
2025-01-06,243.6999969482422,245.69000244140625,240.5800018310547,240.85000610351562,232.59555053710938,9917800,JPM
2025-01-07,242.13999938964844,245.25999450683594,240.89999389648438,243.1699981689453,234.83602905273438,8753400,JPM
2025-01-08,242.75,244.25,240.5,243.1300048828125,234.7974090576172,8675300,JPM
2025-01-10,243.08999633789062,243.80999755859375,238.74000549316406,239.8699951171875,231.6491241455078,10256800,JPM
2025-01-13,239.6699981689453,244.5399932861328,239.0,244.2100067138672,235.8403778076172,10005300,JPM
2025-01-14,242.66000366210938,247.72000122070312,242.19000244140625,247.47000122070312,238.98863220214844,12407400,JPM
2025-01-15,250.39999389648438,253.6699981689453,243.67999267578125,252.35000610351562,243.701416015625,18448500,JPM
2025-01-16,254.0,257.0400085449219,252.3300018310547,254.27000427246094,245.55560302734375,15292300,JPM
2025-01-17,254.13999938964844,260.6199951171875,252.13999938964844,259.1600036621094,250.2780303955078,17678100,JPM
2025-01-21,260.07000732421875,264.25,259.5,263.0299987792969,254.01535034179688,13712100,JPM
2025-01-22,262.8999938964844,263.3800048828125,260.25,262.8399963378906,253.83187866210938,9021900,JPM
2025-01-23,264.69000244140625,266.8599853515625,263.80999755859375,265.95001220703125,256.8352966308594,10749700,JPM
2025-01-24,263.69000244140625,267.1000061035156,263.010009765625,264.8399963378906,255.76336669921875,7666300,JPM
2025-01-27,264.1700134277344,265.9700012207031,262.260009765625,265.8500061035156,256.7387390136719,7522300,JPM
2025-01-28,265.8500061035156,267.3299865722656,264.8299865722656,267.1400146484375,257.9845275878906,7375400,JPM
2025-01-29,267.2099914550781,270.67999267578125,265.6099853515625,266.5799865722656,257.4436950683594,7684900,JPM
2025-01-30,268.6300048828125,269.70001220703125,266.6199951171875,268.2300109863281,259.03717041015625,8753500,JPM
2025-01-31,269.2300109863281,270.82000732421875,266.9599914550781,267.29998779296875,258.1390380859375,7193800,JPM
2025-02-03,261.8299865722656,268.1700134277344,261.70001220703125,266.80999755859375,257.6658630371094,8381400,JPM
2025-02-04,269.8399963378906,269.8399963378906,266.8299865722656,267.94000244140625,258.7571105957031,5626000,JPM
2025-02-05,268.9100036621094,270.6400146484375,268.3299865722656,270.42999267578125,261.1617431640625,5704400,JPM
2025-02-06,272.45001220703125,276.9800109863281,271.19000244140625,276.8999938964844,267.4100341796875,7264400,JPM
2025-02-07,277.2699890136719,278.54998779296875,274.7099914550781,275.79998779296875,266.3476867675781,6857900,JPM
2025-02-10,276.1499938964844,276.17999267578125,269.5899963378906,271.0400085449219,261.7508544921875,8627400,JPM
2025-02-11,270.260009765625,276.2200012207031,269.6600036621094,274.989990234375,265.5654296875,7196400,JPM
2025-02-12,274.0799865722656,276.45001220703125,273.25,275.45001220703125,266.0097351074219,6683900,JPM
2025-02-13,275.5,276.9700012207031,273.80999755859375,276.32000732421875,266.84991455078125,8398700,JPM
2025-02-14,277.3699951171875,279.2300109863281,276.45001220703125,276.5899963378906,267.11065673828125,5688600,JPM
2025-02-18,276.760009765625,279.9700012207031,276.0199890136719,279.95001220703125,270.35552978515625,7919800,JPM
2025-02-19,278.3800048828125,280.25,277.2200012207031,279.25,269.6794738769531,7007200,JPM
2025-02-20,278.67999267578125,278.739990234375,265.739990234375,266.79998779296875,257.6561584472656,13846700,JPM
2025-02-21,268.32000732421875,269.20001220703125,262.8399963378906,264.239990234375,255.1839141845703,12835600,JPM
2025-02-24,265.489990234375,267.0,258.6099853515625,261.3399963378906,252.38330078125,10372800,JPM
2025-02-25,262.2300109863281,263.0,253.35000610351562,257.3999938964844,248.5783233642578,9608400,JPM
2025-02-26,257.1600036621094,260.9100036621094,256.92999267578125,258.7900085449219,249.92071533203125,5943600,JPM
2025-02-27,260.17999267578125,263.6400146484375,257.8599853515625,259.04998779296875,250.17176818847656,8204400,JPM
2025-02-28,260.7300109863281,264.80999755859375,257.8900146484375,264.6499938964844,255.57986450195312,10467100,JPM
2025-03-03,264.0,266.32000732421875,257.82000732421875,260.6199951171875,251.6879425048828,9058300,JPM
2025-03-04,255.27999877929688,257.2300109863281,245.9499969482422,250.25,241.67337036132812,13465600,JPM
2025-03-05,251.25,253.0500030517578,247.8300018310547,251.52999877929688,242.9095001220703,7861400,JPM
2025-03-06,248.11000061035156,249.36000061035156,243.85000610351562,246.5399932861328,238.09051513671875,9983200,JPM
2025-03-07,245.22999572753906,246.72000122070312,239.4199981689453,242.27999877929688,233.97653198242188,20498700,JPM
2025-03-10,236.2100067138672,237.50999450683594,228.6999969482422,232.22000122070312,224.26129150390625,18887200,JPM
2025-03-11,231.75,233.32000732421875,226.69000244140625,229.13999938964844,221.28684997558594,18143000,JPM
2025-03-12,234.0,234.32000732421875,227.25999450683594,227.89999389648438,220.08937072753906,16054000,JPM
2025-03-13,229.3000030517578,229.5,224.22999572753906,225.19000244140625,217.47222900390625,16467900,JPM
2025-03-14,228.1199951171875,233.13999938964844,227.5800018310547,232.44000244140625,224.47377014160156,11962100,JPM
2025-03-17,231.17999267578125,235.6699981689453,230.4600067138672,233.92999267578125,225.91268920898438,9586000,JPM
2025-03-18,234.32000732421875,236.1699981689453,233.52000427246094,234.97000122070312,226.91705322265625,10344900,JPM
2025-03-19,235.74000549316406,242.3300018310547,234.88999938964844,239.11000061035156,230.9151611328125,10120600,JPM
2025-03-20,236.55999755859375,241.75999450683594,236.1999969482422,239.00999450683594,230.81858825683594,8328500,JPM
2025-03-21,237.80999755859375,242.3000030517578,236.5,241.6300048828125,233.34878540039062,19326900,JPM
2025-03-24,245.47999572753906,248.69000244140625,244.41000366210938,248.05999755859375,239.5584259033203,9422700,JPM
2025-03-25,249.30999755859375,251.82000732421875,247.6199951171875,251.1300048828125,242.5232391357422,9287700,JPM
2025-03-26,252.60000610351562,254.6699981689453,249.77999877929688,251.02999877929688,242.4266357421875,12779300,JPM
2025-03-27,249.52999877929688,250.63999938964844,247.17999267578125,248.1199951171875,239.6163787841797,8022500,JPM
2025-03-28,246.94000244140625,249.50999450683594,241.11000061035156,242.85000610351562,234.52699279785156,11978400,JPM
2025-03-31,239.41000366210938,245.86000061035156,237.36000061035156,245.3000030517578,236.8930206298828,13603000,JPM
2025-04-01,242.6199951171875,245.69000244140625,240.8800048828125,243.66000366210938,235.30923461914062,8054700,JPM
2025-04-02,241.60000610351562,247.25,241.4600067138672,245.82000732421875,237.3952178955078,7758800,JPM
2025-04-03,234.27000427246094,235.13999938964844,227.3000030517578,228.69000244140625,220.85227966308594,17188500,JPM
2025-04-04,215.30999755859375,217.6999969482422,208.92999267578125,210.27999877929688,204.32408142089844,27170700,JPM
2025-04-07,205.77000427246094,222.0500030517578,202.16000366210938,214.44000244140625,208.36624145507812,22914400,JPM
2025-04-08,223.52000427246094,227.83999633789062,213.25,216.8699951171875,210.7274169921875,19485700,JPM
2025-04-09,212.5,237.47999572753906,211.0,234.33999633789062,227.70262145996094,24022400,JPM
2025-04-10,230.0,230.35000610351562,220.10000610351562,227.11000061035156,220.67738342285156,18896400,JPM
2025-04-11,226.30999755859375,238.5800018310547,225.0,236.1999969482422,229.50990295410156,20284500,JPM
2025-04-14,237.10000610351562,239.77999877929688,233.6300048828125,234.72000122070312,228.0718536376953,13017800,JPM
2025-04-15,236.10000610351562,238.64999389648438,232.82000732421875,233.1300048828125,226.52688598632812,10912900,JPM
2025-04-16,232.0,233.5800018310547,227.92999267578125,229.61000061035156,223.1065673828125,9322300,JPM
2025-04-17,230.8000030517578,234.33999633789062,230.5500030517578,231.9600067138672,225.3900146484375,9557900,JPM
2025-04-21,230.6300048828125,231.80999755859375,226.33999633789062,228.99000549316406,222.504150390625,8716200,JPM
2025-04-22,231.97999572753906,235.99000549316406,231.3699951171875,235.58999633789062,228.91717529296875,10701400,JPM
2025-04-23,240.22000122070312,246.7899932861328,240.0,240.8800048828125,234.05735778808594,14126800,JPM
2025-04-24,239.74000549316406,245.47000122070312,237.5800018310547,244.63999938964844,237.71087646484375,9055200,JPM
2025-04-25,244.64999389648438,245.6199951171875,241.75,243.5500030517578,236.6517333984375,8588600,JPM
2025-04-28,244.55999755859375,246.83999633789062,240.83999633789062,243.22000122070312,236.3311004638672,7394300,JPM
2025-04-29,242.19000244140625,245.25,241.69000244140625,244.6199951171875,237.69142150878906,7216800,JPM
2025-04-30,241.2100067138672,245.22000122070312,238.42999267578125,244.6199951171875,237.69142150878906,12991700,JPM
2025-05-01,242.83999633789062,248.4499969482422,242.1699981689453,246.88999938964844,239.8971405029297,8689600,JPM
2025-05-02,251.25999450683594,253.6199951171875,249.4600067138672,252.50999450683594,245.35794067382812,7165000,JPM
2025-05-05,251.17999267578125,255.16000366210938,250.58999633789062,252.55999755859375,245.4065399169922,5450700,JPM
2025-05-06,250.0,252.64999389648438,249.0,249.25,242.19029235839844,6369900,JPM
2025-05-07,249.85000610351562,252.4499969482422,248.8300018310547,249.38999938964844,242.32630920410156,8724100,JPM
2025-05-08,251.57000732421875,255.8800048828125,251.5500030517578,253.47000122070312,246.29075622558594,8320100,JPM
2025-05-09,254.5,255.50999450683594,252.33999633789062,253.0800018310547,245.91180419921875,5087600,JPM
2025-05-12,262.8999938964844,263.6000061035156,258.70001220703125,260.04998779296875,252.6844024658203,9603900,JPM
2025-05-13,261.0299987792969,263.6700134277344,260.3900146484375,263.010009765625,255.56057739257812,8589000,JPM
2025-05-14,263.0,266.6400146484375,262.2900085449219,265.6400146484375,258.1160888671875,8643100,JPM
2025-05-15,266.9700012207031,269.5199890136719,264.760009765625,267.489990234375,259.91363525390625,9214600,JPM
2025-05-16,267.5,268.4599914550781,264.7099914550781,267.55999755859375,259.981689453125,8932900,JPM
2025-05-19,265.54998779296875,268.32000732421875,261.92999267578125,264.8800048828125,257.3775939941406,12145000,JPM
2025-05-20,262.5199890136719,266.6600036621094,262.29998779296875,265.67999267578125,258.1549377441406,8436300,JPM
2025-05-21,264.3500061035156,265.6499938964844,260.7300109863281,261.0400085449219,253.64637756347656,7464000,JPM
2025-05-22,259.44000244140625,262.29998779296875,258.8699951171875,260.6700134277344,253.286865234375,6514100,JPM
2025-05-23,256.80999755859375,261.989990234375,256.0,260.7099914550781,253.32568359375,6671800,JPM
2025-05-27,262.0400085449219,265.29998779296875,261.989990234375,265.2900085449219,257.7760009765625,7506600,JPM
2025-05-28,266.239990234375,266.7200012207031,262.8999938964844,263.489990234375,256.0269470214844,5535400,JPM
2025-05-29,264.79998779296875,265.4100036621094,262.5299987792969,264.3699951171875,256.88201904296875,5081200,JPM
2025-05-30,263.45001220703125,265.3299865722656,262.7300109863281,264.0,256.5224914550781,10977700,JPM
2025-06-02,263.0199890136719,265.0299987792969,261.8999938964844,264.6600036621094,257.1637878417969,6011200,JPM
2025-06-03,263.7300109863281,266.5799865722656,262.8800048828125,266.2699890136719,258.72821044921875,6998400,JPM
2025-06-04,265.9200134277344,267.1199951171875,264.17999267578125,264.2200012207031,256.73626708984375,5915700,JPM
2025-06-05,264.739990234375,264.739990234375,260.30999755859375,261.95001220703125,254.5306396484375,8173800,JPM
2025-06-06,264.3299865722656,266.6499938964844,264.260009765625,265.7300109863281,258.2035217285156,7738100,JPM
2025-06-09,266.0,267.8999938964844,263.3500061035156,266.739990234375,259.1849060058594,8285000,JPM
2025-06-10,265.8800048828125,268.8999938964844,265.8500061035156,268.6000061035156,260.99224853515625,7538100,JPM
2025-06-11,268.67999267578125,269.6199951171875,265.7900085449219,268.1499938964844,260.5549621582031,7434100,JPM
2025-06-12,266.8599853515625,268.2900085449219,265.1400146484375,268.239990234375,260.64239501953125,6618000,JPM
2025-06-13,265.0799865722656,267.0199890136719,262.7099914550781,264.95001220703125,257.4456481933594,7098300,JPM
2025-06-16,267.0,271.7300109863281,266.8500061035156,270.3599853515625,262.7023620605469,8566000,JPM
2025-06-17,268.1700134277344,270.5899963378906,267.79998779296875,269.5199890136719,261.88616943359375,6739300,JPM
2025-06-18,270.0,277.7200012207031,269.7200012207031,273.9599914550781,266.20037841796875,9586400,JPM
2025-06-20,275.57000732421875,277.29998779296875,273.80999755859375,275.0,267.2109680175781,13969700,JPM
2025-06-23,275.05999755859375,278.54998779296875,272.1099853515625,278.2699890136719,270.3883361816406,8094600,JPM
2025-06-24,280.2099914550781,282.7099914550781,279.510009765625,281.260009765625,273.293701171875,9267900,JPM
2025-06-25,281.5,284.2799987792969,280.9100036621094,284.05999755859375,276.0143127441406,6826900,JPM
2025-06-26,284.70001220703125,289.4100036621094,284.4700012207031,288.75,280.5715026855469,8942100,JPM
2025-06-27,285.80999755859375,288.70001220703125,285.0400085449219,287.1099853515625,278.9779357910156,17868600,JPM
2025-06-30,290.3999938964844,292.6499938964844,288.9200134277344,289.9100036621094,281.6986389160156,12689200,JPM
2025-07-01,290.8900146484375,291.1300048828125,286.5899963378906,290.4100036621094,282.1844482421875,9338300,JPM
2025-07-02,292.0400085449219,292.82000732421875,289.70001220703125,292.0,283.7294616699219,8158700,JPM
2025-07-03,292.1499938964844,296.3999938964844,291.2099914550781,296.0,289.0018005371094,6541600,JPM
2025-07-07,295.25,296.0400085449219,290.0799865722656,291.9700012207031,285.0670471191406,8825700,JPM
2025-07-08,289.2699890136719,289.70001220703125,280.30999755859375,282.7799987792969,276.0943298339844,15440900,JPM
2025-07-09,287.17999267578125,287.20001220703125,282.4800109863281,283.1600036621094,276.46533203125,11273800,JPM
2025-07-10,283.0,288.30999755859375,283.0,288.19000244140625,281.37640380859375,8410900,JPM
2025-07-11,285.5199890136719,287.3800048828125,283.6499938964844,286.8599853515625,280.077880859375,7384700,JPM
2025-07-14,287.07000732421875,289.29998779296875,285.260009765625,288.70001220703125,281.8743591308594,9079900,JPM
2025-07-15,288.0,291.95001220703125,285.4800109863281,286.54998779296875,279.7751770019531,12526100,JPM
2025-07-16,288.3999938964844,290.7300109863281,283.010009765625,285.82000732421875,279.0624694824219,9979800,JPM
2025-07-17,283.44000244140625,290.29998779296875,283.44000244140625,289.8999938964844,283.0459899902344,8509500,JPM
2025-07-18,289.5199890136719,292.5,288.2300109863281,291.2699890136719,284.3836364746094,12217000,JPM
2025-07-21,291.0,294.17999267578125,290.5799865722656,290.9700012207031,284.0907287597656,7898100,JPM
2025-07-22,291.5,293.6300048828125,289.17999267578125,291.42999267578125,284.539794921875,6717500,JPM
2025-07-23,292.8399963378906,296.989990234375,292.54998779296875,296.760009765625,289.74383544921875,7083500,JPM
2025-07-24,297.4200134277344,299.5899963378906,296.20001220703125,296.54998779296875,289.5387878417969,7001200,JPM
2025-07-25,296.70001220703125,298.8999938964844,295.9599914550781,298.6199951171875,291.559814453125,5918500,JPM
2025-07-28,297.6600036621094,299.42999267578125,296.82000732421875,298.2799987792969,291.2279052734375,5840400,JPM
2025-07-29,300.0,301.2900085449219,296.20001220703125,297.0400085449219,290.0172119140625,7635700,JPM
2025-07-30,297.4200134277344,300.6099853515625,297.3800048828125,299.6300048828125,292.54595947265625,8061700,JPM
2025-07-31,299.1400146484375,300.9800109863281,295.5,296.239990234375,289.23614501953125,14749700,JPM
2025-08-01,290.3999938964844,291.79998779296875,284.239990234375,289.3699951171875,282.52850341796875,12007100,JPM
2025-08-04,290.260009765625,294.32000732421875,290.260009765625,294.260009765625,287.3029479980469,6649500,JPM
2025-08-05,294.69000244140625,295.7900085449219,287.239990234375,291.3699951171875,284.4812316894531,7182300,JPM
2025-08-06,292.29998779296875,293.2900085449219,290.1600036621094,291.3500061035156,284.4617004394531,6330200,JPM
2025-08-07,292.94000244140625,293.4599914550781,286.4100036621094,286.94000244140625,280.1560363769531,8057100,JPM
2025-08-08,288.9800109863281,291.2300109863281,284.7099914550781,288.760009765625,281.9330139160156,6634100,JPM
2025-08-11,289.3999938964844,291.32000732421875,288.7799987792969,289.55999755859375,282.71405029296875,5510100,JPM
2025-08-12,291.5,294.75,290.3399963378906,292.8500061035156,285.9262390136719,8570900,JPM
2025-08-13,293.95001220703125,294.54998779296875,287.1600036621094,290.5299987792969,283.6611328125,8420400,JPM
2025-08-14,290.5799865722656,294.20001220703125,289.6400146484375,294.1600036621094,287.20526123046875,6322400,JPM
2025-08-15,294.8399963378906,295.5,289.82000732421875,290.489990234375,283.6220397949219,7340500,JPM
2025-08-18,290.0,291.8999938964844,288.4100036621094,291.5299987792969,284.6374816894531,5386900,JPM
2025-08-19,290.8299865722656,292.4800109863281,289.5299987792969,290.6600036621094,283.78802490234375,6031500,JPM
2025-08-20,290.80999755859375,293.3299865722656,287.2699890136719,292.239990234375,285.3306884765625,7374200,JPM
2025-08-21,291.94000244140625,292.7699890136719,289.4700012207031,291.4700012207031,284.57891845703125,6624000,JPM
2025-08-22,293.20001220703125,297.1600036621094,290.1300048828125,296.239990234375,289.23614501953125,8552800,JPM
2025-08-25,296.239990234375,297.3500061035156,294.1400146484375,294.8999938964844,287.92779541015625,5856300,JPM
2025-08-26,294.1600036621094,298.739990234375,293.5,298.57000732421875,291.51104736328125,6714700,JPM
2025-08-27,297.25,301.07000732421875,297.0400085449219,299.2799987792969,292.2042236328125,6056500,JPM
2025-08-28,300.0199890136719,301.239990234375,298.70001220703125,301.07000732421875,293.9519348144531,6410500,JPM
2025-08-29,302.0400085449219,302.95001220703125,299.7300109863281,301.4200134277344,294.29364013671875,6796400,JPM
2025-09-02,300.260009765625,300.4599914550781,294.5,299.70001220703125,292.61431884765625,7221900,JPM
2025-09-03,300.57000732421875,300.57000732421875,296.3800048828125,299.510009765625,292.4288024902344,6316900,JPM
2025-09-04,300.0,304.42999267578125,298.2799987792969,303.82000732421875,296.6369323730469,6605800,JPM
2025-09-05,303.6499938964844,305.1499938964844,294.30999755859375,294.3800048828125,287.4200744628906,9837700,JPM
2025-09-08,294.8900146484375,296.4599914550781,291.44000244140625,292.9100036621094,285.9848327636719,8188500,JPM
2025-09-09,292.6000061035156,299.0,292.30999755859375,297.8500061035156,290.80804443359375,7848200,JPM
2025-09-10,296.70001220703125,301.5400085449219,295.3999938964844,300.5400085449219,293.4344482421875,7787300,JPM
2025-09-11,301.239990234375,305.7300109863281,300.7900085449219,305.55999755859375,298.33575439453125,7942500,JPM
2025-09-12,305.0,307.54998779296875,303.70001220703125,306.9100036621094,299.6538391113281,6846700,JPM
2025-09-15,307.1700134277344,309.95001220703125,307.1700134277344,308.8999938964844,301.59674072265625,7122000,JPM
2025-09-16,310.0,310.8999938964844,307.1300048828125,309.19000244140625,301.8799133300781,10525600,JPM
2025-09-17,310.3900146484375,312.9100036621094,308.7699890136719,311.75,304.3794250488281,8657800,JPM
2025-09-18,311.7900085449219,313.44000244140625,309.6099853515625,313.2300109863281,305.82440185546875,8050700,JPM
2025-09-19,313.6000061035156,315.79998779296875,309.1199951171875,314.7799987792969,307.3377685546875,23568600,JPM
2025-09-22,309.79998779296875,313.70001220703125,309.55999755859375,312.44000244140625,305.0531005859375,7520200,JPM
2025-09-23,311.82000732421875,316.30999755859375,310.5799865722656,312.739990234375,305.34600830078125,8584400,JPM
2025-09-24,314.04998779296875,316.5799865722656,311.6700134277344,313.4200134277344,306.00994873046875,7310500,JPM
2025-09-25,314.1199951171875,315.6499938964844,311.79998779296875,313.45001220703125,306.0392150878906,7083200,JPM
2025-09-26,314.8999938964844,317.80999755859375,313.70001220703125,316.05999755859375,308.5875549316406,7258100,JPM
2025-09-29,317.05999755859375,318.010009765625,313.6600036621094,315.69000244140625,308.2262268066406,6462400,JPM
2025-09-30,316.25,317.4100036621094,310.1099853515625,315.42999267578125,307.9723815917969,11823300,JPM
2025-10-01,313.9700012207031,314.5899963378906,307.4100036621094,310.7099914550781,303.364013671875,9235200,JPM
2025-10-02,310.0,310.55999755859375,306.1400146484375,307.54998779296875,300.2786865234375,7600000,JPM
2025-10-03,308.510009765625,311.6600036621094,308.2099914550781,310.0299987792969,302.7000732421875,6029900,JPM
2025-10-06,310.17999267578125,311.75,305.1300048828125,309.17999267578125,303.3377990722656,7214500,JPM
2025-10-07,309.3500061035156,310.010009765625,304.70001220703125,307.69000244140625,301.8759460449219,8454200,JPM
2025-10-08,308.2099914550781,308.7799987792969,303.54998779296875,304.0299987792969,298.28509521484375,6489900,JPM
2025-10-09,305.04998779296875,308.0400085449219,303.3900146484375,305.5299987792969,299.7568054199219,7060300,JPM
2025-10-10,305.6600036621094,310.4700012207031,300.80999755859375,300.8900146484375,295.2044372558594,8597400,JPM
2025-10-13,305.6000061035156,309.4599914550781,305.45001220703125,307.9700012207031,302.1506652832031,10788700,JPM
2025-10-14,305.8399963378906,307.0,294.2099914550781,302.0799865722656,296.3719482421875,16178800,JPM
2025-10-15,306.3900146484375,312.1199951171875,305.44000244140625,305.69000244140625,299.9137268066406,11354800,JPM
2025-10-16,305.3500061035156,308.67999267578125,297.07000732421875,298.5400085449219,292.8988952636719,10549400,JPM
2025-10-17,299.1600036621094,299.54998779296875,294.20001220703125,297.55999755859375,291.9373474121094,10153500,JPM
2025-10-20,298.5,303.69000244140625,298.1600036621094,302.3599853515625,296.6466369628906,6894900,JPM
2025-10-21,301.6600036621094,304.04998779296875,297.0,297.0899963378906,291.47625732421875,7372700,JPM
2025-10-22,297.7699890136719,298.05999755859375,290.5400085449219,294.1099853515625,288.5525207519531,8054100,JPM
2025-10-23,294.3800048828125,296.3699951171875,292.510009765625,294.5400085449219,288.9744567871094,5438800,JPM
2025-10-24,296.0799865722656,302.6000061035156,295.45001220703125,300.44000244140625,294.7629699707031,7228300,JPM
2025-10-27,302.1600036621094,304.5299987792969,301.010009765625,304.1499938964844,298.40283203125,5642200,JPM
2025-10-28,304.8599853515625,307.9700012207031,303.1600036621094,305.3599853515625,299.5899658203125,6336000,JPM
2025-10-29,303.510009765625,308.25,303.010009765625,305.510009765625,299.7371826171875,7520300,JPM
2025-10-30,305.7900085449219,312.6099853515625,305.1000061035156,309.44000244140625,303.5928955078125,7514600,JPM
2025-10-31,308.5400085449219,312.8699951171875,307.25,311.1199951171875,305.2411193847656,7721300,JPM
2025-11-03,311.0,312.32000732421875,306.2099914550781,309.3500061035156,303.50457763671875,7770000,JPM
2025-11-04,306.7099914550781,312.2200012207031,305.1000061035156,309.25,303.406494140625,7085200,JPM
2025-11-05,309.6099853515625,313.1000061035156,305.6300048828125,311.67999267578125,305.79052734375,6865200,JPM
2025-11-06,310.989990234375,314.8399963378906,310.260009765625,313.4200134277344,307.4976806640625,7206100,JPM
2025-11-07,311.8900146484375,314.42999267578125,307.6400146484375,314.2099914550781,308.2727355957031,7302300,JPM
2025-11-10,315.0,319.55999755859375,314.2099914550781,316.8900146484375,310.9021301269531,5794100,JPM
2025-11-11,317.5,319.04998779296875,315.2799987792969,315.6199951171875,309.65606689453125,5030200,JPM
2025-11-12,316.260009765625,322.25,316.2099914550781,320.4100036621094,314.3555908203125,10578300,JPM
2025-11-13,319.2300109863281,320.6300048828125,309.1000061035156,309.4800109863281,303.63214111328125,8973300,JPM
2025-11-14,307.510009765625,307.6400146484375,301.2300109863281,303.6099853515625,297.8730163574219,10327000,JPM
2025-11-17,304.0,305.5899963378906,297.6700134277344,300.3699951171875,294.6942443847656,8344000,JPM
2025-11-18,299.5,302.95001220703125,297.0199890136719,299.4100036621094,293.7524108886719,8077300,JPM
2025-11-19,299.739990234375,304.45001220703125,299.2699890136719,303.2699890136719,297.5394287109375,5546600,JPM
2025-11-20,306.3399963378906,309.9200134277344,298.1600036621094,298.3800048828125,292.74188232421875,7501600,JPM
2025-11-21,301.2900085449219,301.67999267578125,292.80999755859375,298.0199890136719,292.3886413574219,11766800,JPM
2025-11-24,298.239990234375,299.82000732421875,294.510009765625,298.0,292.3690490722656,10940200,JPM
2025-11-25,300.04998779296875,304.5,295.55999755859375,303.0,297.2745666503906,8877200,JPM
2025-11-26,305.0,308.5299987792969,303.20001220703125,307.6400146484375,301.8268737792969,7910900,JPM
2025-11-28,309.1000061035156,313.7200012207031,308.239990234375,313.0799865722656,307.1640930175781,4322400,JPM
2025-12-01,312.95001220703125,314.0400085449219,308.5400085449219,308.9200134277344,303.0827331542969,7727300,JPM
2025-12-02,308.739990234375,310.4800109863281,307.0899963378906,307.8800048828125,302.0623474121094,7249000,JPM
2025-12-03,307.20001220703125,312.3599853515625,306.79998779296875,312.1300048828125,306.2320861816406,8535300,JPM
2025-12-04,313.260009765625,318.489990234375,313.0,316.1000061035156,310.12701416015625,9627800,JPM
2025-12-05,315.6400146484375,318.4800109863281,314.67999267578125,315.0400085449219,309.08709716796875,6518900,JPM
2025-12-08,315.05999755859375,316.4700012207031,313.3500061035156,315.2099914550781,309.25384521484375,7417200,JPM
2025-12-09,314.95001220703125,318.79998779296875,300.0199890136719,300.510009765625,294.83160400390625,18049200,JPM
2025-12-10,300.5,311.19000244140625,298.4599914550781,310.1099853515625,304.2502136230469,18874100,JPM
2025-12-11,309.239990234375,318.0,309.239990234375,317.3800048828125,311.3828430175781,9721900,JPM
2025-12-12,319.67999267578125,320.2699890136719,316.6000061035156,318.5199890136719,312.50128173828125,8982900,JPM
2025-12-15,319.5899963378906,322.8800048828125,318.3900146484375,320.0199890136719,313.97296142578125,10864100,JPM
2025-12-16,319.0899963378906,319.5199890136719,314.3999938964844,315.54998779296875,309.5874328613281,8331300,JPM
2025-12-17,318.42999267578125,319.3699951171875,314.6600036621094,314.9800109863281,309.0281982421875,8718700,JPM
2025-12-18,316.0,317.70001220703125,312.2200012207031,313.0,307.0856018066406,11444900,JPM
2025-12-19,313.7900085449219,318.55999755859375,313.19000244140625,317.2099914550781,311.216064453125,24494400,JPM
2025-12-22,317.510009765625,323.2300109863281,317.510009765625,323.0899963378906,316.98492431640625,8354600,JPM
2025-12-23,323.6099853515625,327.7799987792969,323.0899963378906,325.92999267578125,319.7712707519531,6668300,JPM
2025-12-24,326.239990234375,329.989990234375,325.5,329.1700134277344,322.9500732421875,4289300,JPM
2025-12-26,329.1099853515625,330.8599853515625,326.5400085449219,327.9100036621094,321.7138671875,4158300,JPM
2025-12-29,327.0,327.7699890136719,323.5299987792969,323.75,317.6324768066406,8635300,JPM
2025-12-30,324.80999755859375,324.94000244140625,322.489990234375,323.4200134277344,317.3087463378906,7904300,JPM
2025-12-31,324.3399963378906,324.8800048828125,322.0400085449219,322.2200012207031,316.13140869140625,5048500,JPM
2026-01-02,322.5,325.7300109863281,320.739990234375,325.4800109863281,319.3298034667969,8054000,JPM
2026-01-05,325.5,337.25,325.19000244140625,334.0400085449219,327.7280578613281,10752600,JPM
2026-01-06,332.6199951171875,335.8699951171875,330.6499938964844,334.6099853515625,329.76806640625,7660800,JPM
2026-01-07,331.1400146484375,332.1499938964844,324.6000061035156,326.989990234375,322.25836181640625,9815200,JPM
2026-01-08,326.3900146484375,331.3999938964844,325.6499938964844,329.7900085449219,325.017822265625,11737100,JPM
2026-01-09,329.3399963378906,331.8999938964844,328.1700134277344,329.19000244140625,324.426513671875,6738100,JPM
2026-01-12,321.8800048828125,326.0199890136719,321.2300109863281,324.489990234375,319.7945251464844,12805100,JPM
2026-01-13,324.29998779296875,326.8599853515625,310.57000732421875,310.8999938964844,306.4011535644531,19371200,JPM
2026-01-14,308.20001220703125,311.760009765625,306.1199951171875,307.8699951171875,303.4150390625,25951500,JPM
2026-01-15,308.4700012207031,312.94000244140625,307.75,309.260009765625,304.784912109375,14751400,JPM
2026-01-16,310.3500061035156,317.2099914550781,310.0,312.4700012207031,307.948486328125,14652500,JPM
2026-01-20,306.2099914550781,311.1499938964844,301.8599853515625,302.739990234375,298.3592529296875,12900600,JPM
2026-01-21,303.42999267578125,305.3999938964844,301.1499938964844,302.0400085449219,297.6694030761719,10270100,JPM
2026-01-22,304.8599853515625,308.20001220703125,302.8999938964844,303.6300048828125,299.2364196777344,10535800,JPM
2026-01-23,302.0,302.3699951171875,296.510009765625,297.7200012207031,293.41192626953125,11107900,JPM
2026-01-26,297.80999755859375,301.7799987792969,297.45001220703125,301.0400085449219,296.6838684082031,11752700,JPM
2026-01-27,301.3299865722656,301.9700012207031,298.1499938964844,300.30999755859375,295.96441650390625,11527400,JPM
2026-01-28,300.2699890136719,301.9200134277344,298.04998779296875,300.7699890136719,296.4177551269531,9556700,JPM
2026-01-29,302.3999938964844,306.8299865722656,302.2200012207031,306.4200134277344,301.9860534667969,11580000,JPM
2026-01-30,305.25,307.92999267578125,302.55999755859375,305.8900146484375,301.46368408203125,11953200,JPM
2026-02-02,304.4599914550781,309.29998779296875,301.3699951171875,308.1400146484375,303.6811218261719,9839400,JPM
2026-02-03,309.7300109863281,316.25,309.1000061035156,314.8500061035156,310.2940368652344,12688000,JPM
2026-02-04,314.4100036621094,319.30999755859375,314.4100036621094,317.2699890136719,312.6789855957031,9848800,JPM
2026-02-05,315.0,316.010009765625,305.5400085449219,310.1600036621094,305.67193603515625,9388000,JPM
2026-02-06,314.7099914550781,324.25,314.7099914550781,322.3999938964844,317.7347717285156,17797400,JPM
2026-02-09,321.3399963378906,326.3999938964844,320.1099853515625,322.1000061035156,317.4391174316406,11477500,JPM
2026-02-10,322.54998779296875,326.1300048828125,315.1199951171875,318.2799987792969,313.6744079589844,9902200,JPM
2026-02-11,323.239990234375,325.2799987792969,308.7300109863281,310.82000732421875,306.32232666015625,8703500,JPM
2026-02-12,312.2799987792969,313.6199951171875,300.0199890136719,302.6400146484375,298.2607116699219,13443400,JPM
2026-02-13,298.5199890136719,304.2900085449219,296.5199890136719,302.54998779296875,298.1719665527344,9114500,JPM
2026-02-17,302.760009765625,308.239990234375,302.5,307.1300048828125,302.68572998046875,8896800,JPM
2026-02-18,308.4599914550781,312.2799987792969,307.2200012207031,308.7799987792969,304.3118591308594,7209600,JPM
2026-02-19,307.1700134277344,309.17999267578125,305.1199951171875,308.04998779296875,303.5924072265625,6737700,JPM
2026-02-20,308.3999938964844,311.0,305.67999267578125,310.7900085449219,306.29278564453125,7792700,JPM
2026-02-23,308.79998779296875,311.0,295.1000061035156,297.6700134277344,293.3626403808594,12955400,JPM
2026-02-24,296.82000732421875,299.75,291.3800048828125,297.29998779296875,292.9979553222656,13554100,JPM
2026-02-25,298.6400146484375,303.6600036621094,297.010009765625,303.29998779296875,298.9111328125,8095500,JPM
2026-02-26,304.5799865722656,309.010009765625,303.6400146484375,306.1300048828125,301.7002258300781,7007800,JPM
2026-02-27,300.0,302.95001220703125,294.45001220703125,300.29998779296875,295.95452880859375,18620800,JPM
2026-03-02,294.80999755859375,299.9800109863281,293.2099914550781,297.55999755859375,293.25421142578125,8508900,JPM
2026-03-03,292.2900085449219,302.3900146484375,289.5,300.260009765625,295.9151611328125,10278200,JPM
2026-03-04,299.989990234375,301.0,295.82000732421875,299.3900146484375,295.0577697753906,8055700,JPM
2026-03-05,297.9800109863281,301.239990234375,292.42999267578125,293.54998779296875,289.3022155761719,12732500,JPM
2026-03-06,286.3399963378906,289.989990234375,283.7099914550781,289.4800109863281,285.2911376953125,13496500,JPM
2026-03-09,285.5,291.1000061035156,280.45001220703125,289.9200134277344,285.72479248046875,12241100,JPM
2026-03-10,289.2900085449219,292.75,287.17999267578125,288.7300109863281,284.5519714355469,8344900,JPM
2026-03-11,288.80999755859375,290.4800109863281,284.8599853515625,287.5199890136719,283.3594665527344,10205000,JPM
2026-03-12,282.8299865722656,283.8800048828125,279.1000061035156,282.8900146484375,278.7964782714844,13760500,JPM
2026-03-13,284.6700134277344,287.19000244140625,282.95001220703125,283.44000244140625,279.33856201171875,9091200,JPM
2026-03-16,286.3399963378906,289.2699890136719,284.6099853515625,286.1600036621094,282.0191650390625,8149000,JPM
2026-03-17,289.0,291.760009765625,285.95001220703125,286.8900146484375,282.7386169433594,8961200,JPM
2026-03-18,286.8299865722656,289.4100036621094,285.1199951171875,287.739990234375,283.5762939453125,10057000,JPM
2026-03-19,286.8800048828125,289.510009765625,284.6199951171875,287.9700012207031,283.802978515625,9846700,JPM
2026-03-20,288.0799865722656,290.7099914550781,285.2699890136719,286.55999755859375,282.41339111328125,22436500,JPM
2026-03-23,294.30999755859375,295.75,287.9700012207031,289.9100036621094,285.71490478515625,11470800,JPM
2026-03-24,286.1700134277344,295.4800109863281,285.3699951171875,292.3999938964844,288.16888427734375,11092300,JPM
2026-03-25,294.1499938964844,297.6400146484375,292.44000244140625,295.4200134277344,291.14520263671875,12188200,JPM
2026-03-26,292.5799865722656,294.989990234375,290.7300109863281,291.6600036621094,287.4396057128906,8669200,JPM
2026-03-27,289.1400146484375,290.1099853515625,281.75,282.8399963378906,278.74725341796875,9873300,JPM
2026-03-30,284.739990234375,287.25,282.3299865722656,283.7699890136719,279.66375732421875,11734400,JPM
2026-03-31,288.4700012207031,295.07000732421875,284.95001220703125,294.1600036621094,289.9034118652344,12956900,JPM
2026-04-01,295.3900146484375,298.7200012207031,292.9100036621094,295.3800048828125,291.10577392578125,11267200,JPM
2026-04-02,291.9100036621094,295.6199951171875,288.7200012207031,294.6000061035156,290.3370666503906,6669300,JPM
2026-04-06,294.05999755859375,296.8299865722656,293.20001220703125,295.45001220703125,292.6649169921875,7142600,JPM
2026-04-07,293.1400146484375,298.17999267578125,292.70001220703125,297.3999938964844,294.5965270996094,7849100,JPM
2026-04-08,307.9700012207031,311.260009765625,305.3299865722656,307.9700012207031,305.06689453125,10590200,JPM
2026-04-09,306.95001220703125,311.260009765625,306.1099853515625,310.3299865722656,307.4046325683594,6586600,JPM
2026-04-10,310.0,310.3500061035156,306.7200012207031,309.8699951171875,306.948974609375,6069700,JPM
2026-04-13,307.4700012207031,313.739990234375,305.4599914550781,313.67999267578125,310.7230529785156,8318200,JPM
2026-04-14,309.82000732421875,314.32000732421875,308.8699951171875,311.1199951171875,308.1871643066406,11455500,JPM
2026-04-15,313.95001220703125,314.239990234375,304.260009765625,305.92999267578125,303.0461120605469,9885800,JPM
2026-04-16,305.3500061035156,309.95001220703125,305.20001220703125,309.95001220703125,307.0282287597656,8208600,JPM
2026-04-17,312.4700012207031,314.8999938964844,310.0899963378906,310.2900085449219,307.3650207519531,11082400,JPM
2026-04-20,310.8500061035156,317.1300048828125,310.3699951171875,316.989990234375,314.0018615722656,10772000,JPM
2026-04-21,317.489990234375,320.239990234375,312.75,313.0,310.0494689941406,7084300,JPM
2026-04-22,314.8500061035156,315.1499938964844,311.94000244140625,313.0199890136719,310.0692443847656,5545900,JPM
2026-04-23,313.5199890136719,314.989990234375,308.8900146484375,311.69000244140625,308.7518310546875,6969700,JPM
2026-04-24,311.1499938964844,311.1499938964844,307.8900146484375,308.2799987792969,305.37396240234375,5215300,JPM
2026-04-27,306.8800048828125,312.5799865722656,306.8800048828125,311.6300048828125,308.6923828125,7925300,JPM
2026-04-28,315.20001220703125,315.45001220703125,311.1700134277344,311.45001220703125,308.51409912109375,7398600,JPM
2026-04-29,310.57000732421875,312.04998779296875,307.2900085449219,309.25,306.3348388671875,8031800,JPM
2026-04-30,307.07000732421875,314.1000061035156,306.57000732421875,313.2300109863281,310.2773132324219,8865400,JPM
2026-05-01,313.95001220703125,316.0799865722656,311.8299865722656,312.4700012207031,309.52447509765625,6135400,JPM
2026-05-04,310.6199951171875,310.6499938964844,306.510009765625,307.6499938964844,304.7499084472656,7338200,JPM
2026-05-05,307.7099914550781,310.9700012207031,306.79998779296875,309.3999938964844,306.4833984375,6316800,JPM
2026-05-06,311.45001220703125,316.260009765625,311.3500061035156,314.8999938964844,311.9315490722656,8629500,JPM
2026-05-07,314.6499938964844,316.29998779296875,306.1400146484375,306.2699890136719,303.38287353515625,8359600,JPM
2026-05-08,308.25,308.989990234375,300.5,302.1000061035156,299.2522277832031,9464300,JPM
2026-05-11,302.1000061035156,303.19000244140625,298.8800048828125,300.0,297.1719970703125,9512000,JPM
2026-05-12,300.0199890136719,306.05999755859375,295.54998779296875,304.8800048828125,302.0060119628906,9498200,JPM
2026-05-13,302.2699890136719,303.0,300.07000732421875,300.25,297.419677734375,7709500,JPM
2026-05-14,302.25,303.75,298.80999755859375,299.9100036621094,297.0828552246094,7364300,JPM
2026-05-15,300.2099914550781,300.7900085449219,296.45001220703125,297.80999755859375,295.0026550292969,8699300,JPM
2026-05-18,298.0,301.260009765625,297.2200012207031,300.7300109863281,297.8951416015625,7546300,JPM
2026-05-19,301.0899963378906,301.7900085449219,295.260009765625,295.70001220703125,292.9125671386719,8066900,JPM
2026-05-20,296.70001220703125,302.92999267578125,293.6700134277344,301.9800109863281,299.13336181640625,9327000,JPM
2026-05-21,301.2300109863281,303.9800109863281,300.2099914550781,303.0,300.14373779296875,7874400,JPM
2026-05-22,304.67999267578125,307.45001220703125,303.8399963378906,306.3800048828125,303.4918518066406,5973900,JPM
2026-05-26,308.489990234375,309.92999267578125,305.44000244140625,306.739990234375,303.8484802246094,7725400,JPM
2026-05-27,305.0,305.8999938964844,295.75,299.2799987792969,296.45880126953125,11779200,JPM
2026-05-28,297.57000732421875,301.07000732421875,295.75,296.7300109863281,293.9328308105469,9757700,JPM
2026-05-29,296.3999938964844,299.8800048828125,295.20001220703125,299.30999755859375,296.4884948730469,13969000,JPM
2026-06-01,297.69000244140625,299.54998779296875,295.2699890136719,296.5799865722656,293.78424072265625,7930000,JPM
2026-06-02,296.5,302.07000732421875,295.2699890136719,300.9599914550781,298.1229553222656,8296200,JPM
2026-06-03,299.9200134277344,301.9599914550781,296.55999755859375,300.8500061035156,298.0140075683594,7003900,JPM
2026-06-04,305.739990234375,312.9100036621094,304.44000244140625,310.8900146484375,307.9593811035156,10345200,JPM
2026-06-05,314.2900085449219,315.0,309.6000061035156,312.3699951171875,309.4254150390625,9118800,JPM
2026-06-08,313.25,316.29998779296875,310.7799987792969,311.1099853515625,308.1772766113281,6827000,JPM
2026-06-09,313.510009765625,316.4200134277344,309.010009765625,312.70001220703125,309.7522888183594,11594600,JPM
2026-06-10,312.55999755859375,314.75,309.0299987792969,309.1400146484375,306.2258605957031,7446200,JPM
2026-06-11,309.55999755859375,314.7200012207031,308.8800048828125,313.489990234375,310.53485107421875,9116600,JPM
2026-06-12,315.9700012207031,321.29998779296875,315.54998779296875,320.7200012207031,317.69671630859375,7426200,JPM
2026-06-15,323.9200134277344,325.9200134277344,318.8399963378906,319.3999938964844,316.3891296386719,7988900,JPM
2026-06-16,324.29998779296875,331.75,324.0199890136719,331.1400146484375,328.01849365234375,11094900,JPM
2026-06-17,332.17999267578125,337.7699890136719,331.5,333.4599914550781,330.31658935546875,12246400,JPM
2026-06-18,336.95001220703125,338.0899963378906,324.1600036621094,325.2200012207031,322.154296875,20111000,JPM
2026-06-22,329.70001220703125,332.7699890136719,326.75,331.4800109863281,328.3552551269531,10182500,JPM
2026-06-23,329.4700012207031,335.3699951171875,327.2099914550781,334.1400146484375,330.9902038574219,7582200,JPM
2026-06-24,333.07000732421875,334.5299987792969,329.7699890136719,333.45001220703125,330.30670166015625,7907400,JPM
2026-06-25,334.9599914550781,343.45001220703125,334.760009765625,335.1199951171875,331.9609375,10043100,JPM
2026-06-26,336.0,336.3999938964844,327.5,329.04998779296875,325.9481506347656,17640900,JPM
2026-06-29,328.2799987792969,332.3900146484375,327.20001220703125,329.3900146484375,326.28497314453125,7981800,JPM
2026-06-30,328.8900146484375,330.44000244140625,326.67999267578125,327.3299865722656,324.244384765625,8080100,JPM
2026-07-01,328.3699951171875,335.6400146484375,325.010009765625,334.07000732421875,330.92083740234375,15210200,JPM
2026-07-02,338.0199890136719,340.0,331.7699890136719,334.4700012207031,331.31707763671875,8413900,JPM
2026-07-06,335.0,339.7200012207031,334.1099853515625,337.7200012207031,336.0434875488281,8673500,JPM
2026-07-07,340.9800109863281,341.3999938964844,337.0899963378906,339.2200012207031,337.5360412597656,7115800,JPM
2026-07-08,336.5299987792969,336.5299987792969,330.1300048828125,330.6199951171875,328.9787292480469,18505200,JPM
2026-07-09,331.4599914550781,337.0,330.80999755859375,335.4700012207031,333.8046569824219,15570600,JPM
2026-07-10,337.4700012207031,338.5899963378906,335.7699890136719,336.4700012207031,334.7997131347656,6299000,JPM
2026-07-13,338.3399963378906,338.3500061035156,332.5,334.5299987792969,332.86932373046875,7120300,JPM
2026-07-14,327.0,344.7300109863281,325.75,342.8900146484375,341.1878356933594,14537900,JPM
2026-07-15,345.8500061035156,351.239990234375,344.04998779296875,346.9100036621094,345.1878967285156,10750000,JPM
2026-07-16,349.2799987792969,349.3399963378906,341.1099853515625,343.1499938964844,341.446533203125,12432400,JPM
2026-07-17,339.0299987792969,346.1300048828125,335.04998779296875,341.1000061035156,339.40673828125,9250900,JPM
2026-07-20,341.79998779296875,344.260009765625,337.3699951171875,338.8699951171875,337.1877746582031,7723300,JPM
2026-07-21,340.1199951171875,345.739990234375,337.29998779296875,345.2300109863281,343.5162353515625,6015300,JPM
2026-07-22,345.07000732421875,349.07000732421875,344.25,348.2099914550781,346.4814147949219,8040200,JPM
2026-07-23,346.5799865722656,349.9200134277344,345.4200134277344,349.8999938964844,348.16302490234375,10913000,JPM
2026-07-24,350.6400146484375,353.3699951171875,347.5,353.2099914550781,351.45660400390625,7520800,JPM
2026-07-27,357.8900146484375,359.04998779296875,352.5799865722656,356.20001220703125,354.4317626953125,7884900,JPM
2026-07-28,357.29998779296875,359.29998779296875,354.1499938964844,357.30999755859375,355.5362548828125,6533800,JPM
2026-07-29,356.5,357.3699951171875,343.7799987792969,344.7099914550781,342.998779296875,8265300,JPM
2026-07-30,347.5400085449219,352.2799987792969,345.3699951171875,350.8500061035156,349.10833740234375,7606500,JPM
2026-07-31,353.29998779296875,354.4700012207031,349.70001220703125,351.7900085449219,350.0436706542969,6603400,JPM
2026-08-03,353.75,355.6199951171875,350.8399963378906,352.6400146484375,350.8894348144531,6436600,JPM
2026-08-04,355.0,363.0,353.8699951171875,357.5199890136719,355.7452087402344,8477200,JPM
2026-08-05,358.9700012207031,362.1700134277344,358.20001220703125,359.239990234375,357.4566650390625,5269500,JPM
2026-08-06,362.80999755859375,362.80999755859375,354.95001220703125,356.29998779296875,354.53125,5820100,JPM
2026-08-07,355.760009765625,358.8500061035156,353.3299865722656,357.5199890136719,355.7452087402344,4566200,JPM
2026-08-10,357.9599914550781,359.989990234375,356.5,359.7900085449219,358.0039367675781,5327500,JPM
2026-08-11,360.04998779296875,363.1199951171875,358.6000061035156,362.0400085449219,360.2427673339844,4576500,JPM
2026-08-12,362.9700012207031,366.0899963378906,361.29998779296875,365.17999267578125,363.3671875,4366800,JPM
2026-08-13,366.5,366.5,361.5199890136719,363.1099853515625,361.30743408203125,5102700,JPM
2026-08-14,363.0,365.8999938964844,361.45001220703125,362.8399963378906,361.0387878417969,5058600,JPM
2026-08-17,361.94000244140625,365.75,360.9599914550781,360.9599914550781,359.1681213378906,5282600,JPM
2026-08-18,362.3399963378906,363.57000732421875,359.2699890136719,363.25,361.44677734375,5525100,JPM
2026-08-19,363.010009765625,363.04998779296875,355.6499938964844,357.260009765625,355.48651123046875,6696200,JPM
2026-08-20,357.6000061035156,357.95001220703125,351.54998779296875,351.54998779296875,349.8048400878906,6799700,JPM
2026-08-21,354.07000732421875,356.8599853515625,350.3699951171875,351.5799865722656,349.8346862792969,8112100,JPM
2026-08-24,353.29998779296875,358.2799987792969,352.82000732421875,356.3900146484375,354.6208190917969,4394400,JPM
2026-08-25,357.0,357.3699951171875,353.07000732421875,356.69000244140625,354.9193420410156,4298000,JPM
2026-08-26,356.5,358.3500061035156,354.6000061035156,356.5,354.73028564453125,5796500,JPM
2026-08-27,354.67999267578125,357.57000732421875,352.2300109863281,354.2200012207031,352.4615783691406,5209900,JPM
2026-08-28,355.6700134277344,358.7300109863281,354.2200012207031,357.6199951171875,355.8446960449219,3914500,JPM
2026-08-31,355.8999938964844,357.7699890136719,354.7699890136719,356.0199890136719,354.2526550292969,7962900,JPM
2026-09-01,355.7300109863281,359.92999267578125,354.1199951171875,354.95001220703125,353.18798828125,5079000,JPM
2026-09-02,357.54998779296875,361.4700012207031,353.7900085449219,356.2200012207031,354.45166015625,5341400,JPM
2026-09-03,358.67999267578125,362.8500061035156,356.3900146484375,362.05999755859375,360.2626647949219,5414200,JPM
2026-09-04,361.0,362.8599853515625,355.20001220703125,358.6400146484375,356.8596496582031,4873500,JPM
2026-09-08,357.1000061035156,358.54998779296875,353.2300109863281,353.510009765625,351.755126953125,5631400,JPM
2026-09-09,352.0,356.3299865722656,348.69000244140625,354.7099914550781,352.94915771484375,6318200,JPM
2026-09-10,353.510009765625,354.2200012207031,351.1199951171875,353.55999755859375,351.80487060546875,4184200,JPM
2026-09-11,358.32000732421875,360.04998779296875,354.7900085449219,356.2300109863281,354.46160888671875,5354600,JPM
2026-09-14,354.2300109863281,355.2799987792969,347.54998779296875,350.1300048828125,348.39190673828125,9609900,JPM
2026-09-15,351.0,354.70001220703125,343.07000732421875,352.489990234375,350.74017333984375,14026500,JPM
2026-09-16,353.3800048828125,355.6000061035156,344.69000244140625,348.9200134277344,347.18792724609375,8303400,JPM
2026-09-17,352.25,353.489990234375,345.2699890136719,349.30999755859375,347.5759582519531,6480100,JPM
2026-09-18,347.8900146484375,349.6700134277344,345.010009765625,349.6700134277344,347.9342041015625,18312400,JPM
2026-09-21,353.6700134277344,354.5,350.0799865722656,352.0400085449219,350.29241943359375,6414700,JPM
2026-09-22,352.0,352.1000061035156,337.29998779296875,340.0,338.31219482421875,11485600,JPM
2026-09-23,337.6099853515625,341.44000244140625,336.9800109863281,337.5299987792969,335.85443115234375,7068500,JPM
2026-09-24,338.1199951171875,339.3699951171875,335.2799987792969,338.55999755859375,336.87933349609375,6934300,JPM
2026-09-25,340.7699890136719,343.30999755859375,338.6400146484375,343.05999755859375,341.35699462890625,11460300,JPM
2026-09-28,341.8299865722656,342.0,336.29998779296875,336.5899963378906,334.9190979003906,10483700,JPM
2026-09-29,337.0,338.75,333.3299865722656,334.9800109863281,333.3171081542969,7254900,JPM
2026-09-30,334.8900146484375,336.3399963378906,330.8299865722656,330.8299865722656,329.18768310546875,9113300,JPM
2026-10-01,328.75,333.5799865722656,325.8699951171875,333.17999267578125,331.5260314941406,8160000,JPM
2026-10-02,334.0,334.8500061035156,330.0,332.3800048828125,330.7300109863281,6658200,JPM
2026-10-05,333.30999755859375,333.75,330.5899963378906,332.3800048828125,330.7300109863281,5346100,JPM
2026-10-06,332.7300109863281,333.7900085449219,330.92999267578125,331.2799987792969,331.2799987792969,6286800,JPM
2026-10-07,327.20001220703125,329.8699951171875,325.07000732421875,329.5799865722656,329.5799865722656,7003000,JPM
2026-10-08,327.25,332.30999755859375,325.6300048828125,331.4200134277344,331.4200134277344,8060800,JPM
2026-10-09,331.20001220703125,333.5400085449219,330.5799865722656,332.989990234375,332.989990234375,5052000,JPM
