id,trade_date,ticker,open_price,high_price,low_price,close_price,volume
1,2021-09-13,AAPL,150.6300,151.4200,148.7500,149.5500,102404300
2,2021-09-14,AAPL,150.3500,151.0700,146.9100,148.1200,109296300
3,2021-09-15,AAPL,148.5600,149.4400,146.3700,149.0300,83281300
4,2021-09-16,AAPL,148.4400,148.9700,147.2200,148.7900,68034100
5,2021-09-17,AAPL,148.8200,148.8200,145.7600,146.0600,129868800
6,2021-09-20,AAPL,143.8000,144.8400,141.2700,142.9400,123478900
7,2021-09-21,AAPL,143.9300,144.6000,142.7800,143.4300,75834000
8,2021-09-22,AAPL,144.4500,146.4300,143.7000,145.8500,76404300
9,2021-09-23,AAPL,146.6500,147.0800,145.6400,146.8300,64838200
10,2021-09-24,AAPL,145.6600,147.4700,145.5600,146.9200,53477900
11,2021-09-27,AAPL,145.4700,145.9600,143.8200,145.3700,74150700
12,2021-09-28,AAPL,143.2500,144.7500,141.6900,141.9100,108972300
13,2021-09-29,AAPL,142.4700,144.4500,142.0300,142.8300,74602000
14,2021-09-30,AAPL,143.6600,144.3800,141.2800,141.5000,89056700
15,2021-10-01,AAPL,141.9000,142.9200,139.1100,142.6500,94639600
16,2021-10-04,AAPL,141.7600,142.2100,138.2700,139.1400,98322000
17,2021-10-05,AAPL,139.4900,142.2400,139.3600,141.1100,80861100
18,2021-10-06,AAPL,139.4700,142.1500,138.3700,142.0000,83221100
19,2021-10-07,AAPL,143.0600,144.2200,142.7200,143.2900,61732700
20,2021-10-08,AAPL,144.0300,144.1800,142.5600,142.9000,58773200
21,2021-10-11,AAPL,142.2700,144.8100,141.8100,142.8100,64452200
22,2021-10-12,AAPL,143.2300,143.2500,141.0400,141.5100,73035900
23,2021-10-13,AAPL,141.2400,141.4000,139.2000,140.9100,78762700
24,2021-10-14,AAPL,142.1100,143.8800,141.5100,143.7600,69907100
25,2021-10-15,AAPL,143.7700,144.9000,143.5100,144.8400,67940300
26,2021-10-18,AAPL,143.4500,146.8400,143.1600,146.5500,85589200
27,2021-10-19,AAPL,147.0100,149.1700,146.5500,148.7600,76378900
28,2021-10-20,AAPL,148.7000,149.7500,148.1200,149.2600,58418800
29,2021-10-21,AAPL,148.8100,149.6400,147.8700,149.4800,61421000
30,2021-10-22,AAPL,149.6900,150.1800,148.6400,148.6900,58883400
31,2021-10-25,AAPL,148.6800,149.3700,147.6200,148.6400,50720600
32,2021-10-26,AAPL,149.3300,150.8400,149.0100,149.3200,60893400
33,2021-10-27,AAPL,149.3600,149.7300,148.4900,148.8500,56094900
34,2021-10-28,AAPL,149.8200,153.1700,149.7200,152.5700,100077900
35,2021-10-29,AAPL,147.2200,149.9400,146.4100,149.8000,124953200
36,2021-11-01,AAPL,148.9900,149.7000,147.8000,148.9600,74588300
37,2021-11-02,AAPL,148.6600,151.5700,148.6500,150.0200,69122000
38,2021-11-03,AAPL,150.3900,151.9700,149.8200,151.4900,54511500
39,2021-11-04,AAPL,151.5800,152.4300,150.6400,150.9600,60394600
40,2021-11-05,AAPL,151.8900,152.2000,150.0600,151.2800,65463900
41,2021-11-08,AAPL,151.4100,151.5700,150.1600,150.4400,55020900
42,2021-11-09,AAPL,150.2000,151.4300,150.0600,150.8100,56787900
43,2021-11-10,AAPL,150.0200,150.1300,147.8500,147.9200,65187100
44,2021-11-11,AAPL,148.9600,149.4300,147.6800,147.8700,41000000
45,2021-11-12,AAPL,148.4300,150.4000,147.4800,149.9900,63804000
46,2021-11-15,AAPL,150.3700,151.8800,149.4300,150.0000,59222800
47,2021-11-16,AAPL,149.9400,151.4900,149.3400,151.0000,59256200
48,2021-11-17,AAPL,151.0000,155.0000,150.9900,153.4900,88807000
49,2021-11-18,AAPL,153.7100,158.6700,153.0500,157.8700,137827700
50,2021-11-19,AAPL,157.6500,161.0200,156.5300,160.5500,117305600
51,2021-11-22,AAPL,161.6800,165.7000,161.0000,161.0200,117467900
52,2021-11-23,AAPL,161.1200,161.8000,159.0600,161.4100,96041900
53,2021-11-24,AAPL,160.7500,162.1400,159.6400,161.9400,69463600
54,2021-11-26,AAPL,159.5700,160.4500,156.3600,156.8100,76959800
55,2021-11-29,AAPL,159.3700,161.1900,158.7900,160.2400,88748200
56,2021-11-30,AAPL,159.9900,165.5200,159.9200,165.3000,174048100
57,2021-12-01,AAPL,167.4800,170.3000,164.5300,164.7700,152052500
58,2021-12-02,AAPL,158.7400,164.2000,157.8000,163.7600,136739200
59,2021-12-03,AAPL,164.0200,164.9600,159.7200,161.8400,118023100
60,2021-12-06,AAPL,164.2900,167.8800,164.2800,165.3200,107497000
61,2021-12-07,AAPL,169.0800,171.5800,168.3400,171.1800,120405400
62,2021-12-08,AAPL,172.1300,175.9600,170.7000,175.0800,116998900
63,2021-12-09,AAPL,174.9100,176.7500,173.9200,174.5600,108923700
64,2021-12-10,AAPL,175.2100,179.6300,174.6900,179.4500,115402700
65,2021-12-13,AAPL,181.1200,182.1300,175.5300,175.7400,153237000
66,2021-12-14,AAPL,175.2500,177.7400,172.2100,174.3300,139380400
67,2021-12-15,AAPL,175.1100,179.5000,172.3100,179.3000,131063300
68,2021-12-16,AAPL,179.2800,181.1400,170.7500,172.2600,150185800
69,2021-12-17,AAPL,169.9300,173.4700,169.6900,171.1400,195432700
70,2021-12-20,AAPL,168.2800,170.5800,167.4600,169.7500,107499100
71,2021-12-21,AAPL,171.5600,173.2000,169.1200,172.9900,91185900
72,2021-12-22,AAPL,173.0400,175.8600,172.1500,175.6400,92135300
73,2021-12-23,AAPL,175.8500,176.8500,175.2700,176.2800,68356600
74,2021-12-27,AAPL,177.0900,180.4200,177.0700,180.3300,74919600
75,2021-12-28,AAPL,180.1600,181.3300,178.5300,179.2900,79144300
76,2021-12-29,AAPL,179.3300,180.6300,178.1400,179.3800,62348900
77,2021-12-30,AAPL,179.4700,180.5700,178.0900,178.2000,59773000
78,2021-12-31,AAPL,178.0900,179.2300,177.2600,177.5700,64062300
79,2022-01-03,AAPL,177.8300,182.8800,177.7100,182.0100,104487900
80,2022-01-04,AAPL,182.6300,182.9400,179.1200,179.7000,99310400
81,2022-01-05,AAPL,179.6100,180.1700,174.6400,174.9200,94537600
82,2022-01-06,AAPL,172.7000,175.3000,171.6400,172.0000,96904000
83,2022-01-07,AAPL,172.8900,174.1400,171.0300,172.1700,86709100
84,2022-01-10,AAPL,169.0800,172.5000,168.1700,172.1900,106765600
85,2022-01-11,AAPL,172.3200,175.1800,170.8200,175.0800,76138300
86,2022-01-12,AAPL,176.1200,177.1800,174.8200,175.5300,74805200
87,2022-01-13,AAPL,175.7800,176.6200,171.7900,172.1900,84505800
88,2022-01-14,AAPL,171.3400,173.7800,171.0900,173.0700,80440800
89,2022-01-18,AAPL,171.5100,172.5400,169.4100,169.8000,90956700
90,2022-01-19,AAPL,170.0000,171.0800,165.9400,166.2300,94815000
91,2022-01-20,AAPL,166.9800,169.6800,164.1800,164.5100,91420500
92,2022-01-21,AAPL,164.4200,166.3300,162.3000,162.4100,122848900
93,2022-01-24,AAPL,160.0200,162.3000,154.7000,161.6200,162294600
94,2022-01-25,AAPL,158.9800,162.7600,157.0200,159.7800,115798400
95,2022-01-26,AAPL,163.5000,164.3900,157.8200,159.6900,108275300
96,2022-01-27,AAPL,162.4500,163.8400,158.2800,159.2200,121954600
97,2022-01-28,AAPL,165.7100,170.3500,162.8000,170.3300,179935700
98,2022-01-31,AAPL,170.1600,175.0000,169.5100,174.7800,115541600
99,2022-02-01,AAPL,174.0100,174.8400,172.3100,174.6100,86213900
100,2022-02-02,AAPL,174.7500,175.8800,173.3300,175.8400,84914300
101,2022-02-03,AAPL,174.4800,176.2400,172.1200,172.9000,89418100
102,2022-02-04,AAPL,171.6800,174.1000,170.6800,172.3900,82465400
103,2022-02-07,AAPL,172.8600,173.9500,170.9500,171.6600,77251200
104,2022-02-08,AAPL,171.7300,175.3500,171.4300,174.8300,74829200
105,2022-02-09,AAPL,176.0500,176.6500,174.9000,176.2800,71285000
106,2022-02-10,AAPL,174.1400,175.4800,171.5500,172.1200,90865900
107,2022-02-11,AAPL,172.3300,173.0800,168.0400,168.6400,98670700
108,2022-02-14,AAPL,167.3700,169.5800,166.5600,168.8800,86185500
109,2022-02-15,AAPL,170.9700,172.9500,170.2500,172.7900,62527400
110,2022-02-16,AAPL,171.8500,173.3400,170.0500,172.5500,61177400
111,2022-02-17,AAPL,171.0300,171.9100,168.4700,168.8800,69589300
112,2022-02-18,AAPL,169.8200,170.5400,166.1900,167.3000,82772700
113,2022-02-22,AAPL,164.9800,166.6900,162.1500,164.3200,91162800
114,2022-02-23,AAPL,165.5400,166.1500,159.7500,160.0700,90009200
115,2022-02-24,AAPL,152.5800,162.8500,152.0000,162.7400,141147500
116,2022-02-25,AAPL,163.8400,165.1200,160.8700,164.8500,91974200
117,2022-02-28,AAPL,163.0600,165.4200,162.4300,165.1200,95056600
118,2022-03-01,AAPL,164.7000,166.6000,161.9700,163.2000,83474400
119,2022-03-02,AAPL,164.3900,167.3600,162.9500,166.5600,79724800
120,2022-03-03,AAPL,168.4700,168.9100,165.5500,166.2300,76678400
121,2022-03-04,AAPL,164.4900,165.5500,162.1000,163.1700,83737200
122,2022-03-07,AAPL,163.3600,165.0200,159.0400,159.3000,96418800
123,2022-03-08,AAPL,158.8200,162.8800,155.8000,157.4400,131148300
124,2022-03-09,AAPL,161.4800,163.4100,159.4100,162.9500,91454900
125,2022-03-10,AAPL,160.2000,160.3900,155.9800,158.5200,105342000
126,2022-03-11,AAPL,158.9300,159.2800,154.5000,154.7300,96970100
127,2022-03-14,AAPL,151.4500,154.1200,150.1000,150.6200,108732100
128,2022-03-15,AAPL,150.9000,155.5700,150.3800,155.0900,92964300
129,2022-03-16,AAPL,157.0500,160.0000,154.4600,159.5900,102300200
130,2022-03-17,AAPL,158.6100,161.0000,157.6300,160.6200,75615400
131,2022-03-18,AAPL,160.5100,164.4800,159.7600,163.9800,123511700
132,2022-03-21,AAPL,163.5100,166.3500,163.0100,165.3800,95811400
133,2022-03-22,AAPL,165.5100,169.4200,164.9100,168.8200,81532000
134,2022-03-23,AAPL,167.9900,172.6400,167.6500,170.2100,98062700
135,2022-03-24,AAPL,171.0600,174.1400,170.2100,174.0700,90131400
136,2022-03-25,AAPL,173.8800,175.2800,172.7500,174.7200,80546200
137,2022-03-28,AAPL,172.1700,175.7300,172.0000,175.6000,90371900
138,2022-03-29,AAPL,176.6900,179.0100,176.3400,178.9600,100589400
139,2022-03-30,AAPL,178.5500,179.6100,176.7000,177.7700,92633200
140,2022-03-31,AAPL,177.8400,178.0300,174.4000,174.6100,103049300
141,2022-04-01,AAPL,174.0300,174.8800,171.9400,174.3100,78751300
142,2022-04-04,AAPL,174.5700,178.4900,174.4400,178.4400,76468400
143,2022-04-05,AAPL,177.5000,178.3000,174.4200,175.0600,73401800
144,2022-04-06,AAPL,172.3600,173.6300,170.1300,171.8300,89058800
145,2022-04-07,AAPL,171.1600,173.3600,169.8500,172.1400,77594700
146,2022-04-08,AAPL,171.7800,171.7800,169.2000,170.0900,76575500
147,2022-04-11,AAPL,168.7100,169.0300,165.5000,165.7500,72246700
148,2022-04-12,AAPL,168.0200,169.8700,166.6400,167.6600,79265200
149,2022-04-13,AAPL,167.3900,171.0400,166.7700,170.4000,70618900
150,2022-04-14,AAPL,170.6200,171.2700,165.0400,165.2900,75329400
151,2022-04-18,AAPL,163.9200,166.6000,163.5700,165.0700,69023900
152,2022-04-19,AAPL,165.0200,167.8200,163.9100,167.4000,67723800
153,2022-04-20,AAPL,168.7600,168.8800,166.1000,167.2300,67929800
154,2022-04-21,AAPL,168.9100,171.5300,165.9100,166.4200,87227800
155,2022-04-22,AAPL,166.4600,167.8700,161.5000,161.7900,84882400
156,2022-04-25,AAPL,161.1200,163.1700,158.4600,162.8800,96046400
157,2022-04-26,AAPL,162.2500,162.3400,156.7200,156.8000,95623200
158,2022-04-27,AAPL,155.9100,159.7900,155.3800,156.5700,88063200
159,2022-04-28,AAPL,159.2500,164.5200,158.9300,163.6400,130216800
160,2022-04-29,AAPL,161.8400,166.2000,157.2500,157.6500,131747600
161,2022-05-02,AAPL,156.7100,158.2300,153.2700,157.9600,123055300
162,2022-05-03,AAPL,158.1500,160.7100,156.3200,159.4800,88966500
163,2022-05-04,AAPL,159.6700,166.4800,159.2600,166.0200,108256500
164,2022-05-05,AAPL,163.8500,164.0800,154.9500,156.7700,130525300
165,2022-05-06,AAPL,156.0100,159.4400,154.1800,157.2800,116124600
166,2022-05-09,AAPL,154.9300,155.8300,151.4900,152.0600,131577900
167,2022-05-10,AAPL,155.5200,156.7400,152.9300,154.5100,115366700
168,2022-05-11,AAPL,153.5000,155.4500,145.8100,146.5000,142689800
169,2022-05-12,AAPL,142.7700,146.2000,138.8000,142.5600,182602000
170,2022-05-13,AAPL,144.5900,148.1000,143.1100,147.1100,113990900
171,2022-05-16,AAPL,145.5500,147.5200,144.1800,145.5400,86643800
172,2022-05-17,AAPL,148.8600,149.7700,146.6800,149.2400,78336300
173,2022-05-18,AAPL,146.8500,147.3600,139.9000,140.8200,109742900
174,2022-05-19,AAPL,139.8800,141.6600,136.6000,137.3500,136095600
175,2022-05-20,AAPL,139.0900,140.7000,132.6100,137.5900,137426100
176,2022-05-23,AAPL,137.7900,143.2600,137.6500,143.1100,117726300
177,2022-05-24,AAPL,140.8100,141.9700,137.3300,140.3600,104132700
178,2022-05-25,AAPL,138.4300,141.7900,138.3400,140.5200,92482700
179,2022-05-26,AAPL,137.3900,144.3400,137.1400,143.7800,90601500
180,2022-05-27,AAPL,145.3900,149.6800,145.2600,149.6400,90978500
181,2022-05-31,AAPL,149.0700,150.6600,146.8400,148.8400,103718400
182,2022-06-01,AAPL,149.9000,151.7400,147.6800,148.7100,74286600
183,2022-06-02,AAPL,147.8300,151.2700,146.8600,151.2100,72348100
184,2022-06-03,AAPL,146.9000,147.9700,144.4600,145.3800,88570300
185,2022-06-06,AAPL,147.0300,148.5700,144.9000,146.1400,71598400
186,2022-06-07,AAPL,144.3500,149.0000,144.1000,148.7100,67808200
187,2022-06-08,AAPL,148.5800,149.8700,147.4600,147.9600,53950200
188,2022-06-09,AAPL,147.0800,147.9500,142.5300,142.6400,69473000
189,2022-06-10,AAPL,140.2800,140.7600,137.0600,137.1300,91437900
190,2022-06-13,AAPL,132.8700,135.2000,131.4400,131.8800,122207100
191,2022-06-14,AAPL,133.1300,133.8900,131.4800,132.7600,84784300
192,2022-06-15,AAPL,134.2900,137.3400,132.1600,135.4300,91533000
193,2022-06-16,AAPL,132.0800,132.3900,129.0400,130.0600,108123900
194,2022-06-17,AAPL,130.0700,133.0800,129.8100,131.5600,134520300
195,2022-06-21,AAPL,133.4200,137.0600,133.3200,135.8700,81000500
196,2022-06-22,AAPL,134.7900,137.7600,133.9100,135.3500,73409200
197,2022-06-23,AAPL,136.8200,138.5900,135.6300,138.2700,72433800
198,2022-06-24,AAPL,139.9000,141.9100,139.7700,141.6600,89116800
199,2022-06-27,AAPL,142.7000,143.4900,140.9700,141.6600,70207900
200,2022-06-28,AAPL,142.1300,143.4200,137.3200,137.4400,67083400
201,2022-06-29,AAPL,137.4600,140.6700,136.6700,139.2300,66242400
202,2022-06-30,AAPL,137.2500,138.3700,133.7700,136.7200,98964500
203,2022-07-01,AAPL,136.0400,139.0400,135.6600,138.9300,71051600
204,2022-07-05,AAPL,137.7700,141.6100,136.9300,141.5600,73353800
205,2022-07-06,AAPL,141.3500,144.1200,141.0800,142.9200,74064300
206,2022-07-07,AAPL,143.2900,146.5500,143.2800,146.3500,66253700
207,2022-07-08,AAPL,145.2600,147.5500,145.0000,147.0400,64547800
208,2022-07-11,AAPL,145.6700,146.6400,143.7800,144.8700,63141600
209,2022-07-12,AAPL,145.7600,148.4500,145.0500,145.8600,77588800
210,2022-07-13,AAPL,142.9900,146.4500,142.1200,145.4900,71185600
211,2022-07-14,AAPL,144.0800,148.9500,143.2500,148.4700,78140700
212,2022-07-15,AAPL,149.7800,150.8600,148.2000,150.1700,76259900
213,2022-07-18,AAPL,150.7400,151.5700,146.7000,147.0700,81420900
214,2022-07-19,AAPL,147.9200,151.2300,146.9100,151.0000,82982400
215,2022-07-20,AAPL,151.1200,153.7200,150.3700,153.0400,64823400
216,2022-07-21,AAPL,154.5000,155.5700,151.9400,155.3500,65086600
217,2022-07-22,AAPL,155.3900,156.2800,153.4100,154.0900,66675400
218,2022-07-25,AAPL,154.0100,155.0400,152.2800,152.9500,53623900
219,2022-07-26,AAPL,152.2600,153.0900,150.8000,151.6000,55138700
220,2022-07-27,AAPL,152.5800,157.3300,152.1600,156.7900,78620700
221,2022-07-28,AAPL,156.9800,157.6400,154.4100,157.3500,81378700
222,2022-07-29,AAPL,161.2400,163.6300,159.5000,162.5100,101786900
223,2022-08-01,AAPL,161.0100,163.5900,160.8900,161.5100,67829400
224,2022-08-02,AAPL,160.1000,162.4100,159.6300,160.0100,59907000
225,2022-08-03,AAPL,160.8400,166.5900,160.7500,166.1300,82507500
226,2022-08-04,AAPL,166.0100,167.1900,164.4300,165.8100,55474100
227,2022-08-05,AAPL,163.2100,165.8500,163.0000,165.3500,56697000
228,2022-08-08,AAPL,166.3700,167.8100,164.2000,164.8700,60276900
229,2022-08-09,AAPL,164.0200,165.8200,163.2500,164.9200,63135500
230,2022-08-10,AAPL,167.6800,169.3400,166.9000,169.2400,70170500
231,2022-08-11,AAPL,170.0600,170.9900,168.1900,168.4900,57149200
232,2022-08-12,AAPL,169.8200,172.1700,169.4000,172.1000,68039400
233,2022-08-15,AAPL,171.5200,173.3900,171.3500,173.1900,54091700
234,2022-08-16,AAPL,172.7800,173.7100,171.6600,173.0300,56377100
235,2022-08-17,AAPL,172.7700,176.1500,172.5700,174.5500,79542000
236,2022-08-18,AAPL,173.7500,174.9000,173.1200,174.1500,62290100
237,2022-08-19,AAPL,173.0300,173.7400,171.3100,171.5200,70346300
238,2022-08-22,AAPL,169.6900,169.8600,167.1400,167.5700,69026800
239,2022-08-23,AAPL,167.0800,168.7100,166.6500,167.2300,54147100
240,2022-08-24,AAPL,167.3200,168.1100,166.2500,167.5300,53841500
241,2022-08-25,AAPL,168.7800,170.1400,168.3500,170.0300,51218200
242,2022-08-26,AAPL,170.5700,171.0500,163.5600,163.6200,78961000
243,2022-08-29,AAPL,161.1500,162.9000,159.8200,161.3800,73314000
244,2022-08-30,AAPL,162.1300,162.5600,157.7200,158.9100,77906200
245,2022-08-31,AAPL,160.3100,160.5800,157.1400,157.2200,87991100
246,2022-09-01,AAPL,156.6400,158.4200,154.6700,157.9600,74229900
247,2022-09-02,AAPL,159.7500,160.3600,154.9700,155.8100,76957800
248,2022-09-06,AAPL,156.4700,157.0900,153.6900,154.5300,73714800
249,2022-09-07,AAPL,154.8200,156.6700,153.6100,155.9600,87449600
250,2022-09-08,AAPL,154.6400,156.3600,152.6800,154.4600,84923800
251,2022-09-09,AAPL,155.4700,157.8200,154.7500,157.3700,68028800
252,2022-09-12,AAPL,159.5900,164.2600,159.3000,163.4300,104956000
253,2022-09-13,AAPL,159.9000,160.5400,153.3700,153.8400,122656600
254,2022-09-14,AAPL,154.7900,157.1000,153.6100,155.3100,87965400
255,2022-09-15,AAPL,154.6500,155.2400,151.3800,152.3700,90481100
256,2022-09-16,AAPL,151.2100,151.3500,148.3700,150.7000,162278800
257,2022-09-19,AAPL,149.3100,154.5600,149.1000,154.4800,81474200
258,2022-09-20,AAPL,153.4000,158.0800,153.0800,156.9000,107689800
259,2022-09-21,AAPL,157.3400,158.7400,153.6000,153.7200,101696800
260,2022-09-22,AAPL,152.3800,154.4700,150.9100,152.7400,86652500
261,2022-09-23,AAPL,151.1900,151.4700,148.5600,150.4300,96029900
262,2022-09-26,AAPL,149.6600,153.7700,149.6400,150.7700,93339400
263,2022-09-27,AAPL,152.7400,154.7200,149.9500,151.7600,84442700
264,2022-09-28,AAPL,147.6400,150.6400,144.8400,149.8400,146691400
265,2022-09-29,AAPL,146.1000,146.7200,140.6800,142.4800,128138200
266,2022-09-30,AAPL,141.2800,143.1000,138.0000,138.2000,124925300
267,2022-10-03,AAPL,138.2100,143.0700,137.6900,142.4500,114311700
268,2022-10-04,AAPL,145.0300,146.2200,144.2600,146.1000,87830100
269,2022-10-05,AAPL,144.0700,147.3800,143.0100,146.4000,79471000
270,2022-10-06,AAPL,145.8100,147.5400,145.2200,145.4300,68402200
271,2022-10-07,AAPL,142.5400,143.1000,139.4500,140.0900,85925600
272,2022-10-10,AAPL,140.4200,141.8900,138.5700,140.4200,74899000
273,2022-10-11,AAPL,139.9000,141.3500,138.2200,138.9800,77033700
274,2022-10-12,AAPL,139.1300,140.3600,138.1600,138.3400,70433700
275,2022-10-13,AAPL,134.9900,143.5900,134.3700,142.9900,113224000
276,2022-10-14,AAPL,144.3100,144.5200,138.1900,138.3800,88598000
277,2022-10-17,AAPL,141.0700,142.9000,140.2700,142.4100,85250900
278,2022-10-18,AAPL,145.4900,146.7000,140.6100,143.7500,99136600
279,2022-10-19,AAPL,141.6900,144.9500,141.5000,143.8600,61758300
280,2022-10-20,AAPL,143.0200,145.8900,142.6500,143.3900,64522000
281,2022-10-21,AAPL,142.8700,147.8500,142.6500,147.2700,86548600
282,2022-10-24,AAPL,147.1900,150.2300,146.0000,149.4500,75981900
283,2022-10-25,AAPL,150.0900,152.4900,149.3600,152.3400,74732300
284,2022-10-26,AAPL,150.9600,151.9900,148.0400,149.3500,88194300
285,2022-10-27,AAPL,148.0700,149.0500,144.1300,144.8000,109180200
286,2022-10-28,AAPL,148.2000,157.5000,147.8200,155.7400,164762400
287,2022-10-31,AAPL,153.1600,154.2400,151.9200,153.3400,97943200
288,2022-11-01,AAPL,155.0800,155.4500,149.1300,150.6500,80379300
289,2022-11-02,AAPL,148.9500,152.1700,145.0000,145.0300,93604600
290,2022-11-03,AAPL,142.0600,142.8000,138.7500,138.8800,97918500
291,2022-11-04,AAPL,142.0900,142.6700,134.3800,138.3800,140814800
292,2022-11-07,AAPL,137.1100,139.1500,135.6700,138.9200,83374600
293,2022-11-08,AAPL,140.4100,141.4300,137.4900,139.5000,89908500
294,2022-11-09,AAPL,138.5000,138.5500,134.5900,134.8700,74917800
295,2022-11-10,AAPL,141.2400,146.8700,139.5000,146.8700,118854000
296,2022-11-11,AAPL,145.8200,150.0100,144.3700,149.7000,93979700
297,2022-11-14,AAPL,148.9700,150.2800,147.4300,148.2800,73374100
298,2022-11-15,AAPL,152.2200,153.5900,148.5600,150.0400,89868300
299,2022-11-16,AAPL,149.1300,149.8700,147.2900,148.7900,64218300
300,2022-11-17,AAPL,146.4300,151.4800,146.1500,150.7200,80389400
301,2022-11-18,AAPL,152.3100,152.7000,149.9700,151.2900,74829600
302,2022-11-21,AAPL,150.1600,150.3700,147.7200,148.0100,58724100
303,2022-11-22,AAPL,148.1300,150.4200,146.9300,150.1800,51804100
304,2022-11-23,AAPL,149.4500,151.8300,149.3400,151.0700,58301400
305,2022-11-25,AAPL,148.3100,148.8800,147.1200,148.1100,35195900
306,2022-11-28,AAPL,145.1400,146.6400,143.3800,144.2200,69246000
307,2022-11-29,AAPL,144.2900,144.8100,140.3500,141.1700,83763800
308,2022-11-30,AAPL,141.4000,148.7200,140.5500,148.0300,111380900
309,2022-12-01,AAPL,148.2100,149.1300,146.6100,148.3100,71250400
310,2022-12-02,AAPL,145.9600,148.0000,145.6500,147.8100,65447400
311,2022-12-05,AAPL,147.7700,150.9200,145.7700,146.6300,68826400
312,2022-12-06,AAPL,147.0700,147.3000,141.9200,142.9100,64727200
313,2022-12-07,AAPL,142.1900,143.3700,140.0000,140.9400,69721100
314,2022-12-08,AAPL,142.3600,143.5200,141.1000,142.6500,62128300
315,2022-12-09,AAPL,142.3400,145.5700,140.9000,142.1600,76097000
316,2022-12-12,AAPL,142.7000,144.5000,141.0600,144.4900,70462700
317,2022-12-13,AAPL,149.5000,149.9700,144.2400,145.4700,93886200
318,2022-12-14,AAPL,145.3500,146.6600,141.1600,143.2100,82291200
319,2022-12-15,AAPL,141.1100,141.8000,136.0300,136.5000,98931900
320,2022-12-16,AAPL,136.6900,137.6500,133.7300,134.5100,160156900
321,2022-12-19,AAPL,135.1100,135.2000,131.3200,132.3700,79592600
322,2022-12-20,AAPL,131.3900,133.2500,129.8900,132.3000,77432800
323,2022-12-21,AAPL,132.9800,136.8100,132.7500,135.4500,85928000
324,2022-12-22,AAPL,134.3500,134.5600,130.3000,132.2300,77852100
325,2022-12-23,AAPL,130.9200,132.4200,129.6400,131.8600,63814900
326,2022-12-27,AAPL,131.3800,131.4100,128.7200,130.0300,69007800
327,2022-12-28,AAPL,129.6700,131.0300,125.8700,126.0400,85438400
328,2022-12-29,AAPL,127.9900,130.4800,127.7300,129.6100,75703700
329,2022-12-30,AAPL,128.4100,129.9500,127.4300,129.9300,77034200
330,2023-01-03,AAPL,130.2800,130.9000,124.1700,125.0700,112117500
331,2023-01-04,AAPL,126.8900,128.6600,125.0800,126.3600,89113600
332,2023-01-05,AAPL,127.1300,127.7700,124.7600,125.0200,80962700
333,2023-01-06,AAPL,126.0100,130.2900,124.8900,129.6200,87754700
334,2023-01-09,AAPL,130.4700,133.4100,129.8900,130.1500,70790800
335,2023-01-10,AAPL,130.2600,131.2600,128.1200,130.7300,63896200
336,2023-01-11,AAPL,131.2500,133.5100,130.4600,133.4900,69458900
337,2023-01-12,AAPL,133.8800,134.2600,131.4400,133.4100,71379600
338,2023-01-13,AAPL,132.0300,134.9200,131.6600,134.7600,57809700
339,2023-01-17,AAPL,134.8300,137.2900,134.1300,135.9400,63646600
340,2023-01-18,AAPL,136.8200,138.6100,135.0300,135.2100,69672800
341,2023-01-19,AAPL,134.0800,136.2500,133.7700,135.2700,58280400
342,2023-01-20,AAPL,135.2800,138.0200,134.2200,137.8700,80223600
343,2023-01-23,AAPL,138.1200,143.3200,137.9000,141.1100,81760300
344,2023-01-24,AAPL,140.3100,143.1600,140.3000,142.5300,66435100
345,2023-01-25,AAPL,140.8900,142.4300,138.8100,141.8600,65799300
346,2023-01-26,AAPL,143.1700,144.2500,141.9000,143.9600,54105100
347,2023-01-27,AAPL,143.1600,147.2300,143.0800,145.9300,70555800
348,2023-01-30,AAPL,144.9600,145.5500,142.8500,143.0000,64015300
349,2023-01-31,AAPL,142.7000,144.3400,142.2800,144.2900,65874500
350,2023-02-01,AAPL,143.9700,146.6100,141.3200,145.4300,77663600
351,2023-02-02,AAPL,148.9000,151.1800,148.1700,150.8200,118339000
352,2023-02-03,AAPL,148.0300,157.3800,147.8300,154.5000,154357300
353,2023-02-06,AAPL,152.5700,153.1000,150.7800,151.7300,69858300
354,2023-02-07,AAPL,150.6400,155.2300,150.6400,154.6500,83322600
355,2023-02-08,AAPL,153.8800,154.5800,151.1700,151.9200,64120100
356,2023-02-09,AAPL,153.7800,154.3300,150.4200,150.8700,56007100
357,2023-02-10,AAPL,149.4600,151.3400,149.2200,151.0100,57450700
358,2023-02-13,AAPL,150.9500,154.2600,150.9200,153.8500,62199000
359,2023-02-14,AAPL,152.1200,153.7700,150.8600,153.2000,61707600
360,2023-02-15,AAPL,153.1100,155.5000,152.8800,155.3300,65573800
361,2023-02-16,AAPL,153.5100,156.3300,153.3500,153.7100,68167900
362,2023-02-17,AAPL,152.3500,153.0000,150.8500,152.5500,59144100
363,2023-02-21,AAPL,150.2000,151.3000,148.4100,148.4800,58867200
364,2023-02-22,AAPL,148.8700,149.9500,147.1600,148.9100,51011300
365,2023-02-23,AAPL,150.0900,150.3400,147.2400,149.4000,48394200
366,2023-02-24,AAPL,147.1100,147.1900,145.7200,146.7100,55469600
367,2023-02-27,AAPL,147.7100,149.1700,147.4500,147.9200,44998500
368,2023-02-28,AAPL,147.0500,149.0800,146.8300,147.4100,50547000
369,2023-03-01,AAPL,146.8300,147.2300,145.0100,145.3100,55479000
370,2023-03-02,AAPL,144.3800,146.7100,143.9000,145.9100,52238100
371,2023-03-03,AAPL,148.0400,151.1100,147.3300,151.0300,70732300
372,2023-03-06,AAPL,153.7900,156.3000,153.4600,153.8300,87558000
373,2023-03-07,AAPL,153.7000,154.0300,151.1300,151.6000,56182000
374,2023-03-08,AAPL,152.8100,153.4700,151.8300,152.8700,47204800
375,2023-03-09,AAPL,153.5600,154.5400,150.2300,150.5900,53833600
376,2023-03-10,AAPL,150.2100,150.9400,147.6100,148.5000,68572400
377,2023-03-13,AAPL,147.8100,153.1400,147.7000,150.4700,84457100
378,2023-03-14,AAPL,151.2800,153.4000,150.1000,152.5900,73695900
379,2023-03-15,AAPL,151.1900,153.2500,149.9200,152.9900,77167900
380,2023-03-16,AAPL,152.1600,156.4600,151.6400,155.8500,76161100
381,2023-03-17,AAPL,156.0800,156.7400,154.2800,155.0000,98944600
382,2023-03-20,AAPL,155.0700,157.8200,154.1500,157.4000,73641400
383,2023-03-21,AAPL,157.3200,159.4000,156.5400,159.2800,73938300
384,2023-03-22,AAPL,159.3000,162.1400,157.8100,157.8300,75701800
385,2023-03-23,AAPL,158.8300,161.5500,157.6800,158.9300,67622100
386,2023-03-24,AAPL,158.8600,160.3400,157.8500,160.2500,59196500
387,2023-03-27,AAPL,159.9400,160.7700,157.8700,158.2800,52390300
388,2023-03-28,AAPL,157.9700,158.4900,155.9800,157.6500,45992200
389,2023-03-29,AAPL,159.3700,161.0500,159.3500,160.7700,51305700
390,2023-03-30,AAPL,161.5300,162.4700,161.2700,162.3600,49501700
391,2023-03-31,AAPL,162.4400,165.0000,161.9100,164.9000,68749800
392,2023-04-03,AAPL,164.2700,166.2900,164.2200,166.1700,56976200
393,2023-04-04,AAPL,166.6000,166.8400,165.1100,165.6300,46278300
394,2023-04-05,AAPL,164.7400,165.0500,161.8000,163.7600,51511700
395,2023-04-06,AAPL,162.4300,164.9600,162.0000,164.6600,45390100
396,2023-04-10,AAPL,161.4200,162.0300,160.0800,162.0300,47716900
397,2023-04-11,AAPL,162.3500,162.3600,160.5100,160.8000,47644200
398,2023-04-12,AAPL,161.2200,162.0600,159.7800,160.1000,50133100
399,2023-04-13,AAPL,161.6300,165.8000,161.4200,165.5600,68445600
400,2023-04-14,AAPL,164.5900,166.3200,163.8200,165.2100,49386500
401,2023-04-17,AAPL,165.0900,165.3900,164.0300,165.2300,41516200
402,2023-04-18,AAPL,166.1000,167.4100,165.6500,166.4700,49923000
403,2023-04-19,AAPL,165.8000,168.1600,165.5400,167.6300,47720200
404,2023-04-20,AAPL,166.0900,167.8700,165.5600,166.6500,52456400
405,2023-04-21,AAPL,165.0500,166.4500,164.4900,165.0200,58337300
406,2023-04-24,AAPL,165.0000,165.6000,163.8900,165.3300,41949600
407,2023-04-25,AAPL,165.1900,166.3100,163.7300,163.7700,48714100
408,2023-04-26,AAPL,163.0600,165.2800,162.8000,163.7600,45498800
409,2023-04-27,AAPL,165.1900,168.5600,165.1900,168.4100,64902300
410,2023-04-28,AAPL,168.4900,169.8500,167.8800,169.6800,55275900
411,2023-05-01,AAPL,169.2800,170.4500,168.6400,169.5900,52472900
412,2023-05-02,AAPL,170.0900,170.3500,167.5400,168.5400,48425700
413,2023-05-03,AAPL,169.5000,170.9200,167.1600,167.4500,65136000
414,2023-05-04,AAPL,164.8900,167.0400,164.3100,165.7900,81235400
415,2023-05-05,AAPL,170.9800,174.3000,170.7600,173.5700,113453200
416,2023-05-08,AAPL,172.4800,173.8500,172.1100,173.5000,55962800
417,2023-05-09,AAPL,173.0500,173.5400,171.6000,171.7700,45326900
418,2023-05-10,AAPL,173.0200,174.0300,171.9000,173.5600,53724500
419,2023-05-11,AAPL,173.8500,174.5900,172.1700,173.7500,49514700
420,2023-05-12,AAPL,173.6200,174.0600,171.0000,172.5700,45533100
421,2023-05-15,AAPL,173.1600,173.2100,171.4700,172.0700,37266700
422,2023-05-16,AAPL,171.9900,173.1400,171.8000,172.0700,42110300
423,2023-05-17,AAPL,171.7100,172.9300,170.4200,172.6900,57951600
424,2023-05-18,AAPL,173.0000,175.2400,172.5800,175.0500,65496700
425,2023-05-19,AAPL,176.3900,176.3900,174.9400,175.1600,55809500
426,2023-05-22,AAPL,173.9800,174.7100,173.4500,174.2000,43570900
427,2023-05-23,AAPL,173.1300,173.3800,171.2800,171.5600,50747300
428,2023-05-24,AAPL,171.0900,172.4200,170.5200,171.8400,45143500
429,2023-05-25,AAPL,172.4100,173.9000,171.6900,172.9900,56058300
430,2023-05-26,AAPL,173.3200,175.7700,173.1100,175.4300,54835000
431,2023-05-30,AAPL,176.9600,178.9900,176.5700,177.3000,55964400
432,2023-05-31,AAPL,177.3300,179.3500,176.7600,177.2500,99625300
433,2023-06-01,AAPL,177.7000,180.1200,176.9300,180.0900,68901800
434,2023-06-02,AAPL,181.0300,181.7800,179.2600,180.9500,61996900
435,2023-06-05,AAPL,182.6300,184.9500,178.0400,179.5800,121946500
436,2023-06-06,AAPL,179.9700,180.1200,177.4300,179.2100,64848400
437,2023-06-07,AAPL,178.4400,181.2100,177.3200,177.8200,61944600
438,2023-06-08,AAPL,177.9000,180.8400,177.4600,180.5700,50214900
439,2023-06-09,AAPL,181.5000,182.2300,180.6300,180.9600,48900000
440,2023-06-12,AAPL,181.2700,183.8900,180.9700,183.7900,54274900
441,2023-06-13,AAPL,182.8000,184.1500,182.4400,183.3100,54929100
442,2023-06-14,AAPL,183.3700,184.3900,182.0200,183.9500,57462900
443,2023-06-15,AAPL,183.9600,186.5200,183.7800,186.0100,65433200
444,2023-06-16,AAPL,186.7300,186.9900,184.2700,184.9200,101256200
445,2023-06-20,AAPL,184.4100,186.1000,184.4100,185.0100,49799100
446,2023-06-21,AAPL,184.9000,185.4100,182.5900,183.9600,49515700
447,2023-06-22,AAPL,183.7400,187.0500,183.6700,187.0000,51245300
448,2023-06-23,AAPL,185.5500,187.5600,185.0100,186.6800,53117000
449,2023-06-26,AAPL,186.8300,188.0500,185.2300,185.2700,48088700
450,2023-06-27,AAPL,185.8900,188.3900,185.6700,188.0600,50730800
451,2023-06-28,AAPL,187.9300,189.9000,187.6000,189.2500,51216800
452,2023-06-29,AAPL,189.0800,190.0700,188.9400,189.5900,46347300
453,2023-06-30,AAPL,191.6300,194.4800,191.2600,193.9700,85213200
454,2023-07-03,AAPL,193.7800,193.8800,191.7600,192.4600,31458200
455,2023-07-05,AAPL,191.5700,192.9800,190.6200,191.3300,46920300
456,2023-07-06,AAPL,189.8400,192.0200,189.2000,191.8100,45094300
457,2023-07-07,AAPL,191.4100,192.6700,190.2400,190.6800,46815000
458,2023-07-10,AAPL,189.2600,189.9900,187.0400,188.6100,59922200
459,2023-07-11,AAPL,189.1600,189.3000,186.6000,188.0800,46638100
460,2023-07-12,AAPL,189.6800,191.7000,188.4700,189.7700,60750200
461,2023-07-13,AAPL,190.5000,191.1900,189.7800,190.5400,41342300
462,2023-07-14,AAPL,190.2300,191.1800,189.6300,190.6900,41616200
463,2023-07-17,AAPL,191.9000,194.3200,191.8100,193.9900,50520200
464,2023-07-18,AAPL,193.3500,194.3300,192.4200,193.7300,48288200
465,2023-07-19,AAPL,193.1000,198.2300,192.6500,195.1000,80507300
466,2023-07-20,AAPL,195.0900,196.4700,192.5000,193.1300,59581200
467,2023-07-21,AAPL,194.1000,194.9700,191.2300,191.9400,71951700
468,2023-07-24,AAPL,193.4100,194.9100,192.2500,192.7500,45377800
469,2023-07-25,AAPL,193.3300,194.4400,192.9200,193.6200,37283200
470,2023-07-26,AAPL,193.6700,195.6400,193.3200,194.5000,47471900
471,2023-07-27,AAPL,196.0200,197.2000,192.5500,193.2200,47460200
472,2023-07-28,AAPL,194.6700,196.6300,194.1400,195.8300,48291400
473,2023-07-31,AAPL,196.0600,196.4900,195.2600,196.4500,38824100
474,2023-08-01,AAPL,196.2400,196.7300,195.2800,195.6100,35175100
475,2023-08-02,AAPL,195.0400,195.1800,191.8500,192.5800,50389300
476,2023-08-03,AAPL,191.5700,192.3700,190.6900,191.1700,61235200
477,2023-08-04,AAPL,185.5200,187.3800,181.9200,181.9900,115956800
478,2023-08-07,AAPL,182.1300,183.1300,177.3500,178.8500,97576100
479,2023-08-08,AAPL,179.6900,180.2700,177.5800,179.8000,67823000
480,2023-08-09,AAPL,180.8700,180.9300,177.0100,178.1900,60378500
481,2023-08-10,AAPL,179.4800,180.7500,177.6000,177.9700,54686900
482,2023-08-11,AAPL,177.3200,178.6200,176.5500,177.7900,52036700
483,2023-08-14,AAPL,177.9700,179.6900,177.3100,179.4600,43675600
484,2023-08-15,AAPL,178.8800,179.4800,177.0500,177.4500,43622600
485,2023-08-16,AAPL,177.1300,178.5400,176.5000,176.5700,46964900
486,2023-08-17,AAPL,177.1400,177.5100,173.4800,174.0000,66062900
487,2023-08-18,AAPL,172.3000,175.1000,171.9600,174.4900,61172200
488,2023-08-21,AAPL,175.0700,176.1300,173.7400,175.8400,46311900
489,2023-08-22,AAPL,177.0600,177.6800,176.2500,177.2300,42038900
490,2023-08-23,AAPL,178.5200,181.5500,178.3300,181.1200,52722800
491,2023-08-24,AAPL,180.6700,181.1000,176.0100,176.3800,54945800
492,2023-08-25,AAPL,177.3800,179.1500,175.8200,178.6100,51449600
493,2023-08-28,AAPL,180.0900,180.5900,178.5500,180.1900,43820700
494,2023-08-29,AAPL,179.7000,184.9000,179.5000,184.1200,53003900
495,2023-08-30,AAPL,184.9400,187.8500,184.7400,187.6500,60813900
496,2023-08-31,AAPL,187.8400,189.1200,187.4800,187.8700,60794500
497,2023-09-01,AAPL,189.4900,189.9200,188.2800,189.4600,45766500
498,2023-09-05,AAPL,188.2800,189.9800,187.6100,189.7000,45280000
499,2023-09-06,AAPL,188.4000,188.8500,181.4700,182.9100,81755800
500,2023-09-07,AAPL,175.1800,178.2100,173.5400,177.5600,112488800
501,2023-09-08,AAPL,178.3500,180.2400,177.7900,178.1800,65551300
502,2023-09-11,AAPL,180.0700,180.3000,177.3400,179.3600,58953100
503,2023-09-12,AAPL,179.4900,180.1300,174.8200,176.3000,90370200
504,2023-09-13,AAPL,176.5100,177.3000,173.9800,174.2100,84267900
505,2023-09-14,AAPL,174.0000,176.1000,173.5800,175.7400,60895800
506,2023-09-15,AAPL,176.4800,176.5000,173.8200,175.0100,109259500
507,2023-09-18,AAPL,176.4800,179.3800,176.1700,177.9700,67257600
508,2023-09-19,AAPL,177.5200,179.6300,177.1300,179.0700,51826900
509,2023-09-20,AAPL,179.2600,179.7000,175.4000,175.4900,58436200
510,2023-09-21,AAPL,174.5500,176.3000,173.8600,173.9300,63149100
511,2023-09-22,AAPL,174.6700,177.0800,174.0500,174.7900,56725400
512,2023-09-25,AAPL,174.2000,176.9700,174.1500,176.0800,46172700
513,2023-09-26,AAPL,174.8200,175.2000,171.6600,171.9600,64588900
514,2023-09-27,AAPL,172.6200,173.0400,169.0500,170.4300,66921800
515,2023-09-28,AAPL,169.3400,172.0300,167.6200,170.6900,56294400
516,2023-09-29,AAPL,172.0200,173.0700,170.3400,171.2100,51861100
517,2023-10-02,AAPL,171.2200,174.3000,170.9300,173.7500,52164500
518,2023-10-03,AAPL,172.2600,173.6300,170.8200,172.4000,49594600
519,2023-10-04,AAPL,171.0900,174.2100,170.9700,173.6600,53020300
520,2023-10-05,AAPL,173.7900,175.4500,172.6800,174.9100,48527900
521,2023-10-06,AAPL,173.8000,177.9900,173.1800,177.4900,57266700
522,2023-10-09,AAPL,176.8100,179.0500,175.8000,178.9900,42390800
523,2023-10-10,AAPL,178.1000,179.7200,177.9500,178.3900,43698000
524,2023-10-11,AAPL,178.2000,179.8500,177.6000,179.8000,47551100
525,2023-10-12,AAPL,180.0700,182.3400,179.0400,180.7100,56743100
526,2023-10-13,AAPL,181.4200,181.9300,178.1400,178.8500,51427100
527,2023-10-16,AAPL,176.7500,179.0800,176.5100,178.7200,52517000
528,2023-10-17,AAPL,176.6500,178.4200,174.8000,177.1500,57549400
529,2023-10-18,AAPL,175.5800,177.5800,175.1100,175.8400,54764400
530,2023-10-19,AAPL,176.0400,177.8400,175.1900,175.4600,59302900
531,2023-10-20,AAPL,175.3100,175.4200,172.6400,172.8800,64244000
532,2023-10-23,AAPL,170.9100,174.0100,169.9300,173.0000,55980100
533,2023-10-24,AAPL,173.0500,173.6700,171.4500,173.4400,43816600
534,2023-10-25,AAPL,171.8800,173.0600,170.6500,171.1000,57157000
535,2023-10-26,AAPL,170.3700,171.3800,165.6700,166.8900,70625300
536,2023-10-27,AAPL,166.9100,168.9600,166.8300,168.2200,58499100
537,2023-10-30,AAPL,169.0200,171.1700,168.8700,170.2900,51131000
538,2023-10-31,AAPL,169.3500,170.9000,167.9000,170.7700,44846000
539,2023-11-01,AAPL,171.0000,174.2300,170.1200,173.9700,56934900
540,2023-11-02,AAPL,175.5200,177.7800,175.4600,177.5700,77334800
541,2023-11-03,AAPL,174.2400,176.8200,173.3500,176.6500,79829200
542,2023-11-06,AAPL,176.3800,179.4300,176.2100,179.2300,63841300
543,2023-11-07,AAPL,179.1800,182.4400,178.9700,181.8200,70530000
544,2023-11-08,AAPL,182.3500,183.4500,181.5900,182.8900,49340300
545,2023-11-09,AAPL,182.9600,184.1200,181.8100,182.4100,53763500
546,2023-11-10,AAPL,183.9700,186.5700,183.5300,186.4000,66133400
547,2023-11-13,AAPL,185.8200,186.0300,184.2100,184.8000,43627500
548,2023-11-14,AAPL,187.7000,188.1100,186.3000,187.4400,60108400
549,2023-11-15,AAPL,187.8500,189.5000,187.7800,188.0100,53790500
550,2023-11-16,AAPL,189.5700,190.9600,188.6500,189.7100,54412900
551,2023-11-17,AAPL,190.2500,190.3800,188.5700,189.6900,50922700
552,2023-11-20,AAPL,189.8900,191.9100,189.8800,191.4500,46505100
553,2023-11-21,AAPL,191.4100,191.5200,189.7400,190.6400,38134500
554,2023-11-22,AAPL,191.4900,192.9300,190.8300,191.3100,39617700
555,2023-11-24,AAPL,190.8700,190.9000,189.2500,189.9700,24048300
556,2023-11-27,AAPL,189.9200,190.6700,188.9000,189.7900,40552600
557,2023-11-28,AAPL,189.7800,191.0800,189.4000,190.4000,38415400
558,2023-11-29,AAPL,190.9000,192.0900,188.9700,189.3700,43014200
559,2023-11-30,AAPL,189.8400,190.3200,188.1900,189.9500,48794400
560,2023-12-01,AAPL,190.3300,191.5600,189.2300,191.2400,45704800
561,2023-12-04,AAPL,189.9800,190.0500,187.4500,189.4300,43389500
562,2023-12-05,AAPL,190.2100,194.4000,190.1800,193.4200,66628400
563,2023-12-06,AAPL,194.4500,194.7600,192.1100,192.3200,41089700
564,2023-12-07,AAPL,193.6300,195.0000,193.5900,194.2700,47477700
565,2023-12-08,AAPL,194.2000,195.9900,193.6700,195.7100,53406400
566,2023-12-11,AAPL,193.1100,193.4900,191.4200,193.1800,60943700
567,2023-12-12,AAPL,193.0800,194.7200,191.7200,194.7100,52696900
568,2023-12-13,AAPL,195.0900,198.0000,194.8500,197.9600,70404200
569,2023-12-14,AAPL,198.0200,199.6200,196.1600,198.1100,66831600
570,2023-12-15,AAPL,197.5300,198.4000,197.0000,197.5700,128538400
571,2023-12-18,AAPL,196.0900,196.6300,194.3900,195.8900,55751900
572,2023-12-19,AAPL,196.1600,196.9500,195.8900,196.9400,40714100
573,2023-12-20,AAPL,196.9000,197.6800,194.8300,194.8300,52242800
574,2023-12-21,AAPL,196.1000,197.0800,193.5000,194.6800,46482500
575,2023-12-22,AAPL,195.1800,195.4100,192.9700,193.6000,37149600
576,2023-12-26,AAPL,193.6100,193.8900,192.8300,193.0500,28919300
577,2023-12-27,AAPL,192.4900,193.5000,191.0900,193.1500,48087700
578,2023-12-28,AAPL,194.1400,194.6600,193.1700,193.5800,34049900
579,2023-12-29,AAPL,193.9000,194.4000,191.7300,192.5300,42672100
580,2024-01-02,AAPL,187.1500,188.4400,183.8900,185.6400,82488700
581,2024-01-03,AAPL,184.2200,185.8800,183.4300,184.2500,58414500
582,2024-01-04,AAPL,182.1500,183.0900,180.8800,181.9100,71983600
583,2024-01-05,AAPL,181.9900,182.7600,180.1700,181.1800,62379700
584,2024-01-08,AAPL,182.0900,185.6000,181.5000,185.5600,59144500
585,2024-01-09,AAPL,183.9200,185.1500,182.7300,185.1400,42841800
586,2024-01-10,AAPL,184.3500,186.4000,183.9200,186.1900,46792900
587,2024-01-11,AAPL,186.5400,187.0500,183.6200,185.5900,49128400
588,2024-01-12,AAPL,186.0600,186.7400,185.1900,185.9200,40477800
589,2024-01-16,AAPL,182.1600,184.2600,180.9300,183.6300,65603000
590,2024-01-17,AAPL,181.2700,182.9300,180.3000,182.6800,47317400
591,2024-01-18,AAPL,186.0900,189.1400,185.8300,188.6300,78005800
592,2024-01-19,AAPL,189.3300,191.9500,188.8200,191.5600,68903000
593,2024-01-22,AAPL,192.3000,195.3300,192.2600,193.8900,60133900
594,2024-01-23,AAPL,195.0200,195.7500,193.8300,195.1800,42355600
595,2024-01-24,AAPL,195.4200,196.3800,194.3400,194.5000,53631300
596,2024-01-25,AAPL,195.2200,196.2700,193.1100,194.1700,54822100
597,2024-01-26,AAPL,194.2700,194.7600,191.9400,192.4200,44594000
598,2024-01-29,AAPL,192.0100,192.2000,189.5800,191.7300,47145600
599,2024-01-30,AAPL,190.9400,191.8000,187.4700,188.0400,55859400
600,2024-01-31,AAPL,187.0400,187.1000,184.3500,184.4000,55467800
601,2024-02-01,AAPL,183.9900,186.9500,183.8200,186.8600,64885400
602,2024-02-02,AAPL,179.8600,187.3300,179.2500,185.8500,102551700
603,2024-02-05,AAPL,188.1500,189.2500,185.8400,187.6800,69668800
604,2024-02-06,AAPL,186.8600,189.3100,186.7700,189.3000,43490800
605,2024-02-07,AAPL,190.6400,191.0500,188.6100,189.4100,53439000
606,2024-02-08,AAPL,189.3900,189.5400,187.3500,188.3200,40962000
607,2024-02-09,AAPL,188.6500,189.9900,188.0000,188.8500,45155200
608,2024-02-12,AAPL,188.4200,188.6700,186.7900,187.1500,41781900
609,2024-02-13,AAPL,185.7700,186.2100,183.5100,185.0400,56529500
610,2024-02-14,AAPL,185.3200,185.5300,182.4400,184.1500,54630500
611,2024-02-15,AAPL,183.5500,184.4900,181.3500,183.8600,65434500
612,2024-02-16,AAPL,183.4200,184.8500,181.6700,182.3100,49752500
613,2024-02-20,AAPL,181.7900,182.4300,180.0000,181.5600,53665600
614,2024-02-21,AAPL,181.9400,182.8900,180.6600,182.3200,41371400
615,2024-02-22,AAPL,183.4800,184.9600,182.4600,184.3700,52292200
616,2024-02-23,AAPL,185.0100,185.0400,182.2300,182.5200,45119700
617,2024-02-26,AAPL,182.2400,182.7600,180.6500,181.1600,40867400
618,2024-02-27,AAPL,181.1000,183.9200,179.5600,182.6300,54318900
619,2024-02-28,AAPL,182.5100,183.1200,180.1300,181.4200,48953900
620,2024-02-29,AAPL,181.2700,182.5700,179.5300,180.7500,136682600
621,2024-03-01,AAPL,179.5500,180.5300,177.3800,179.6600,73563100
622,2024-03-04,AAPL,176.1500,176.9000,173.7900,175.1000,81510100
623,2024-03-05,AAPL,170.7600,172.0400,169.6200,170.1200,95132400
624,2024-03-06,AAPL,171.0600,171.2400,168.6800,169.1200,68587700
625,2024-03-07,AAPL,169.1500,170.7300,168.4900,169.0000,71765100
626,2024-03-08,AAPL,169.0000,173.7000,168.9400,170.7300,76267000
627,2024-03-11,AAPL,172.9400,174.3800,172.0500,172.7500,60139500
628,2024-03-12,AAPL,173.1500,174.0300,171.0100,173.2300,59825400
629,2024-03-13,AAPL,172.7700,173.1900,170.7600,171.1300,52488700
630,2024-03-14,AAPL,172.9100,174.3100,172.0500,173.0000,72913500
631,2024-03-15,AAPL,171.1700,172.6200,170.2900,172.6200,121752700
632,2024-03-18,AAPL,175.5700,177.7100,173.5200,173.7200,75604200
633,2024-03-19,AAPL,174.3400,176.6100,173.0300,176.0800,55215200
634,2024-03-20,AAPL,175.7200,178.6700,175.0900,178.6700,53423100
635,2024-03-21,AAPL,177.0500,177.4900,170.8400,171.3700,106181300
636,2024-03-22,AAPL,171.7600,173.0500,170.0600,172.2800,71160100
637,2024-03-25,AAPL,170.5700,171.9400,169.4500,170.8500,54288300
638,2024-03-26,AAPL,170.0000,171.4200,169.5800,169.7100,57388400
639,2024-03-27,AAPL,170.4100,173.6000,170.1100,173.3100,60273300
640,2024-03-28,AAPL,171.7500,172.2300,170.5100,171.4800,65672700
641,2024-04-01,AAPL,171.1900,171.2500,169.4800,170.0300,46240500
642,2024-04-02,AAPL,169.0800,169.3400,168.2300,168.8400,49329500
643,2024-04-03,AAPL,168.7900,170.6800,168.5800,169.6500,47691700
644,2024-04-04,AAPL,170.2900,171.9200,168.8200,168.8200,53704400
645,2024-04-05,AAPL,169.5900,170.3900,168.9500,169.5800,42104800
646,2024-04-08,AAPL,169.0300,169.2000,168.2400,168.4500,37425500
647,2024-04-09,AAPL,168.7000,170.0800,168.3500,169.6700,42373800
648,2024-04-10,AAPL,168.8000,169.0900,167.1100,167.7800,49709300
649,2024-04-11,AAPL,168.3400,175.4600,168.1600,175.0400,91070300
650,2024-04-12,AAPL,174.2600,178.3600,174.2100,176.5500,101670900
651,2024-04-15,AAPL,175.3600,176.6300,172.5000,172.6900,73531800
652,2024-04-16,AAPL,171.7500,173.7600,168.2700,169.3800,73711200
653,2024-04-17,AAPL,169.6100,170.6500,168.0000,168.0000,50901200
654,2024-04-18,AAPL,168.0300,168.6400,166.5500,167.0400,43122900
655,2024-04-19,AAPL,166.2100,166.4000,164.0800,165.0000,68149400
656,2024-04-22,AAPL,165.5200,167.2600,164.7700,165.8400,48116400
657,2024-04-23,AAPL,165.3500,167.0500,164.9200,166.9000,49537800
658,2024-04-24,AAPL,166.5400,169.3000,166.2100,169.0200,48251800
659,2024-04-25,AAPL,169.5300,170.6100,168.1500,169.8900,50558300
660,2024-04-26,AAPL,169.8800,171.3400,169.1800,169.3000,44838400
661,2024-04-29,AAPL,173.3700,176.0300,173.1000,173.5000,68169400
662,2024-04-30,AAPL,173.3300,174.9900,170.0000,170.3300,65934800
663,2024-05-01,AAPL,169.5800,172.7100,169.1100,169.3000,50383100
664,2024-05-02,AAPL,172.5100,173.4200,170.8900,173.0300,94214900
665,2024-05-03,AAPL,186.6500,187.0000,182.6600,183.3800,163224100
666,2024-05-06,AAPL,182.3500,184.2000,180.4200,181.7100,78569700
667,2024-05-07,AAPL,183.4500,184.9000,181.3200,182.4000,77305800
668,2024-05-08,AAPL,182.8500,183.0700,181.4500,182.7400,45057100
669,2024-05-09,AAPL,182.5600,184.6600,182.1100,184.5700,48983000
670,2024-05-10,AAPL,184.9000,185.0900,182.1300,183.0500,50759500
671,2024-05-13,AAPL,185.4400,187.1000,184.6200,186.2800,72044800
672,2024-05-14,AAPL,187.5100,188.3000,186.2900,187.4300,52393600
673,2024-05-15,AAPL,187.9100,190.6500,187.3700,189.7200,70400000
674,2024-05-16,AAPL,190.4700,191.1000,189.6600,189.8400,52845200
675,2024-05-17,AAPL,189.5100,190.8100,189.1800,189.8700,41282900
676,2024-05-20,AAPL,189.3300,191.9200,189.0100,191.0400,44361300
677,2024-05-21,AAPL,191.0900,192.7300,190.9200,192.3500,42309400
678,2024-05-22,AAPL,192.2700,192.8200,190.2700,190.9000,34648500
679,2024-05-23,AAPL,190.9800,191.0000,186.6300,186.8800,51005900
680,2024-05-24,AAPL,188.8200,190.5800,188.0400,189.9800,36327000
681,2024-05-28,AAPL,191.5100,193.0000,189.1000,189.9900,52280100
682,2024-05-29,AAPL,189.6100,192.2500,189.5100,190.2900,53068000
683,2024-05-30,AAPL,190.7600,192.1800,190.6300,191.2900,49889100
684,2024-05-31,AAPL,191.4400,192.5700,189.9100,192.2500,75158300
685,2024-06-03,AAPL,192.9000,194.9900,192.5200,194.0300,50080500
686,2024-06-04,AAPL,194.6400,195.3200,193.0300,194.3500,47471400
687,2024-06-05,AAPL,195.4000,196.9000,194.8700,195.8700,54156800
688,2024-06-06,AAPL,195.6900,196.5000,194.1700,194.4800,41181800
689,2024-06-07,AAPL,194.6500,196.9400,194.1400,196.8900,53103900
690,2024-06-10,AAPL,196.9000,197.3000,192.1500,193.1200,97010200
691,2024-06-11,AAPL,193.6500,207.1600,193.6300,207.1500,172373300
692,2024-06-12,AAPL,207.3700,220.2000,206.9000,213.0700,198134300
693,2024-06-13,AAPL,214.7400,216.7500,211.6000,214.2400,97862700
694,2024-06-14,AAPL,213.8500,215.1700,211.3000,212.4900,70122700
695,2024-06-17,AAPL,213.3700,218.9500,212.7200,216.6700,93728300
696,2024-06-18,AAPL,217.5900,218.6300,213.0000,214.2900,79943300
697,2024-06-20,AAPL,213.9300,214.2400,208.8500,209.6800,86172500
698,2024-06-21,AAPL,210.3900,211.8900,207.1100,207.4900,241805100
699,2024-06-24,AAPL,207.7200,212.7000,206.5900,208.1400,80727000
700,2024-06-25,AAPL,209.1500,211.3800,208.6100,209.0700,55549700
701,2024-06-26,AAPL,211.5000,214.8600,210.6400,213.2500,66213200
702,2024-06-27,AAPL,214.6900,215.7400,212.3500,214.1000,49772700
703,2024-06-28,AAPL,215.7700,216.0700,210.3000,210.6200,82542700
704,2024-07-01,AAPL,212.0900,217.5100,211.9200,216.7500,60402900
705,2024-07-02,AAPL,216.1500,220.3800,215.1000,220.2700,58046200
706,2024-07-03,AAPL,220.0000,221.5500,219.0300,221.5500,37369800
707,2024-07-05,AAPL,221.6500,226.4500,221.6500,226.3400,60412400
708,2024-07-08,AAPL,227.0900,227.8500,223.2500,227.8200,59085900
709,2024-07-09,AAPL,227.9300,229.4000,226.3700,228.6800,48076100
710,2024-07-10,AAPL,229.3000,233.0800,229.2500,232.9800,62627700
711,2024-07-11,AAPL,231.3900,232.3900,225.7700,227.5700,64710600
712,2024-07-12,AAPL,228.9200,232.6400,228.6800,230.5400,53046500
713,2024-07-15,AAPL,236.4800,237.2300,233.0900,234.4000,62631300
714,2024-07-16,AAPL,235.0000,236.2700,232.3300,234.8200,43234300
715,2024-07-17,AAPL,229.4500,231.4600,226.6400,228.8800,57345900
716,2024-07-18,AAPL,230.2800,230.4400,222.2700,224.1800,66034600
717,2024-07-19,AAPL,224.8200,226.8000,223.2800,224.3100,49151500
718,2024-07-22,AAPL,227.0100,227.7800,223.0900,223.9600,48201800
719,2024-07-23,AAPL,224.3700,226.9400,222.6800,225.0100,39960300
720,2024-07-24,AAPL,224.0000,224.8000,217.1300,218.5400,61777600
721,2024-07-25,AAPL,218.9300,220.8500,214.6200,217.4900,51391200
722,2024-07-26,AAPL,218.7000,219.4900,216.0100,217.9600,41601300
723,2024-07-29,AAPL,216.9600,219.3000,215.7500,218.2400,36311800
724,2024-07-30,AAPL,219.1900,220.3300,216.1200,218.8000,41643800
725,2024-07-31,AAPL,221.4400,223.8200,220.6300,222.0800,50036300
726,2024-08-01,AAPL,224.3700,224.4800,217.0200,218.3600,62501000
727,2024-08-02,AAPL,219.1500,225.6000,217.7100,219.8600,105568600
728,2024-08-05,AAPL,199.0900,213.5000,196.0000,209.2700,119548600
729,2024-08-06,AAPL,205.3000,209.9900,201.0700,207.2300,69660500
730,2024-08-07,AAPL,206.9000,213.6400,206.3900,209.8200,63516400
731,2024-08-08,AAPL,213.1100,214.2000,208.8300,213.3100,47161100
732,2024-08-09,AAPL,212.1000,216.7800,211.9700,216.2400,42201600
733,2024-08-12,AAPL,216.0700,219.5100,215.6000,217.5300,38028100
734,2024-08-13,AAPL,219.0100,221.8900,219.0100,221.2700,44155300
735,2024-08-14,AAPL,220.5700,223.0300,219.7000,221.7200,41960600
736,2024-08-15,AAPL,224.6000,225.3500,222.7600,224.7200,46414000
737,2024-08-16,AAPL,223.9200,226.8300,223.6500,226.0500,44340200
738,2024-08-19,AAPL,225.7200,225.9900,223.0400,225.8900,40687800
739,2024-08-20,AAPL,225.7700,227.1700,225.4500,226.5100,30299000
740,2024-08-21,AAPL,226.5200,227.9800,225.0500,226.4000,34765500
741,2024-08-22,AAPL,227.7900,228.3400,223.9000,224.5300,43695300
742,2024-08-23,AAPL,225.6600,228.2200,224.3300,226.8400,38677300
743,2024-08-26,AAPL,226.7600,227.2800,223.8900,227.1800,30602200
744,2024-08-27,AAPL,226.0000,228.8500,224.8900,228.0300,35934600
745,2024-08-28,AAPL,227.9200,229.8600,225.6800,226.4900,38052200
746,2024-08-29,AAPL,230.1000,232.9200,228.8800,229.7900,51906300
747,2024-08-30,AAPL,230.1900,230.4000,227.4800,229.0000,52990800
748,2024-09-03,AAPL,228.5500,229.0000,221.1700,222.7700,50190600
749,2024-09-04,AAPL,221.6600,221.7800,217.4800,220.8500,43840200
750,2024-09-05,AAPL,221.6300,225.4800,221.5200,222.3800,36615400
751,2024-09-06,AAPL,223.9500,225.2400,219.7700,220.8200,48423000
752,2024-09-09,AAPL,220.8200,221.2700,216.7100,220.9100,67180000
753,2024-09-10,AAPL,218.9200,221.4800,216.7300,220.1100,51591000
754,2024-09-11,AAPL,221.4600,223.0900,217.8900,222.6600,44587100
755,2024-09-12,AAPL,222.5000,223.5500,219.8200,222.7700,37455600
756,2024-09-13,AAPL,223.5800,224.0400,221.9100,222.5000,36766600
757,2024-09-16,AAPL,216.5400,217.2200,213.9200,216.3200,59357400
758,2024-09-17,AAPL,215.7500,216.9000,214.5000,216.7900,45519300
759,2024-09-18,AAPL,217.5500,222.7100,217.5400,220.6900,59894900
760,2024-09-19,AAPL,224.9900,229.8200,224.6300,228.8700,66781300
761,2024-09-20,AAPL,229.9700,233.0900,227.6200,228.2000,318679900
762,2024-09-23,AAPL,227.3400,229.4500,225.8100,226.4700,54146000
763,2024-09-24,AAPL,228.6500,229.3500,225.7300,227.3700,43556100
764,2024-09-25,AAPL,224.9300,227.2900,224.0200,226.3700,42308700
765,2024-09-26,AAPL,227.3000,228.5000,225.4100,227.5200,36636700
766,2024-09-27,AAPL,228.4600,229.5200,227.3000,227.7900,34026000
767,2024-09-30,AAPL,230.0400,233.0000,229.6500,233.0000,54541900
768,2024-10-01,AAPL,229.5200,229.6500,223.7400,226.2100,63285000
769,2024-10-02,AAPL,225.8900,227.3700,223.0200,226.7800,32880600
770,2024-10-03,AAPL,225.1400,226.8100,223.3200,225.6700,34044200
771,2024-10-04,AAPL,227.9000,228.0000,224.1300,226.8000,37245100
772,2024-10-07,AAPL,224.5000,225.6900,221.3300,221.6900,39505400
773,2024-10-08,AAPL,224.3000,225.9800,223.2500,225.7700,31855700
774,2024-10-09,AAPL,225.2300,229.7500,224.8300,229.5400,33591100
775,2024-10-10,AAPL,227.7800,229.5000,227.1700,229.0400,28183500
776,2024-10-11,AAPL,229.3000,229.4100,227.3400,227.5500,31759200
777,2024-10-14,AAPL,228.7000,231.7300,228.6000,231.3000,39882100
778,2024-10-15,AAPL,233.6100,237.4900,232.3700,233.8500,64751400
779,2024-10-16,AAPL,231.6000,232.1200,229.8400,231.7800,34082200
780,2024-10-17,AAPL,233.4300,233.8500,230.5200,232.1500,32993800
781,2024-10-18,AAPL,236.1800,236.1800,234.0100,235.0000,46431500
782,2024-10-21,AAPL,234.4500,236.8500,234.4500,236.4800,36254500
783,2024-10-22,AAPL,233.8900,236.2200,232.6000,235.8600,38846600
784,2024-10-23,AAPL,234.0800,235.1400,227.7600,230.7600,52287000
785,2024-10-24,AAPL,229.9800,230.8200,228.4100,230.5700,31109500
786,2024-10-25,AAPL,229.7400,233.2200,229.5700,231.4100,38802300
787,2024-10-28,AAPL,233.3200,234.7300,232.5500,233.4000,36087100
788,2024-10-29,AAPL,233.1000,234.3300,232.3200,233.6700,35417200
789,2024-10-30,AAPL,232.6100,233.4700,229.5500,230.1000,47070900
790,2024-10-31,AAPL,229.3400,229.8300,225.3700,225.9100,64370100
791,2024-11-01,AAPL,220.9700,225.3500,220.2700,222.9100,65276700
792,2024-11-04,AAPL,220.9900,222.7900,219.7100,222.0100,44944500
793,2024-11-05,AAPL,221.8000,223.9500,221.1400,223.4500,28111300
794,2024-11-06,AAPL,222.6100,226.0700,221.1900,222.7200,54561100
795,2024-11-07,AAPL,224.6300,227.8800,224.5700,227.4800,42137700
796,2024-11-08,AAPL,227.1700,228.6600,226.4100,226.9600,38328800
797,2024-11-11,AAPL,225.0000,225.7000,221.5000,224.2300,42005600
798,2024-11-12,AAPL,224.5500,225.5900,223.3600,224.2300,40398300
799,2024-11-13,AAPL,224.0100,226.6500,222.7600,225.1200,48566200
800,2024-11-14,AAPL,225.0200,228.8700,225.0000,228.2200,44923900
801,2024-11-15,AAPL,226.4000,226.9200,224.2700,225.0000,47923700
802,2024-11-18,AAPL,225.2500,229.7400,225.1700,228.0200,44633700
803,2024-11-19,AAPL,226.9800,230.1600,226.6600,228.2800,36211800
804,2024-11-20,AAPL,228.0600,229.9300,225.8900,229.0000,35169600
805,2024-11-21,AAPL,228.8800,230.1600,225.7100,228.5200,42108300
806,2024-11-22,AAPL,228.0600,230.7200,228.0600,229.8700,38168300
807,2024-11-25,AAPL,231.4600,233.2500,229.7400,232.8700,90152800
808,2024-11-26,AAPL,233.3300,235.5700,233.3300,235.0600,45986200
809,2024-11-27,AAPL,234.4700,235.6900,233.8100,234.9300,33498400
810,2024-11-29,AAPL,234.8100,237.8100,233.9700,237.3300,28481400
811,2024-12-02,AAPL,237.2700,240.7900,237.1600,239.5900,48137100
812,2024-12-03,AAPL,239.8100,242.7600,238.9000,242.6500,38861000
813,2024-12-04,AAPL,242.8700,244.1100,241.2500,243.0100,44383900
814,2024-12-05,AAPL,243.9900,244.5400,242.1300,243.0400,40033900
815,2024-12-06,AAPL,242.9100,244.6300,242.0800,242.8400,36870600
816,2024-12-09,AAPL,241.8300,247.2400,241.7500,246.7500,44649200
817,2024-12-10,AAPL,246.8900,248.2100,245.3400,247.7700,36914800
818,2024-12-11,AAPL,247.9600,250.8000,246.2600,246.4900,45205800
819,2024-12-12,AAPL,246.8900,248.7400,245.6800,247.9600,32777500
820,2024-12-13,AAPL,247.8200,249.2900,246.2400,248.1300,33155300
821,2024-12-16,AAPL,247.9900,251.3800,247.6500,251.0400,51694800
822,2024-12-17,AAPL,250.0800,253.8300,249.7800,253.4800,51356400
823,2024-12-18,AAPL,252.1600,254.2800,247.7400,248.0500,56774100
824,2024-12-19,AAPL,247.5000,252.0000,247.0900,249.7900,60882300
825,2024-12-20,AAPL,248.0400,255.0000,245.6900,254.4900,147495300
826,2024-12-23,AAPL,254.7700,255.6500,253.4500,255.2700,40858800
827,2024-12-24,AAPL,255.4900,258.2100,255.2900,258.2000,23234700
828,2024-12-26,AAPL,258.1900,260.1000,257.6300,259.0200,27237100
829,2024-12-27,AAPL,257.8300,258.7000,253.0600,255.5900,42355300
830,2024-12-30,AAPL,252.2300,253.5000,250.7500,252.2000,35557500
831,2024-12-31,AAPL,252.4400,253.2800,249.4300,250.4200,39480700
832,2025-01-02,AAPL,248.9300,249.1000,241.8200,243.8500,55740700
833,2025-01-03,AAPL,243.3600,244.1800,241.8900,243.3600,40244100
834,2025-01-06,AAPL,244.3100,247.3300,243.2000,245.0000,45045600
835,2025-01-07,AAPL,242.9800,245.5500,241.3500,242.2100,40856000
836,2025-01-08,AAPL,241.9200,243.7100,240.0500,242.7000,37628900
837,2025-01-10,AAPL,240.0100,240.1600,233.0000,236.8500,61710900
838,2025-01-13,AAPL,233.5300,234.6700,229.7200,234.4000,49630700
839,2025-01-14,AAPL,234.7500,236.1200,232.4700,233.2800,39435300
840,2025-01-15,AAPL,234.6400,238.9600,234.4300,237.8700,39832000
841,2025-01-16,AAPL,237.3500,238.0100,228.0300,228.2600,71759100
842,2025-01-17,AAPL,232.1200,232.2900,228.4800,229.9800,68488300
843,2025-01-21,AAPL,224.0000,224.4200,219.3800,222.6400,98070400
844,2025-01-22,AAPL,219.7900,224.1200,219.7900,223.8300,64126500
845,2025-01-23,AAPL,224.7400,227.0300,222.3000,223.6600,60234800
846,2025-01-24,AAPL,224.7800,225.6300,221.4100,222.7800,54697900
847,2025-01-27,AAPL,224.0200,232.1500,223.9800,229.8600,94863400
848,2025-01-28,AAPL,230.8500,240.1900,230.8100,238.2600,75707600
849,2025-01-29,AAPL,234.1200,239.8600,234.0100,239.3600,45486100
850,2025-01-30,AAPL,238.6700,240.7900,237.2100,237.5900,55658300
851,2025-01-31,AAPL,247.1900,247.1900,233.4400,236.0000,100959800
852,2025-02-03,AAPL,229.9900,231.8300,225.7000,228.0100,73063300
853,2025-02-04,AAPL,227.2500,233.1300,226.6500,232.8000,45067300
854,2025-02-05,AAPL,228.5300,232.6700,228.2700,232.4700,39620300
855,2025-02-06,AAPL,231.2900,233.8000,230.4300,233.2200,29925300
856,2025-02-07,AAPL,232.6000,234.0000,227.2600,227.6300,39707200
857,2025-02-10,AAPL,229.5700,230.5900,227.2000,227.6500,33115600
858,2025-02-11,AAPL,228.2000,235.2300,228.1300,232.6200,53718400
859,2025-02-12,AAPL,231.2000,236.9600,230.6800,236.8700,45243300
860,2025-02-13,AAPL,236.9100,242.3400,235.5700,241.5300,53614100
861,2025-02-14,AAPL,241.2500,245.5500,240.9900,244.6000,40896200
862,2025-02-18,AAPL,244.1500,245.1800,241.8400,244.4700,48822500
863,2025-02-19,AAPL,244.6600,246.0100,243.1600,244.8700,32204200
864,2025-02-20,AAPL,244.9400,246.7800,244.2900,245.8300,32316900
865,2025-02-21,AAPL,245.9500,248.6900,245.2200,245.5500,53197400
866,2025-02-24,AAPL,244.9300,248.8600,244.4200,247.1000,51326400
867,2025-02-25,AAPL,248.0000,250.0000,244.9100,247.0400,48013300
868,2025-02-26,AAPL,244.3300,244.9800,239.1300,240.3600,44433600
869,2025-02-27,AAPL,239.4100,242.4600,237.0600,237.3000,41153600
870,2025-02-28,AAPL,236.9500,242.0900,230.2000,241.8400,56833400
871,2025-03-03,AAPL,241.7900,244.0300,236.1100,238.0300,47184000
872,2025-03-04,AAPL,237.7100,240.0700,234.6800,235.9300,53798100
873,2025-03-05,AAPL,235.4200,236.5500,229.2300,235.7400,47227600
874,2025-03-06,AAPL,234.4400,237.8600,233.1600,235.3300,45170400
875,2025-03-07,AAPL,235.1100,241.3700,234.7600,239.0700,46273600
876,2025-03-10,AAPL,235.5400,236.1600,224.2200,227.4800,72071200
877,2025-03-11,AAPL,223.8100,225.8400,217.4500,220.8400,76137400
878,2025-03-12,AAPL,220.1400,221.7500,214.9100,216.9800,62547500
879,2025-03-13,AAPL,215.9500,216.8400,208.4200,209.6800,61368300
880,2025-03-14,AAPL,211.2500,213.9500,209.5800,213.4900,60107600
881,2025-03-17,AAPL,213.3100,215.2200,209.9700,214.0000,48073400
882,2025-03-18,AAPL,214.1600,215.1500,211.4900,212.6900,42432400
883,2025-03-19,AAPL,214.2200,218.7600,213.7500,215.2400,54385400
884,2025-03-20,AAPL,213.9900,217.4900,212.2200,214.1000,48862900
885,2025-03-21,AAPL,211.5600,218.8400,211.2800,218.2700,94127800
886,2025-03-24,AAPL,221.0000,221.4800,218.5800,220.7300,44299500
887,2025-03-25,AAPL,220.7700,224.1000,220.0800,223.7500,34493600
888,2025-03-26,AAPL,223.5100,225.0200,220.4700,221.5300,34466100
889,2025-03-27,AAPL,221.3900,224.9900,220.5600,223.8500,37094800
890,2025-03-28,AAPL,221.6700,223.8100,217.6800,217.9000,39818600
891,2025-03-31,AAPL,217.0100,225.6200,216.2300,222.1300,65299300
892,2025-04-01,AAPL,219.8100,223.6800,218.9000,223.1900,36412700
893,2025-04-02,AAPL,221.3200,225.1900,221.0200,223.8900,35905900
894,2025-04-03,AAPL,205.5400,207.4900,201.2500,203.1900,103419000
895,2025-04-04,AAPL,193.8900,199.8800,187.3400,188.3800,125910900
896,2025-04-07,AAPL,177.2000,194.1500,174.6200,181.4600,160466300
897,2025-04-08,AAPL,186.7000,190.3400,169.2100,172.4200,120859500
898,2025-04-09,AAPL,171.9500,200.6100,171.8900,198.8500,184395900
899,2025-04-10,AAPL,189.0700,194.7800,183.0000,190.4200,121880000
900,2025-04-11,AAPL,186.1000,199.5400,186.0600,198.1500,87435900
901,2025-04-14,AAPL,211.4400,212.9400,201.1600,202.5200,101352900
902,2025-04-15,AAPL,201.8600,203.5100,199.8000,202.1400,51343900
903,2025-04-16,AAPL,198.3600,200.7000,192.3700,194.2700,59732400
904,2025-04-17,AAPL,197.2000,198.8300,194.4200,196.9800,52164700
905,2025-04-21,AAPL,193.2700,193.8000,189.8100,193.1600,46742500
906,2025-04-22,AAPL,196.1200,201.5900,195.9700,199.7400,52976400
907,2025-04-23,AAPL,206.0000,208.0000,202.8000,204.6000,52929200
908,2025-04-24,AAPL,204.8900,208.8300,202.9400,208.3700,47311000
909,2025-04-25,AAPL,206.3700,209.7500,206.2000,209.2800,38222300
910,2025-04-28,AAPL,210.0000,211.5000,207.4600,210.1400,38743100
911,2025-04-29,AAPL,208.6900,212.2400,208.3700,211.2100,36827600
912,2025-04-30,AAPL,209.3000,213.5800,206.6700,212.5000,52286500
913,2025-05-01,AAPL,209.0800,214.5600,208.9000,213.3200,57365700
914,2025-05-02,AAPL,206.0900,206.9900,202.1600,205.3500,101010600
915,2025-05-05,AAPL,203.1000,204.1000,198.2100,198.8900,69018500
916,2025-05-06,AAPL,198.2100,200.6500,197.0200,198.5100,51216500
917,2025-05-07,AAPL,199.1700,199.4400,193.2500,196.2500,68536700
918,2025-05-08,AAPL,197.7200,200.0500,194.6800,197.4900,50478900
919,2025-05-09,AAPL,199.0000,200.5400,197.5400,198.5300,36453900
920,2025-05-12,AAPL,210.9700,211.2700,206.7500,210.7900,63775800
921,2025-05-13,AAPL,210.4300,213.4000,209.0000,212.9300,51909300
922,2025-05-14,AAPL,212.4300,213.9400,210.5800,212.3300,49325800
923,2025-05-15,AAPL,210.9500,212.9600,209.5400,211.4500,45029500
924,2025-05-16,AAPL,212.3600,212.5700,209.7700,211.2600,54737900
925,2025-05-19,AAPL,207.9100,209.4800,204.2600,208.7800,46140500
926,2025-05-20,AAPL,207.6700,208.4700,205.0300,206.8600,42496600
927,2025-05-21,AAPL,205.1700,207.0400,200.7100,202.0900,59211800
928,2025-05-22,AAPL,200.7100,202.7500,199.7000,201.3600,46742400
929,2025-05-23,AAPL,193.6700,197.7000,193.4600,195.2700,78432900
930,2025-05-27,AAPL,198.3000,200.7400,197.4300,200.2100,56288500
931,2025-05-28,AAPL,200.5900,202.7300,199.9000,200.4200,45339700
932,2025-05-29,AAPL,203.5800,203.8100,198.5100,199.9500,51396800
933,2025-05-30,AAPL,199.3700,201.9600,196.7800,200.8500,70819900
934,2025-06-02,AAPL,200.2800,202.1300,200.1200,201.7000,35423300
935,2025-06-03,AAPL,201.3500,203.7700,200.9600,203.2700,46381600
936,2025-06-04,AAPL,202.9100,206.2400,202.1000,202.8200,43604000
937,2025-06-05,AAPL,203.5000,204.7500,200.1500,200.6300,55126100
938,2025-06-06,AAPL,203.0000,205.7000,202.0500,203.9200,46607700
939,2025-06-09,AAPL,204.3900,206.0000,200.0200,201.4500,72862600
940,2025-06-10,AAPL,200.6000,204.3500,200.5700,202.6700,54672600
941,2025-06-11,AAPL,203.5000,204.5000,198.4100,198.7800,60989900
942,2025-06-12,AAPL,199.0800,199.6800,197.3600,199.2000,43904600
943,2025-06-13,AAPL,199.7300,200.3700,195.7000,196.4500,51447300
944,2025-06-16,AAPL,197.3000,198.6900,196.5600,198.4200,43020700
945,2025-06-17,AAPL,197.2000,198.3900,195.2100,195.6400,38856200
946,2025-06-18,AAPL,195.9400,197.5700,195.0700,196.5800,45394700
947,2025-06-20,AAPL,198.2400,201.7000,196.8600,201.0000,96813500
948,2025-06-23,AAPL,201.6300,202.3000,198.9600,201.5000,55814300
949,2025-06-24,AAPL,202.5900,203.4400,200.2000,200.3000,54064000
950,2025-06-25,AAPL,201.4500,203.6700,200.6200,201.5600,39525700
951,2025-06-26,AAPL,201.4300,202.6400,199.4600,201.0000,50799100
952,2025-06-27,AAPL,201.8900,203.2200,200.0000,201.0800,73188600
953,2025-06-30,AAPL,202.0100,207.3900,199.2600,205.1700,91912800
954,2025-07-01,AAPL,206.6700,210.1900,206.1400,207.8200,78788900
955,2025-07-02,AAPL,208.9100,213.3400,208.1400,212.4400,67941800
956,2025-07-03,AAPL,212.1500,214.6500,211.8100,213.5500,34955800
957,2025-07-07,AAPL,212.6800,216.2300,208.8000,209.9500,50229000
958,2025-07-08,AAPL,210.1000,211.4300,208.4500,210.0100,42848900
959,2025-07-09,AAPL,209.5300,211.3300,207.2200,211.1400,48749400
960,2025-07-10,AAPL,210.5100,213.4800,210.0300,212.4100,44443600
961,2025-07-11,AAPL,210.5700,212.1300,209.8600,211.1600,39765800
962,2025-07-14,AAPL,209.9300,210.9100,207.5400,208.6200,38840100
963,2025-07-15,AAPL,209.2200,211.8900,208.9200,209.1100,42296300
964,2025-07-16,AAPL,210.3000,212.4000,208.6400,210.1600,47490500
965,2025-07-17,AAPL,210.5700,211.8000,209.5900,210.0200,48068100
966,2025-07-18,AAPL,210.8700,211.7900,209.7000,211.1800,48974600
967,2025-07-21,AAPL,212.1000,215.7800,211.6300,212.4800,51377400
968,2025-07-22,AAPL,213.1400,214.9500,212.2300,214.4000,46404100
969,2025-07-23,AAPL,215.0000,215.1500,212.4100,214.1500,46989300
970,2025-07-24,AAPL,213.9000,215.6900,213.5300,213.7600,46022600
971,2025-07-25,AAPL,214.7000,215.2400,213.4000,213.8800,40268800
972,2025-07-28,AAPL,214.0300,214.8500,213.0600,214.0500,37858000
973,2025-07-29,AAPL,214.1800,214.8100,210.8200,211.2700,51411700
974,2025-07-30,AAPL,211.9000,212.3900,207.7200,209.0500,45512500
975,2025-07-31,AAPL,208.4900,209.8400,207.1600,207.5700,80698400
976,2025-08-01,AAPL,210.8700,213.5800,201.5000,202.3800,104434500
977,2025-08-04,AAPL,204.5100,207.8800,201.6800,203.3500,75109300
978,2025-08-05,AAPL,203.4000,205.3400,202.1600,202.9200,44155100
979,2025-08-06,AAPL,205.6300,215.3800,205.5900,213.2500,108483100
980,2025-08-07,AAPL,218.8800,220.8500,216.5800,220.0300,90224800
981,2025-08-08,AAPL,220.8300,231.0000,219.2500,229.3500,113854000
982,2025-08-11,AAPL,227.9200,229.5600,224.7600,227.1800,61806100
983,2025-08-12,AAPL,228.0100,230.8000,227.0700,229.6500,55626200
984,2025-08-13,AAPL,231.0700,235.0000,230.4300,233.3300,69878500
985,2025-08-14,AAPL,234.0600,235.1200,230.8500,232.7800,51916300
986,2025-08-15,AAPL,234.0000,234.2800,229.3400,231.5900,56038700
987,2025-08-18,AAPL,231.7000,233.1200,230.1100,230.8900,37476200
988,2025-08-19,AAPL,231.2800,232.8700,229.3500,230.5600,39402600
989,2025-08-20,AAPL,229.9800,230.4700,225.7700,226.0100,42263900
990,2025-08-21,AAPL,226.2700,226.5200,223.7800,224.9000,30621200
991,2025-08-22,AAPL,226.1700,229.0900,225.4100,227.7600,42477800
992,2025-08-25,AAPL,226.4800,229.3000,226.2300,227.1600,30983100
993,2025-08-26,AAPL,226.8700,229.4900,224.6900,229.3100,54575100
994,2025-08-27,AAPL,228.6100,230.9000,228.2600,230.4900,31259500
995,2025-08-28,AAPL,230.8200,233.4100,229.3400,232.5600,38074700
996,2025-08-29,AAPL,232.5100,233.3800,231.3700,232.1400,39418400
997,2025-09-02,AAPL,229.2500,230.8500,226.9700,229.7200,44075600
998,2025-09-03,AAPL,237.2100,238.8500,234.3600,238.4700,66427800
999,2025-09-04,AAPL,238.4500,239.9000,236.7400,239.7800,47549400
1000,2025-09-05,AAPL,240.0000,241.3200,238.4900,239.6900,54870400
1001,2025-09-08,AAPL,239.3000,240.1500,236.3400,237.8800,48999500
1002,2025-09-09,AAPL,237.0000,238.7800,233.3600,234.3500,66313900
1003,2025-09-10,AAPL,232.1900,232.4200,225.9500,226.7900,83440800
1004,2025-09-11,AAPL,226.8800,230.4500,226.6500,230.0300,50208600
1005,2025-09-12,AAPL,229.2200,234.5100,229.0200,234.0700,55824200
1006,2025-09-15,AAPL,237.0000,238.1900,235.0300,236.7000,42699500
1007,2025-09-16,AAPL,237.1800,241.2200,236.3200,238.1500,63421100
1008,2025-09-17,AAPL,238.9700,240.1000,237.7300,238.9900,46508000
1009,2025-09-18,AAPL,239.9700,241.2000,236.6500,237.8800,44249600
1010,2025-09-19,AAPL,241.2300,246.3000,240.2100,245.5000,163741300
1011,2025-09-22,AAPL,248.3000,256.6400,248.1200,256.0800,105517400
1012,2025-09-23,AAPL,255.8800,257.3400,253.5800,254.4300,60275200
1013,2025-09-24,AAPL,255.2200,255.7400,251.0400,252.3100,42303700
1014,2025-09-25,AAPL,253.2100,257.1700,251.7100,256.8700,55202100
1015,2025-09-26,AAPL,254.1000,257.6000,253.7800,255.4600,46076300
1016,2025-09-29,AAPL,254.5600,255.0000,253.0100,254.4300,40127700
1017,2025-09-30,AAPL,254.8600,255.9200,253.1100,254.6300,37704300
1018,2025-10-01,AAPL,255.0400,258.7900,254.9300,255.4500,48713900
1019,2025-10-02,AAPL,256.5800,258.1800,254.1500,257.1300,42630200
1020,2025-10-03,AAPL,254.6700,259.2400,253.9500,258.0200,49155600
1021,2025-10-06,AAPL,257.9900,259.0700,255.0500,256.6900,44664100
1022,2025-10-07,AAPL,256.8100,257.4000,255.4300,256.4800,31955800
1023,2025-10-08,AAPL,256.5200,258.5200,256.1100,258.0600,36496900
1024,2025-10-09,AAPL,257.8100,258.0000,253.1400,254.0400,38322000
1025,2025-10-10,AAPL,254.9400,256.3800,244.0000,245.2700,61999100
1026,2025-10-13,AAPL,249.3800,249.6900,245.5600,247.6600,38142900
1027,2025-10-14,AAPL,246.6000,248.8500,244.7000,247.7700,35478000
1028,2025-10-15,AAPL,249.4900,251.8200,247.4700,249.3400,33893600
1029,2025-10-16,AAPL,248.2500,249.0400,245.1300,247.4500,39777000
1030,2025-10-17,AAPL,248.0200,253.3800,247.2700,252.2900,49147000
1031,2025-10-20,AAPL,255.8900,264.3800,255.6300,262.2400,90483000
1032,2025-10-21,AAPL,261.8800,265.2900,261.8300,262.7700,46695900
1033,2025-10-22,AAPL,262.6500,262.8500,255.4300,258.4500,45015300
1034,2025-10-23,AAPL,259.9400,260.6200,258.0100,259.5800,32754900
1035,2025-10-24,AAPL,261.1900,264.1300,259.1800,262.8200,38253700
1036,2025-10-27,AAPL,264.8800,269.1200,264.6500,268.8100,44888200
1037,2025-10-28,AAPL,268.9900,269.8900,268.1500,269.0000,41534800
1038,2025-10-29,AAPL,269.2800,271.4100,267.1100,269.7000,51086700
1039,2025-10-30,AAPL,271.9900,274.1400,268.4800,271.4000,69886500
1040,2025-10-31,AAPL,276.9900,277.3200,269.1600,270.3700,86167100
1041,2025-11-03,AAPL,270.4200,270.8500,266.2500,269.0500,50194600
1042,2025-11-04,AAPL,268.3300,271.4900,267.6200,270.0400,49274800
1043,2025-11-05,AAPL,268.6100,271.7000,266.9300,270.1400,43683100
1044,2025-11-06,AAPL,267.8900,273.4000,267.8900,269.7700,51204000
1045,2025-11-07,AAPL,269.8000,272.2900,266.7700,268.4700,48227400
1046,2025-11-10,AAPL,268.9600,273.7300,267.4600,269.4300,41312400
1047,2025-11-11,AAPL,269.8100,275.9100,269.8000,275.2500,46208300
1048,2025-11-12,AAPL,275.0000,275.7300,271.7000,273.4700,48398000
1049,2025-11-13,AAPL,274.1100,276.7000,272.0900,272.9500,49602800
1050,2025-11-14,AAPL,271.0500,275.9600,269.6000,272.4100,47431300
1051,2025-11-17,AAPL,268.8200,270.4900,265.7300,267.4600,45018300
1052,2025-11-18,AAPL,269.9900,270.7100,265.3200,267.4400,45677300
1053,2025-11-19,AAPL,265.5300,272.2100,265.5000,268.5600,40424500
1054,2025-11-20,AAPL,270.8300,275.4300,265.9200,266.2500,45823600
1055,2025-11-21,AAPL,265.9500,273.3300,265.6700,271.4900,59030800
1056,2025-11-24,AAPL,270.9000,277.0000,270.9000,275.9200,65585800
1057,2025-11-25,AAPL,275.2700,280.3800,275.2500,276.9700,46914200
1058,2025-11-26,AAPL,276.9600,279.5300,276.6300,277.5500,33431400
1059,2025-11-28,AAPL,277.2600,279.0000,275.9900,278.8500,20135600
1060,2025-12-01,AAPL,278.0100,283.4200,276.1400,283.1000,46587700
1061,2025-12-02,AAPL,283.0000,287.4000,282.6300,286.1900,53669500
1062,2025-12-03,AAPL,286.2000,288.6200,283.3000,284.1500,43538700
1063,2025-12-04,AAPL,284.1000,284.7300,278.5900,280.7000,43989100
1064,2025-12-05,AAPL,280.5400,281.1400,278.0500,278.7800,47265800
1065,2025-12-08,AAPL,278.1300,279.6700,276.1500,277.8900,38211800
1066,2025-12-09,AAPL,278.1600,280.0300,276.9200,277.1800,32193300
1067,2025-12-10,AAPL,277.7500,279.7500,276.4400,278.7800,33038300
1068,2025-12-11,AAPL,279.1000,279.5900,273.8100,278.0300,33248000
1069,2025-12-12,AAPL,277.9000,279.2200,276.8200,278.2800,39532900
1070,2025-12-15,AAPL,280.1500,280.1500,272.8400,274.1100,50409100
1071,2025-12-16,AAPL,272.8200,275.5000,271.7900,274.6100,37648600
1072,2025-12-17,AAPL,275.0100,276.1600,271.6400,271.8400,50138700
1073,2025-12-18,AAPL,273.6100,273.6300,266.9500,272.1900,51630700
1074,2025-12-19,AAPL,272.1500,274.6000,269.9000,273.6700,144632000
1075,2025-12-22,AAPL,272.8600,273.8800,270.5100,270.9700,36571800
1076,2025-12-23,AAPL,270.8400,272.5000,269.5600,272.3600,29642000
1077,2025-12-24,AAPL,272.3400,275.4300,272.2000,273.8100,17910600
1078,2025-12-26,AAPL,274.1600,275.3700,272.8600,273.4000,21521800
1079,2025-12-29,AAPL,272.6900,274.3600,272.3500,273.7600,23715200
1080,2025-12-30,AAPL,272.8100,274.0800,272.2800,273.0800,22139600
1081,2025-12-31,AAPL,273.0600,273.6800,271.7500,271.8600,27293600
1082,2026-01-02,AAPL,272.2600,277.8400,269.0000,271.0100,37838100
1083,2026-01-05,AAPL,270.6400,271.5100,266.1400,267.2600,45647200
1084,2026-01-06,AAPL,267.0000,267.5500,262.1200,262.3600,52352100
1085,2026-01-07,AAPL,263.2000,263.6800,259.8100,260.3300,48309800
1086,2026-01-08,AAPL,257.0200,259.2900,255.7000,259.0400,50419300
1087,2026-01-09,AAPL,259.0800,260.2100,256.2200,259.3700,39997000
1088,2026-01-12,AAPL,259.1600,261.3000,256.8000,260.2500,45263800
1089,2026-01-13,AAPL,258.7200,261.8100,258.3900,261.0500,45730800
1090,2026-01-14,AAPL,259.4900,261.8200,256.7100,259.9600,40019400
1091,2026-01-15,AAPL,260.6500,261.0400,257.0500,258.2100,39388600
1092,2026-01-16,AAPL,257.9000,258.9000,254.9300,255.5300,72142800
1093,2026-01-20,AAPL,252.7300,254.7900,243.4200,246.7000,80267500
1094,2026-01-21,AAPL,248.7000,251.5600,245.1800,247.6500,54641700
1095,2026-01-22,AAPL,249.2000,251.0000,248.1500,248.3500,39708300
1096,2026-01-23,AAPL,247.3200,249.4100,244.6800,248.0400,41689000
1097,2026-01-26,AAPL,251.4800,256.5600,249.8000,255.4100,55969200
1098,2026-01-27,AAPL,259.1700,261.9500,258.2100,258.2700,49648300
1099,2026-01-28,AAPL,257.6500,258.8600,254.5100,256.4400,41288000
1100,2026-01-29,AAPL,258.0000,259.6500,254.4100,258.2800,67253000
1101,2026-01-30,AAPL,255.1700,261.9000,252.1800,259.4800,92443400
1102,2026-02-02,AAPL,260.0300,270.4900,259.2100,270.0100,73913400
1103,2026-02-03,AAPL,269.2000,271.8800,267.6100,269.4800,64394700
1104,2026-02-04,AAPL,272.2900,278.9500,272.2900,276.4900,90545700
1105,2026-02-05,AAPL,278.1300,279.5000,273.2300,275.9100,52977400
1106,2026-02-06,AAPL,277.1200,280.9100,276.9300,278.1200,50453400
1107,2026-02-09,AAPL,277.9100,278.2000,271.7000,274.6200,44623400
1108,2026-02-10,AAPL,274.8900,275.3700,272.9400,273.6800,34376900
1109,2026-02-11,AAPL,274.7000,280.1800,274.4500,275.5000,51931300
1110,2026-02-12,AAPL,275.5900,275.7200,260.1800,261.7300,81077200
1111,2026-02-13,AAPL,262.0100,262.2300,255.4500,255.7800,56290700
1112,2026-02-17,AAPL,258.0500,266.2900,255.5400,263.8800,58469100
1113,2026-02-18,AAPL,263.6000,266.8200,262.4500,264.3500,34203300
1114,2026-02-19,AAPL,262.6000,264.4800,260.0500,260.5800,30845300
1115,2026-02-20,AAPL,258.9700,264.7500,258.1600,264.5800,42070500
1116,2026-02-23,AAPL,263.4900,269.4300,263.3800,266.1800,37308200
1117,2026-02-24,AAPL,267.8600,274.8900,267.7100,272.1400,47014600
1118,2026-02-25,AAPL,271.7800,274.9400,271.0500,274.2300,33714300
1119,2026-02-26,AAPL,274.9500,276.1100,270.8000,272.9500,32345100
1120,2026-02-27,AAPL,272.8100,272.8100,262.8900,264.1800,72366500
1121,2026-03-02,AAPL,262.4100,266.5300,260.2000,264.7200,41827900
1122,2026-03-03,AAPL,263.4800,265.5600,260.1300,263.7500,38568900
1123,2026-03-04,AAPL,264.6500,266.1500,261.4200,262.5200,39803100
1124,2026-03-05,AAPL,260.7900,261.5600,257.2500,260.2900,49658600
1125,2026-03-06,AAPL,258.6300,258.7700,254.3700,257.4600,41120000
1126,2026-03-09,AAPL,255.6900,261.1500,253.6800,259.8800,38218500
1127,2026-03-10,AAPL,257.6500,262.4800,256.9500,260.8300,30590800
1128,2026-03-11,AAPL,261.0900,262.1300,259.5500,260.8100,26218900
1129,2026-03-12,AAPL,258.6600,258.9500,254.1800,255.7600,40794000
1130,2026-03-13,AAPL,255.4800,256.3300,249.5200,250.1200,36930000
1131,2026-03-16,AAPL,252.1100,253.8900,249.8800,252.8200,32074200
1132,2026-03-17,AAPL,252.9600,255.1300,252.1800,254.2300,32361600
1133,2026-03-18,AAPL,252.6300,254.9400,249.0000,249.9400,35757900
1134,2026-03-19,AAPL,249.4000,251.8300,247.3000,248.9600,34864100
1135,2026-03-20,AAPL,247.9800,249.2000,246.0000,247.9900,88331100
1136,2026-03-23,AAPL,253.9700,254.6000,250.2800,251.4900,40546100
1137,2026-03-24,AAPL,250.3500,254.8300,249.5500,251.6400,45152300
1138,2026-03-25,AAPL,254.1000,255.0000,251.6000,252.6200,28476700
1139,2026-03-26,AAPL,252.1200,257.0000,250.7700,252.8900,41796700
1140,2026-03-27,AAPL,253.9000,255.4900,248.0700,248.8000,47900000
1141,2026-03-30,AAPL,250.0700,250.8700,245.5100,246.6300,39446200
1142,2026-03-31,AAPL,247.9100,255.4800,247.1000,253.7900,49598100
1143,2026-04-01,AAPL,254.0800,256.1800,253.3300,255.6300,40059400
1144,2026-04-02,AAPL,254.2000,256.1300,250.6500,255.9200,31289400
1145,2026-04-06,AAPL,256.5100,262.1600,256.4600,258.8600,29329900
1146,2026-04-07,AAPL,256.1600,256.2000,245.7000,253.5000,62148000
1147,2026-04-08,AAPL,258.4500,259.7500,256.5300,258.9000,41032800
1148,2026-04-09,AAPL,259.0000,261.1200,256.0700,260.4900,28121600
1149,2026-04-10,AAPL,259.9800,262.1900,259.0200,260.4800,31291500
1150,2026-04-13,AAPL,259.7300,260.1800,256.6600,259.2000,36234700
1151,2026-04-14,AAPL,259.2500,261.9300,257.1900,258.8300,48370700
1152,2026-04-15,AAPL,258.1600,266.5600,257.8100,266.4300,49913500
1153,2026-04-16,AAPL,266.8000,267.1600,261.2700,263.4000,43323100
1154,2026-04-17,AAPL,266.9600,272.3000,266.7200,270.2300,61436200
1155,2026-04-20,AAPL,270.3300,274.2800,270.2900,273.0500,36590200
1156,2026-04-21,AAPL,271.5000,272.8000,265.4000,266.1700,50209800
1157,2026-04-22,AAPL,267.8200,273.7400,266.8700,273.1700,43249200
1158,2026-04-23,AAPL,275.0500,275.7700,271.6500,273.4300,33399600
1159,2026-04-24,AAPL,272.7600,273.0600,269.6500,271.0600,38157100
1160,2026-04-27,AAPL,266.0900,268.3600,265.0700,267.6100,41466800
1161,2026-04-28,AAPL,272.3400,273.2300,268.6600,270.7100,40018900
1162,2026-04-29,AAPL,267.5500,271.0400,267.0400,270.1700,30047900
1163,2026-04-30,AAPL,270.5000,276.0000,268.1400,271.3500,91848200
1164,2026-05-01,AAPL,278.8600,287.2200,278.3700,280.1400,79915400
1165,2026-05-04,AAPL,279.6600,280.6300,274.8600,276.8300,46668400
1166,2026-05-05,AAPL,276.9300,284.5700,276.5000,284.1800,49311700
1167,2026-05-06,AAPL,281.9200,288.0300,281.0700,287.5100,58336100
1168,2026-05-07,AAPL,289.2700,292.1300,285.7800,287.4400,45224300
1169,2026-05-08,AAPL,290.0100,294.7600,290.0000,293.3200,52692800
1170,2026-05-11,AAPL,291.9800,293.8800,290.2300,292.6800,42247300
1171,2026-05-12,AAPL,292.5600,295.2700,292.5600,294.8000,45748100
1172,2026-05-13,AAPL,293.5000,300.9200,293.5000,298.8700,52684300
1173,2026-05-14,AAPL,299.8200,300.4500,295.3800,298.2100,35324900
1174,2026-05-15,AAPL,297.9000,303.2000,296.5200,300.2300,54862800
1175,2026-05-18,AAPL,300.2400,300.6600,294.9100,297.8400,34483000
1176,2026-05-19,AAPL,296.9700,300.5100,296.3500,298.9700,42243600
1177,2026-05-20,AAPL,298.1800,302.8000,298.0800,302.2500,38229800
1178,2026-05-21,AAPL,301.0600,305.5400,300.4000,304.9900,42965100
1179,2026-05-22,AAPL,306.1200,311.4000,305.8400,308.8200,43670200
1180,2026-05-26,AAPL,309.5600,311.8200,307.6700,308.3300,48000500
1181,2026-05-27,AAPL,308.3300,313.2600,308.3000,310.8500,50430900
1182,2026-05-28,AAPL,310.6800,312.8000,309.5700,312.5100,48220400
1183,2026-05-29,AAPL,311.7800,315.0000,309.5300,312.0600,70026800
1184,2026-06-01,AAPL,309.6300,310.9400,305.0200,306.3100,48849900
1185,2026-06-02,AAPL,307.4600,315.4500,306.6900,315.2000,44534700
1186,2026-06-03,AAPL,314.1800,316.9400,308.8500,310.2600,50836700
1187,2026-06-04,AAPL,313.2300,313.5400,309.6500,311.2300,44869100
1188,2026-06-05,AAPL,312.8600,315.1700,307.1500,307.3400,65310500
1189,2026-06-08,AAPL,308.7400,317.4000,301.1700,301.5400,77949100
1190,2026-06-09,AAPL,300.2800,300.7500,287.7800,290.5500,70108800
1191,2026-06-10,AAPL,290.7400,294.7500,287.3800,291.5800,52793300
1192,2026-06-11,AAPL,293.7200,297.0000,289.5900,295.6300,42572500
1193,2026-06-12,AAPL,296.0300,297.1400,289.6200,291.1300,38742100
1194,2026-06-15,AAPL,294.1200,297.7800,291.7000,296.4200,45732600
1195,2026-06-16,AAPL,295.2500,300.4800,293.9700,299.2400,39874400
1196,2026-06-17,AAPL,300.8500,302.0700,294.3600,295.9500,42745100
1197,2026-06-18,AAPL,298.1100,300.5700,295.6200,298.0100,85962200
1198,2026-06-22,AAPL,297.3100,302.4200,296.7600,297.0100,44879900
1199,2026-06-23,AAPL,297.5400,301.6400,294.1800,294.3000,52010900
1200,2026-06-24,AAPL,295.3600,299.7000,292.9400,293.0800,53081900
1201,2026-06-25,AAPL,287.4000,288.8000,273.7500,275.1500,107013700
1202,2026-06-26,AAPL,275.0000,285.9500,274.2100,283.7800,261775500
1203,2026-06-29,AAPL,286.7300,288.3700,279.8500,281.7400,66427000
1204,2026-06-30,AAPL,281.1700,289.9400,280.7000,289.3600,65100200
1205,2026-07-01,AAPL,293.4400,296.5900,289.2000,294.3800,50164200
1206,2026-07-02,AAPL,294.1200,309.4200,293.6800,308.6300,75352800
1207,2026-07-06,AAPL,307.3600,314.2000,307.0000,312.6600,53590000
1208,2026-07-07,AAPL,315.2900,315.4800,310.1500,310.6600,42490000
1209,2026-07-08,AAPL,311.9100,314.8200,307.0500,313.3900,41323500
1210,2026-07-09,AAPL,310.5100,316.5300,308.1600,316.2200,48124500
1211,2026-07-10,AAPL,314.7200,316.9100,312.1700,315.3200,34132300
1212,2026-07-13,AAPL,317.0200,323.4500,315.7800,317.3100,43257800
1213,2026-07-14,AAPL,313.7600,316.1900,311.9100,314.8600,36336800
1214,2026-07-15,AAPL,317.6200,328.7300,317.3200,327.5000,60957600
1215,2026-07-16,AAPL,328.0100,334.6800,326.7900,333.2600,62970600
1216,2026-07-17,AAPL,331.9800,334.9900,329.0000,333.7400,63407100
1217,2026-07-20,AAPL,333.5100,333.7100,323.6800,326.5900,53468000
1218,2026-07-21,AAPL,323.1300,329.6000,322.2200,327.7400,41338900
1219,2026-07-22,AAPL,327.8700,329.0000,323.3400,325.8900,38755900
1220,2026-07-23,AAPL,321.7300,323.3000,319.3500,321.6600,40840800
1221,2026-07-24,AAPL,321.7900,334.3700,321.6200,333.0200,47489400
1222,2026-07-27,AAPL,334.5400,339.5700,334.0200,336.9100,49604300
1223,2026-07-28,AAPL,340.0300,342.8900,335.6000,340.0800,51859000
1224,2026-07-29,AAPL,339.7300,344.5700,337.3500,338.1900,56090800
1225,2026-07-30,AAPL,333.1000,334.7500,329.5900,333.4300,74817800
1226,2026-07-31,AAPL,304.8100,310.6900,300.0000,308.9100,132489100
1227,2026-08-03,AAPL,309.5800,311.8000,302.5600,303.4200,75052000
1228,2026-08-04,AAPL,302.7300,310.4200,301.3200,309.3800,68001000
1229,2026-08-05,AAPL,309.3600,311.7100,305.6700,311.0000,49438800
1230,2026-08-06,AAPL,314.3400,316.2900,309.2300,312.4100,46139900
1231,2026-08-07,AAPL,311.4500,314.8100,310.7400,313.3300,34437200
1232,2026-08-10,AAPL,306.8300,308.2600,304.6100,308.2600,44812500
1233,2026-08-11,AAPL,307.7500,309.9700,302.7900,304.9100,37476700
1234,2026-08-12,AAPL,305.1000,305.6600,300.5700,302.2500,41657800
1235,2026-08-13,AAPL,304.2100,306.0000,302.0500,305.2600,40349300
1236,2026-08-14,AAPL,306.0000,307.4900,304.3000,305.9300,28229400
1237,2026-08-17,AAPL,306.2100,307.6600,302.9400,305.5900,38169300
1238,2026-08-18,AAPL,307.5800,311.4900,305.7400,310.0300,53424500
1239,2026-08-19,AAPL,310.1400,319.2800,309.6000,316.8300,50505600
1240,2026-08-20,AAPL,317.4600,320.2800,310.6500,311.3000,40959200
1241,2026-08-21,AAPL,312.0500,312.3800,307.0100,309.3500,46876800
1242,2026-08-24,AAPL,311.4700,313.3600,309.9700,310.3400,34673600
1243,2026-08-25,AAPL,310.7900,313.5900,308.2100,309.9000,25869800
1244,2026-08-26,AAPL,310.3000,315.4300,308.8000,313.4500,34024500
1245,2026-08-27,AAPL,310.5500,315.4000,309.4000,314.5800,32419200
1246,2026-08-28,AAPL,316.8500,322.3700,315.4500,319.7000,38649400
1247,2026-08-31,AAPL,319.6000,321.2400,312.8000,316.8500,41242700
1248,2026-09-01,AAPL,316.9800,327.3000,314.7300,325.1300,53167400
1249,2026-09-02,AAPL,326.8700,328.4000,323.5300,324.9600,33776400
1250,2026-09-03,AAPL,324.8700,330.8100,324.1100,328.2100,37225800
1251,2026-09-04,AAPL,328.3100,328.9300,317.8600,319.9700,39606900
1252,2026-09-08,AAPL,317.1000,320.7000,314.9000,316.2200,35477100
1253,2026-09-09,AAPL,315.4900,319.1500,309.9000,315.3400,65640000
1254,2026-09-10,AAPL,316.6700,326.7400,316.5100,326.5700,70011900
1255,2026-09-11,AAPL,327.4500,336.2200,326.3000,332.2700,50659000
1256,2021-09-13,NVDA,22.6840,22.9640,21.8580,22.1520,297500000
1257,2021-09-14,NVDA,22.2750,22.4100,22.0860,22.2420,199755000
1258,2021-09-15,NVDA,22.3090,22.3670,21.9660,22.3410,166538000
1259,2021-09-16,NVDA,22.1830,22.2770,21.9270,22.2420,156033000
1260,2021-09-17,NVDA,22.3000,22.3210,21.8300,21.9000,294503000
1261,2021-09-20,NVDA,21.1460,21.4330,20.6620,21.1130,349440000
1262,2021-09-21,NVDA,21.4170,21.4250,20.9500,21.2460,204688000
1263,2021-09-22,NVDA,21.3660,21.9600,21.1960,21.9410,268726000
1264,2021-09-23,NVDA,22.1400,22.5350,21.8900,22.4820,248555000
1265,2021-09-24,NVDA,22.0700,22.1490,21.8610,22.0810,217655000
1266,2021-09-27,NVDA,21.7100,21.7990,21.3250,21.6600,245215000
1267,2021-09-28,NVDA,21.2140,21.4190,20.6510,20.6990,343069000
1268,2021-09-29,NVDA,20.9400,21.0170,20.4670,20.5170,218394000
1269,2021-09-30,NVDA,20.7680,21.0660,20.6880,20.7160,221009000
1270,2021-10-01,NVDA,20.7500,20.8590,20.2030,20.7420,240978000
1271,2021-10-04,NVDA,20.5040,20.5420,19.5550,19.7320,345635000
1272,2021-10-05,NVDA,19.9500,20.6480,19.8540,20.4510,279282000
1273,2021-10-06,NVDA,20.1200,20.7200,20.0800,20.7000,297202000
1274,2021-10-07,NVDA,21.0920,21.3220,20.9720,21.0750,256919000
1275,2021-10-08,NVDA,21.1010,21.2060,20.7750,20.8310,151258000
1276,2021-10-11,NVDA,20.5750,21.0630,20.5110,20.6950,163388000
1277,2021-10-12,NVDA,20.8280,21.0570,20.5280,20.6710,162134000
1278,2021-10-13,NVDA,20.9180,20.9900,20.7130,20.9390,180652000
1279,2021-10-14,NVDA,21.2880,21.7550,21.1220,21.7460,243589000
1280,2021-10-15,NVDA,21.8100,21.9310,21.6620,21.8620,226994000
1281,2021-10-18,NVDA,21.7490,22.2910,21.6440,22.2220,189494000
1282,2021-10-19,NVDA,22.2760,22.3790,22.0370,22.2900,161473000
1283,2021-10-20,NVDA,22.3050,22.4330,21.9820,22.1030,146276000
1284,2021-10-21,NVDA,22.0970,22.7110,22.0830,22.6920,187590000
1285,2021-10-22,NVDA,22.8230,23.1300,22.5610,22.7260,249384000
1286,2021-10-25,NVDA,22.9730,23.3550,22.7700,23.1660,230235000
1287,2021-10-26,NVDA,23.9890,25.2590,23.9240,24.7170,485898000
1288,2021-10-27,NVDA,24.4740,25.0900,24.2820,24.4510,245990000
1289,2021-10-28,NVDA,24.8780,24.9500,24.5230,24.9410,234204000
1290,2021-10-29,NVDA,25.0010,25.7090,25.0000,25.5670,292503000
1291,2021-11-01,NVDA,25.6490,25.8940,25.2270,25.8270,265740000
1292,2021-11-02,NVDA,25.8220,26.6780,25.8000,26.4010,294112000
1293,2021-11-03,NVDA,26.6700,26.7840,26.2350,26.5980,239910000
1294,2021-11-04,NVDA,27.2290,31.3650,27.1180,29.8010,1153631000
1295,2021-11-05,NVDA,30.1870,31.4000,29.4100,29.7520,851260000
1296,2021-11-08,NVDA,30.1490,31.1000,29.9070,30.8040,503101000
1297,2021-11-09,NVDA,32.2820,32.3100,29.9640,30.6570,646746000
1298,2021-11-10,NVDA,29.3560,30.8500,28.7780,29.4590,636206000
1299,2021-11-11,NVDA,30.4680,30.5900,29.7770,30.3900,332172000
1300,2021-11-12,NVDA,30.0100,30.6800,29.6300,30.3900,413054000
1301,2021-11-15,NVDA,30.5520,30.6440,29.2470,30.0250,384909000
1302,2021-11-16,NVDA,29.7590,30.3900,29.7060,30.2030,264484000
1303,2021-11-17,NVDA,30.4180,30.5090,28.8000,29.2610,428508000
1304,2021-11-18,NVDA,32.3670,32.7600,31.3210,31.6750,781711000
1305,2021-11-19,NVDA,32.2430,33.0880,31.9050,32.9850,533867000
1306,2021-11-22,NVDA,33.5170,34.6470,31.9000,31.9560,754335000
1307,2021-11-23,NVDA,31.5350,32.3600,30.8800,31.7460,532163000
1308,2021-11-24,NVDA,31.4610,32.8550,30.9280,32.6740,435162000
1309,2021-11-26,NVDA,32.6000,32.7100,31.3500,31.5030,283069000
1310,2021-11-29,NVDA,32.3660,33.4120,32.0360,33.3760,454964000
1311,2021-11-30,NVDA,33.1690,33.3530,31.8640,32.6760,622066000
1312,2021-12-01,NVDA,33.2190,33.2890,31.3800,31.4350,484368000
1313,2021-12-02,NVDA,31.2140,32.4780,31.0250,32.1260,472890000
1314,2021-12-03,NVDA,32.0000,32.1290,30.1300,30.6930,544325000
1315,2021-12-06,NVDA,29.8800,30.2410,28.0380,30.0370,658938000
1316,2021-12-07,NVDA,30.9570,32.4490,30.6510,32.4270,593053000
1317,2021-12-08,NVDA,31.9990,32.2900,31.4210,31.8260,475551000
1318,2021-12-09,NVDA,31.7340,32.2050,30.4280,30.4900,488507000
1319,2021-12-10,NVDA,31.1500,31.3050,29.8610,30.1980,488825000
1320,2021-12-13,NVDA,30.2490,30.2940,28.1160,28.1610,598344000
1321,2021-12-14,NVDA,27.6990,28.6780,27.2500,28.3370,667035000
1322,2021-12-15,NVDA,28.4000,30.5000,27.8380,30.4590,698297000
1323,2021-12-16,NVDA,31.1520,31.1600,28.0930,28.3870,707366000
1324,2021-12-17,NVDA,27.9850,28.9220,27.7600,27.8010,713758000
1325,2021-12-20,NVDA,27.3050,28.1440,27.1450,27.7190,461847000
1326,2021-12-21,NVDA,28.3740,29.1200,27.4010,29.0750,524385000
1327,2021-12-22,NVDA,28.8910,29.5550,28.4490,29.4000,395184000
1328,2021-12-23,NVDA,29.7550,30.0590,29.4310,29.6400,343022000
1329,2021-12-27,NVDA,29.6600,31.0870,29.6400,30.9450,403686000
1330,2021-12-28,NVDA,31.3120,31.3300,30.0120,30.3220,420591000
1331,2021-12-29,NVDA,30.2730,30.5480,29.3660,30.0010,343139000
1332,2021-12-30,NVDA,29.8270,30.4570,29.5400,29.5860,308864000
1333,2021-12-31,NVDA,29.6740,30.0300,29.3310,29.4110,266530000
1334,2022-01-03,NVDA,29.8150,30.7110,29.7850,30.1210,391547000
1335,2022-01-04,NVDA,30.2770,30.4680,28.3490,29.2900,527154000
1336,2022-01-05,NVDA,28.9490,29.4160,27.5330,27.6040,498064000
1337,2022-01-06,NVDA,27.6400,28.4380,27.0650,28.1780,454186000
1338,2022-01-07,NVDA,28.1410,28.4220,27.0570,27.2470,409939000
1339,2022-01-10,NVDA,26.5810,27.4690,25.6440,27.4000,594681000
1340,2022-01-11,NVDA,27.3230,28.0650,26.8390,27.8170,404089000
1341,2022-01-12,NVDA,28.0670,28.5950,27.6080,27.9990,383413000
1342,2022-01-13,NVDA,28.3790,28.4800,26.4980,26.5750,540171000
1343,2022-01-14,NVDA,26.3000,27.1970,26.2100,26.9420,395832000
1344,2022-01-18,NVDA,26.2600,26.6380,25.7700,25.9030,424270000
1345,2022-01-19,NVDA,26.0790,26.5430,25.0520,25.0670,488315000
1346,2022-01-20,NVDA,25.3040,25.5790,24.0780,24.1500,435181000
1347,2022-01-21,NVDA,23.5070,24.8230,23.2630,23.3740,718958000
1348,2022-01-24,NVDA,22.3300,23.3800,20.8880,23.3720,913982000
1349,2022-01-25,NVDA,22.5460,22.9430,22.0000,22.3240,664616000
1350,2022-01-26,NVDA,23.2400,24.0570,22.3000,22.7720,755959000
1351,2022-01-27,NVDA,23.5680,23.9950,21.6750,21.9440,573353000
1352,2022-01-28,NVDA,22.0120,22.8580,21.2960,22.8400,543774000
1353,2022-01-31,NVDA,23.1820,24.5090,23.0520,24.4860,564680000
1354,2022-02-01,NVDA,25.1040,25.1450,23.8900,24.6380,518925000
1355,2022-02-02,NVDA,25.7940,25.8170,24.5530,25.2420,543419000
1356,2022-02-03,NVDA,24.4580,25.0770,23.7800,23.9480,410178000
1357,2022-02-04,NVDA,23.9720,24.6350,23.6320,24.3190,354829000
1358,2022-02-07,NVDA,24.3720,25.1820,24.2020,24.7280,376868000
1359,2022-02-08,NVDA,24.3590,25.2300,23.9800,25.1080,410359000
1360,2022-02-09,NVDA,25.6220,26.7250,25.3530,26.7050,524282000
1361,2022-02-10,NVDA,25.9950,26.9250,25.6000,25.8240,513200000
1362,2022-02-11,NVDA,25.9160,26.1520,23.7730,23.9490,605472000
1363,2022-02-14,NVDA,23.9340,24.8750,23.7550,24.2670,440424000
1364,2022-02-15,NVDA,24.9490,26.5450,24.7840,26.4950,699869000
1365,2022-02-16,NVDA,26.2590,26.5820,25.5520,26.5110,732676000
1366,2022-02-17,NVDA,25.6300,25.7850,24.1650,24.5070,810595000
1367,2022-02-18,NVDA,24.6680,24.9860,23.1000,23.6420,761255000
1368,2022-02-22,NVDA,23.0350,24.0640,23.0000,23.3900,633422000
1369,2022-02-23,NVDA,23.8020,24.1550,22.3010,22.3870,566511000
1370,2022-02-24,NVDA,21.0150,23.8000,20.8900,23.7480,735801000
1371,2022-02-25,NVDA,23.7210,24.2170,23.3810,24.1570,528866000
1372,2022-02-28,NVDA,23.9920,24.6650,23.7070,24.3850,477319000
1373,2022-03-01,NVDA,24.2910,24.3770,23.1320,23.4770,412056000
1374,2022-03-02,NVDA,23.7560,24.4090,23.4150,24.2200,389642000
1375,2022-03-03,NVDA,24.2620,24.3260,23.4690,23.7140,365095000
1376,2022-03-04,NVDA,23.3840,23.6800,22.4820,22.9360,431415000
1377,2022-03-07,NVDA,22.8170,23.0330,21.3300,21.3520,450821000
1378,2022-03-08,NVDA,21.3090,22.3730,20.6500,21.5140,557467000
1379,2022-03-09,NVDA,22.3870,23.2200,22.2470,23.0140,492742000
1380,2022-03-10,NVDA,22.5310,22.7880,21.8820,22.6580,428066000
1381,2022-03-11,NVDA,23.0220,23.1450,22.0460,22.1000,367209000
1382,2022-03-14,NVDA,21.8690,22.2620,21.1590,21.3300,385354000
1383,2022-03-15,NVDA,21.5180,23.0380,21.3220,22.9730,491996000
1384,2022-03-16,NVDA,23.5000,24.5970,23.1720,24.4960,671422000
1385,2022-03-17,NVDA,24.1200,24.8420,23.9060,24.7660,471941000
1386,2022-03-18,NVDA,24.7990,26.5690,24.6240,26.4530,730719000
1387,2022-03-21,NVDA,26.5070,27.1520,25.9670,26.7340,591727000
1388,2022-03-22,NVDA,26.7270,27.2380,26.0720,26.5240,547007000
1389,2022-03-23,NVDA,26.1260,26.6120,25.5750,25.6340,502120000
1390,2022-03-24,NVDA,26.1660,28.3200,25.9070,28.1500,877379000
1391,2022-03-25,NVDA,27.8860,28.3580,27.2710,27.6920,579016000
1392,2022-03-28,NVDA,27.7560,28.2500,27.2060,28.2190,425494000
1393,2022-03-29,NVDA,28.6950,28.9460,27.9800,28.6560,488984000
1394,2022-03-30,NVDA,28.3040,28.4960,27.5030,27.6900,463487000
1395,2022-03-31,NVDA,27.7820,28.2480,27.2700,27.2860,523440000
1396,2022-04-01,NVDA,27.3750,27.4960,26.2670,26.7120,517235000
1397,2022-04-04,NVDA,26.7280,27.5580,26.6130,27.3600,397120000
1398,2022-04-05,NVDA,27.2540,27.3190,25.8200,25.9310,436615000
1399,2022-04-06,NVDA,24.9340,25.3000,24.0030,24.4070,703833000
1400,2022-04-07,NVDA,24.4410,24.7220,23.4780,24.2080,557992000
1401,2022-04-08,NVDA,23.9170,23.9230,23.0620,23.1190,524781000
1402,2022-04-11,NVDA,22.2140,22.3200,21.6600,21.9170,575207000
1403,2022-04-12,NVDA,22.5370,22.7250,21.2820,21.5040,662258000
1404,2022-04-13,NVDA,21.7280,22.5000,21.4550,22.2030,516943000
1405,2022-04-14,NVDA,22.5050,22.7770,21.1630,21.2580,569097000
1406,2022-04-18,NVDA,21.2000,22.0880,21.0790,21.7830,525701000
1407,2022-04-19,NVDA,21.7200,22.3730,21.3140,22.1980,512781000
1408,2022-04-20,NVDA,22.5170,22.6700,21.2000,21.4820,468974000
1409,2022-04-21,NVDA,21.7090,22.3920,20.0000,20.1830,656209000
1410,2022-04-22,NVDA,20.3030,20.4860,19.5000,19.5150,624713000
1411,2022-04-25,NVDA,19.2020,19.9450,19.0960,19.9020,641566000
1412,2022-04-26,NVDA,19.7180,19.7880,18.6700,18.7880,653143000
1413,2022-04-27,NVDA,18.5980,19.1670,18.2900,18.4150,499460000
1414,2022-04-28,NVDA,18.9670,20.0370,18.4900,19.7820,570327000
1415,2022-04-29,NVDA,19.4020,20.1280,18.5170,18.5470,500435000
1416,2022-05-02,NVDA,18.5410,19.5740,18.3910,19.5330,572049000
1417,2022-05-03,NVDA,19.4000,19.8250,19.1330,19.6020,475751000
1418,2022-05-04,NVDA,19.9230,20.4000,18.7510,20.3340,648855000
1419,2022-05-05,NVDA,19.8670,19.9250,18.5000,18.8440,626331000
1420,2022-05-06,NVDA,18.7360,19.5120,17.9900,18.6750,633297000
1421,2022-05-09,NVDA,18.0340,18.2550,16.8270,16.9500,644455000
1422,2022-05-10,NVDA,17.6890,18.1980,17.0250,17.5950,761474000
1423,2022-05-11,NVDA,17.3470,17.7530,16.5680,16.6300,670167000
1424,2022-05-12,NVDA,16.2190,16.7880,15.5670,16.1750,708728000
1425,2022-05-13,NVDA,16.7880,17.9280,16.5930,17.7060,670437000
1426,2022-05-16,NVDA,17.5090,17.7880,17.1060,17.2640,521446000
1427,2022-05-17,NVDA,18.0740,18.3710,17.6340,18.1770,585830000
1428,2022-05-18,NVDA,17.7050,18.1180,16.8640,16.9380,545161000
1429,2022-05-19,NVDA,16.9370,17.6870,16.7340,17.1240,621310000
1430,2022-05-20,NVDA,17.3320,17.4100,15.7550,16.6940,739105000
1431,2022-05-23,NVDA,16.2740,16.9150,16.1790,16.8980,639889000
1432,2022-05-24,NVDA,16.5100,16.5970,15.7800,16.1540,588550000
1433,2022-05-25,NVDA,16.0200,17.1110,16.0000,16.9750,781132000
1434,2022-05-26,NVDA,16.0360,18.0920,16.0220,17.8510,996575000
1435,2022-05-27,NVDA,18.1860,18.8810,18.1000,18.8110,738379000
1436,2022-05-31,NVDA,18.9800,19.2000,18.3500,18.6720,664100000
1437,2022-06-01,NVDA,18.7240,19.0530,18.1220,18.3200,544514000
1438,2022-06-02,NVDA,18.2920,19.6190,18.1980,19.5920,648656000
1439,2022-06-03,NVDA,19.0820,19.3320,18.5220,18.7200,598779000
1440,2022-06-06,NVDA,19.1390,19.3370,18.5640,18.7860,422406000
1441,2022-06-07,NVDA,18.4720,19.0000,18.1880,18.9260,388914000
1442,2022-06-08,NVDA,18.7990,19.1800,18.5350,18.6480,363252000
1443,2022-06-09,NVDA,18.4810,18.9330,18.0410,18.0480,395574000
1444,2022-06-10,NVDA,17.6000,17.6970,16.8690,16.9740,465248000
1445,2022-06-13,NVDA,16.0000,16.3120,15.6060,15.6470,604153000
1446,2022-06-14,NVDA,15.7310,16.0660,15.4120,15.8360,469680000
1447,2022-06-15,NVDA,16.0950,16.8680,15.9260,16.5270,563936000
1448,2022-06-16,NVDA,15.8600,15.9420,15.4010,15.6010,545749000
1449,2022-06-17,NVDA,15.6480,15.9950,15.3280,15.8800,630334000
1450,2022-06-21,NVDA,16.4750,17.0080,16.4070,16.5660,483089000
1451,2022-06-22,NVDA,16.2260,16.6620,16.1800,16.3600,437135000
1452,2022-06-23,NVDA,16.5190,16.5850,15.8530,16.2250,463680000
1453,2022-06-24,NVDA,16.5000,17.1400,16.3100,17.1260,472153000
1454,2022-06-27,NVDA,17.3120,17.3300,16.6260,16.8690,427968000
1455,2022-06-28,NVDA,16.9000,17.2020,15.9450,15.9820,461149000
1456,2022-06-29,NVDA,15.8140,15.8200,15.1700,15.5420,482352000
1457,2022-06-30,NVDA,15.3610,15.5670,14.8620,15.1590,686070000
1458,2022-07-01,NVDA,14.8990,15.0630,14.3920,14.5230,577610000
1459,2022-07-05,NVDA,14.1750,14.9710,14.0550,14.9640,651397000
1460,2022-07-06,NVDA,15.0100,15.3190,14.7890,15.1300,529066000
1461,2022-07-07,NVDA,15.4560,15.9450,15.3890,15.8580,492903000
1462,2022-07-08,NVDA,15.4300,16.0370,15.3890,15.8380,467972000
1463,2022-07-11,NVDA,15.5260,15.5270,15.0380,15.1520,437321000
1464,2022-07-12,NVDA,15.2680,15.4310,14.8770,15.0820,458483000
1465,2022-07-13,NVDA,14.5900,15.3750,14.4650,15.1640,521918000
1466,2022-07-14,NVDA,15.1080,15.4730,14.7280,15.3720,456235000
1467,2022-07-15,NVDA,15.6590,15.7820,15.4450,15.7620,385935000
1468,2022-07-18,NVDA,16.3020,16.8970,16.0020,16.1010,670517000
1469,2022-07-19,NVDA,16.4860,17.1100,16.1720,16.9920,702366000
1470,2022-07-20,NVDA,16.9470,17.9330,16.8010,17.8070,760538000
1471,2022-07-21,NVDA,17.8850,18.1440,17.5450,18.0500,557049000
1472,2022-07-22,NVDA,17.8930,17.9670,17.1370,17.3190,536671000
1473,2022-07-25,NVDA,17.0190,17.1240,16.6490,17.0240,480748000
1474,2022-07-26,NVDA,16.8890,16.9190,16.4780,16.5330,397865000
1475,2022-07-27,NVDA,17.0320,17.9360,16.9130,17.7900,569776000
1476,2022-07-28,NVDA,17.9750,18.1400,17.4400,17.9840,474646000
1477,2022-07-29,NVDA,17.8130,18.2440,17.6920,18.1630,435460000
1478,2022-08-01,NVDA,18.1820,18.8460,17.9900,18.4410,476469000
1479,2022-08-02,NVDA,18.1220,18.9380,18.0920,18.5260,489527000
1480,2022-08-03,NVDA,18.1840,18.9680,18.1370,18.8930,418146000
1481,2022-08-04,NVDA,18.8490,19.2740,18.7600,19.2150,409652000
1482,2022-08-05,NVDA,18.8100,19.2290,18.6660,18.9890,386068000
1483,2022-08-08,NVDA,17.5020,18.2390,17.2420,17.7930,981859000
1484,2022-08-09,NVDA,17.2520,17.4470,16.7240,17.0860,668263000
1485,2022-08-10,NVDA,17.6980,18.1180,17.3170,18.0970,597422000
1486,2022-08-11,NVDA,18.1310,18.7070,17.8760,17.9420,509327000
1487,2022-08-12,NVDA,18.1600,18.7180,17.9530,18.7090,478094000
1488,2022-08-15,NVDA,18.7010,19.1640,18.6130,19.0320,457666000
1489,2022-08-16,NVDA,18.9200,19.1420,18.5010,18.8790,451240000
1490,2022-08-17,NVDA,18.5230,18.6880,18.1450,18.3350,446799000
1491,2022-08-18,NVDA,18.3010,18.8650,18.1830,18.7730,415447000
1492,2022-08-19,NVDA,18.4060,18.5200,17.7700,17.8490,441588000
1493,2022-08-22,NVDA,17.4900,17.5580,16.9660,17.0340,409593000
1494,2022-08-23,NVDA,16.9890,17.4650,16.9700,17.1810,369986000
1495,2022-08-24,NVDA,17.0120,17.4060,16.8950,17.2220,522661000
1496,2022-08-25,NVDA,16.8440,17.9470,16.8330,17.9130,770691000
1497,2022-08-26,NVDA,17.8570,17.9240,16.2370,16.2600,769127000
1498,2022-08-29,NVDA,16.0200,16.3380,15.7670,15.8010,496132000
1499,2022-08-30,NVDA,15.9600,16.0390,15.1820,15.4680,530181000
1500,2022-08-31,NVDA,15.3840,15.5400,14.9590,15.0940,573710000
1501,2022-09-01,NVDA,14.2090,14.3800,13.2700,13.9370,1178865000
1502,2022-09-02,NVDA,14.1000,14.1710,13.5910,13.6470,743157000
1503,2022-09-06,NVDA,13.7310,13.7790,13.3510,13.4650,535751000
1504,2022-09-07,NVDA,13.5630,13.8380,13.3460,13.7140,512657000
1505,2022-09-08,NVDA,13.4590,14.0080,13.3690,13.9900,624873000
1506,2022-09-09,NVDA,14.1570,14.4740,14.1260,14.3870,486612000
1507,2022-09-12,NVDA,14.3690,14.5470,14.1980,14.5050,484159000
1508,2022-09-13,NVDA,13.8020,13.9220,13.0990,13.1310,714956000
1509,2022-09-14,NVDA,13.2540,13.2900,12.9130,13.1280,588507000
1510,2022-09-15,NVDA,13.0150,13.2330,12.7900,12.9290,523625000
1511,2022-09-16,NVDA,12.7420,13.2120,12.6170,13.1980,670751000
1512,2022-09-19,NVDA,13.0120,13.4630,13.0100,13.3820,569685000
1513,2022-09-20,NVDA,13.2150,13.4830,13.0570,13.1760,524818000
1514,2022-09-21,NVDA,13.2130,14.0310,13.1100,13.2610,807679000
1515,2022-09-22,NVDA,13.0700,13.1490,12.4280,12.5610,759162000
1516,2022-09-23,NVDA,12.4200,12.6110,12.2570,12.5160,663309000
1517,2022-09-26,NVDA,12.4910,12.6590,12.2140,12.2280,547343000
1518,2022-09-27,NVDA,12.5070,12.7360,12.2580,12.4130,553854000
1519,2022-09-28,NVDA,12.4100,12.8230,12.3540,12.7360,542414000
1520,2022-09-29,NVDA,12.4480,12.5000,11.9460,12.2200,532763000
1521,2022-09-30,NVDA,12.0870,12.6330,12.0750,12.1390,565638000
1522,2022-10-03,NVDA,12.3470,12.6780,12.1050,12.5120,547478000
1523,2022-10-04,NVDA,12.8790,13.2200,12.8790,13.1670,584182000
1524,2022-10-05,NVDA,12.9110,13.3210,12.6210,13.2090,507131000
1525,2022-10-06,NVDA,13.2200,13.6560,13.1030,13.1300,644157000
1526,2022-10-07,NVDA,12.5050,12.6700,12.0220,12.0760,672478000
1527,2022-10-10,NVDA,12.0370,12.1240,11.4080,11.6700,698699000
1528,2022-10-11,NVDA,11.5610,11.8460,11.2830,11.5860,667482000
1529,2022-10-12,NVDA,11.5790,11.7350,11.3450,11.5000,492590000
1530,2022-10-13,NVDA,10.9710,12.0780,10.8130,11.9600,850103000
1531,2022-10-14,NVDA,12.0570,12.1110,11.2040,11.2270,713432000
1532,2022-10-17,NVDA,11.5180,11.9480,11.5170,11.8880,580774000
1533,2022-10-18,NVDA,12.3440,12.4920,11.6180,11.9670,659362000
1534,2022-10-19,NVDA,11.8790,12.3500,11.8340,12.0510,523131000
1535,2022-10-20,NVDA,12.1130,12.7690,12.1050,12.1940,652398000
1536,2022-10-21,NVDA,12.0980,12.4980,11.8870,12.4660,609494000
1537,2022-10-24,NVDA,12.5080,12.7100,12.0640,12.5990,517457000
1538,2022-10-25,NVDA,12.6940,13.3000,12.6640,13.2610,505482000
1539,2022-10-26,NVDA,12.8690,13.3880,12.7080,12.8960,532953000
1540,2022-10-27,NVDA,13.6300,13.8380,13.1220,13.1760,583113000
1541,2022-10-28,NVDA,13.1040,13.8500,13.0610,13.8340,521040000
1542,2022-10-31,NVDA,13.7780,13.8380,13.2970,13.4970,486341000
1543,2022-11-01,NVDA,13.8110,13.9250,13.5190,13.5430,432817000
1544,2022-11-02,NVDA,13.8500,14.2100,13.2110,13.2190,672628000
1545,2022-11-03,NVDA,13.0430,13.7810,12.9560,13.4210,500065000
1546,2022-11-04,NVDA,13.9860,14.2290,13.6970,14.1560,612576000
1547,2022-11-07,NVDA,14.2280,14.4120,13.9540,14.3010,410061000
1548,2022-11-08,NVDA,14.8010,14.8910,14.2160,14.6020,595292000
1549,2022-11-09,NVDA,14.1620,14.2110,13.7590,13.7760,454414000
1550,2022-11-10,NVDA,14.8000,15.7730,14.5470,15.7500,700819000
1551,2022-11-11,NVDA,15.8070,16.3890,15.4820,16.3270,655487000
1552,2022-11-14,NVDA,16.2180,16.5400,15.9220,16.2950,527852000
1553,2022-11-15,NVDA,16.7220,16.9980,16.3820,16.6660,545876000
1554,2022-11-16,NVDA,16.1620,16.3620,15.8730,15.9100,649547000
1555,2022-11-17,NVDA,15.7150,16.2660,15.5350,15.6770,710894000
1556,2022-11-18,NVDA,15.9660,16.0020,15.1200,15.4090,492072000
1557,2022-11-21,NVDA,15.1470,15.4770,15.0800,15.3170,404739000
1558,2022-11-22,NVDA,15.3280,16.0580,15.1220,16.0380,472866000
1559,2022-11-23,NVDA,16.0980,16.5270,16.0480,16.5190,427241000
1560,2022-11-25,NVDA,16.3180,16.4870,16.1720,16.2700,167934000
1561,2022-11-28,NVDA,16.0260,16.3570,15.7250,15.8270,303741000
1562,2022-11-29,NVDA,15.8270,15.9320,15.5200,15.6390,298384000
1563,2022-11-30,NVDA,15.6970,16.9300,15.5970,16.9230,565298000
1564,2022-12-01,NVDA,16.9990,17.2650,16.6350,17.1350,470977000
1565,2022-12-02,NVDA,16.6590,16.9330,16.4450,16.8760,371389000
1566,2022-12-05,NVDA,16.6790,16.9950,16.4720,16.6100,352255000
1567,2022-12-06,NVDA,16.5300,16.5730,15.8190,15.9870,352694000
1568,2022-12-07,NVDA,15.7720,16.1860,15.6670,16.1200,372388000
1569,2022-12-08,NVDA,16.2730,17.1790,15.9590,17.1690,515456000
1570,2022-12-09,NVDA,17.1600,17.5830,16.9750,17.0010,465338000
1571,2022-12-12,NVDA,17.0370,17.5380,16.7970,17.5350,457328000
1572,2022-12-13,NVDA,18.5310,18.7900,17.7110,18.0720,656589000
1573,2022-12-14,NVDA,17.9870,18.2520,17.4200,17.6740,496888000
1574,2022-12-15,NVDA,17.1460,17.3200,16.7000,16.9520,478542000
1575,2022-12-16,NVDA,16.8640,17.0410,16.4100,16.5710,478232000
1576,2022-12-19,NVDA,16.5720,16.6090,16.1450,16.2540,354039000
1577,2022-12-20,NVDA,16.0640,16.3100,15.8520,16.0850,403260000
1578,2022-12-21,NVDA,16.1140,16.6270,16.1020,16.5010,325025000
1579,2022-12-22,NVDA,16.0940,16.1380,14.8820,15.3390,565045000
1580,2022-12-23,NVDA,15.1960,15.3390,14.8830,15.2060,349326000
1581,2022-12-27,NVDA,15.0740,15.1000,14.0560,14.1210,464902000
1582,2022-12-28,NVDA,13.9270,14.2620,13.8840,14.0360,351066000
1583,2022-12-29,NVDA,14.4020,14.6830,14.2270,14.6030,354923000
1584,2022-12-30,NVDA,14.3340,14.6290,14.2330,14.6140,310490000
1585,2023-01-03,NVDA,14.8510,14.9960,14.0960,14.3150,401277000
1586,2023-01-04,NVDA,14.5670,14.8530,14.2410,14.7490,431324000
1587,2023-01-05,NVDA,14.4910,14.5640,14.1480,14.2650,389168000
1588,2023-01-06,NVDA,14.4740,15.0100,14.0340,14.8590,405044000
1589,2023-01-09,NVDA,15.2840,16.0560,15.1410,15.6280,504231000
1590,2023-01-10,NVDA,15.5070,15.9620,15.4720,15.9090,384101000
1591,2023-01-11,NVDA,15.8400,16.0280,15.5630,16.0010,353285000
1592,2023-01-12,NVDA,16.1000,16.6370,15.4920,16.5110,551409000
1593,2023-01-13,NVDA,16.2780,16.9220,16.1650,16.8990,447287000
1594,2023-01-17,NVDA,16.8990,17.7280,16.8990,17.7020,511102000
1595,2023-01-18,NVDA,17.6670,17.8730,17.2820,17.3770,439624000
1596,2023-01-19,NVDA,17.0360,17.1970,16.7310,16.7650,452932000
1597,2023-01-20,NVDA,17.0110,17.8560,16.8250,17.8390,564967000
1598,2023-01-23,NVDA,18.0640,19.2450,17.8180,19.1930,655163000
1599,2023-01-24,NVDA,18.8270,19.4950,18.8200,19.2650,496204000
1600,2023-01-25,NVDA,18.9130,19.3700,18.5800,19.3230,449537000
1601,2023-01-26,NVDA,19.7010,20.1660,19.2780,19.8020,489535000
1602,2023-01-27,NVDA,19.4620,20.6280,19.4050,20.3650,542142000
1603,2023-01-30,NVDA,19.9500,20.1400,19.1500,19.1620,488611000
1604,2023-01-31,NVDA,19.1700,19.6870,18.9500,19.5370,498017000
1605,2023-02-01,NVDA,19.6910,21.1920,19.6110,20.9430,660477000
1606,2023-02-02,NVDA,21.0000,21.9490,20.7000,21.7090,564276000
1607,2023-02-03,NVDA,21.0000,21.7450,20.7890,21.1000,429366000
1608,2023-02-06,NVDA,20.8060,21.5700,20.7860,21.0890,452197000
1609,2023-02-07,NVDA,21.3820,22.2590,21.1500,22.1730,664150000
1610,2023-02-08,NVDA,22.3870,22.8780,22.0080,22.2050,559651000
1611,2023-02-09,NVDA,22.6060,23.0200,22.1200,22.3370,523876000
1612,2023-02-10,NVDA,21.6900,22.0780,20.8110,21.2650,550737000
1613,2023-02-13,NVDA,21.5380,22.0480,20.9620,21.7880,474919000
1614,2023-02-14,NVDA,21.5780,23.0490,21.3660,22.9710,675474000
1615,2023-02-15,NVDA,22.5490,22.8550,22.1060,22.7640,420575000
1616,2023-02-16,NVDA,22.1330,22.5500,21.9270,22.0020,412026000
1617,2023-02-17,NVDA,21.6310,21.7400,20.9750,21.3880,465888000
1618,2023-02-21,NVDA,21.0000,21.4940,20.6180,20.6550,410015000
1619,2023-02-22,NVDA,20.7070,21.1040,20.4210,20.7540,513184000
1620,2023-02-23,NVDA,23.4400,23.8880,23.0250,23.6640,1117995000
1621,2023-02-24,NVDA,23.2250,23.4740,22.9470,23.2860,589716000
1622,2023-02-27,NVDA,23.6700,23.8800,23.4540,23.5010,452994000
1623,2023-02-28,NVDA,23.3720,23.8250,23.2060,23.2160,455963000
1624,2023-03-01,NVDA,23.1920,23.2560,22.5080,22.6980,460026000
1625,2023-03-02,NVDA,22.4880,23.3800,22.4320,23.3140,389415000
1626,2023-03-03,NVDA,23.3200,23.9000,23.1300,23.8900,412393000
1627,2023-03-06,NVDA,23.8910,24.2480,23.4870,23.5540,437429000
1628,2023-03-07,NVDA,23.6000,24.1250,23.2410,23.2880,515154000
1629,2023-03-08,NVDA,23.4870,24.2000,23.4240,24.1810,513573000
1630,2023-03-09,NVDA,24.1750,24.4540,23.3830,23.4360,501257000
1631,2023-03-10,NVDA,23.4090,23.6270,22.7260,22.9650,474866000
1632,2023-03-13,NVDA,22.7520,23.2980,22.2970,22.9660,421890000
1633,2023-03-14,NVDA,23.4960,24.2190,23.4600,24.0630,474910000
1634,2023-03-15,NVDA,23.7610,24.2860,23.3600,24.2280,524486000
1635,2023-03-16,NVDA,24.0270,25.5880,23.8940,25.5410,583253000
1636,2023-03-17,NVDA,25.9820,26.3990,25.6680,25.7250,848547000
1637,2023-03-20,NVDA,25.6150,26.0240,25.1300,25.9000,432747000
1638,2023-03-21,NVDA,26.1800,26.3920,25.3810,26.1990,547408000
1639,2023-03-22,NVDA,26.4250,27.5890,26.2370,26.4680,797295000
1640,2023-03-23,NVDA,27.1150,27.4990,26.6900,27.1910,564889000
1641,2023-03-24,NVDA,27.0310,27.1670,26.3550,26.7790,454920000
1642,2023-03-27,NVDA,26.8370,27.0000,26.3650,26.5310,361026000
1643,2023-03-28,NVDA,26.4470,26.5130,25.8500,26.4100,356104000
1644,2023-03-29,NVDA,26.8250,27.0780,26.5970,26.9840,393694000
1645,2023-03-30,NVDA,27.2290,27.4990,27.1020,27.3830,364516000
1646,2023-03-31,NVDA,27.1400,27.8340,27.1050,27.7770,433933000
1647,2023-04-03,NVDA,27.5090,28.0000,27.3360,27.9650,398716000
1648,2023-04-04,NVDA,27.9660,28.0000,27.3070,27.4530,368592000
1649,2023-04-05,NVDA,26.8290,26.9980,26.3950,26.8810,515015000
1650,2023-04-06,NVDA,26.5840,27.0800,26.4270,27.0370,397654000
1651,2023-04-10,NVDA,26.8230,27.6210,26.6690,27.5790,395279000
1652,2023-04-11,NVDA,27.7240,27.7900,27.1260,27.1690,314378000
1653,2023-04-12,NVDA,27.3700,27.4680,26.4480,26.4950,446259000
1654,2023-04-13,NVDA,26.7340,26.8870,26.3290,26.4630,353615000
1655,2023-04-14,NVDA,26.5040,26.8830,26.2200,26.7580,395660000
1656,2023-04-17,NVDA,26.5650,27.0060,26.4330,27.0020,321471000
1657,2023-04-18,NVDA,27.5330,28.1100,27.3570,27.6670,604812000
1658,2023-04-19,NVDA,27.3610,28.0000,27.2320,27.9310,358660000
1659,2023-04-20,NVDA,27.6710,28.0300,27.0000,27.1040,427713000
1660,2023-04-21,NVDA,26.9520,27.1830,26.7220,27.1190,345103000
1661,2023-04-24,NVDA,27.0130,27.3660,26.6710,27.0420,339282000
1662,2023-04-25,NVDA,27.0780,27.2470,26.2250,26.2410,378527000
1663,2023-04-26,NVDA,27.0020,27.3300,26.7050,26.9560,406337000
1664,2023-04-27,NVDA,27.3630,27.4950,26.6250,27.2260,377161000
1665,2023-04-28,NVDA,27.2250,27.7580,27.0710,27.7490,292216000
1666,2023-05-01,NVDA,27.8400,29.0580,27.7800,28.9100,570329000
1667,2023-05-02,NVDA,28.6800,28.8360,28.0830,28.2100,402730000
1668,2023-05-03,NVDA,27.8400,28.3670,27.4720,27.8020,383387000
1669,2023-05-04,NVDA,27.6510,27.8590,27.2400,27.5620,321850000
1670,2023-05-05,NVDA,27.8260,28.7550,27.7310,28.6800,361494000
1671,2023-05-08,NVDA,28.5220,29.2200,28.3500,29.1510,344979000
1672,2023-05-09,NVDA,28.8990,28.9730,28.4500,28.5710,314869000
1673,2023-05-10,NVDA,29.0050,29.1130,28.4610,28.8850,369350000
1674,2023-05-11,NVDA,28.8960,28.9500,28.2460,28.5780,322149000
1675,2023-05-12,NVDA,28.5290,28.7800,28.0460,28.3400,274222000
1676,2023-05-15,NVDA,28.5080,28.9690,28.1520,28.9530,293926000
1677,2023-05-16,NVDA,28.8410,29.8700,28.8320,29.2130,449405000
1678,2023-05-17,NVDA,29.5840,30.1990,29.4300,30.1780,432535000
1679,2023-05-18,NVDA,30.4100,31.8280,30.3200,31.6780,748725000
1680,2023-05-19,NVDA,31.5360,31.5800,30.9160,31.2640,473908000
1681,2023-05-22,NVDA,30.9010,31.5200,30.6800,31.1760,372000000
1682,2023-05-23,NVDA,31.0000,31.2880,30.6310,30.6880,356253000
1683,2023-05-24,NVDA,30.2100,30.6070,29.8060,30.5380,721419000
1684,2023-05-25,NVDA,38.5230,39.4800,36.6350,37.9800,1543911000
1685,2023-05-26,NVDA,37.8900,39.1700,37.5500,38.9460,714397000
1686,2023-05-30,NVDA,40.5950,41.9380,39.9490,40.1110,923401000
1687,2023-05-31,NVDA,39.4880,40.2950,37.8220,37.8340,1002580000
1688,2023-06-01,NVDA,38.4890,40.0500,38.3400,39.7700,635873000
1689,2023-06-02,NVDA,40.0970,40.5000,39.0580,39.3270,482731000
1690,2023-06-05,NVDA,38.9090,39.5650,38.7070,39.1710,396094000
1691,2023-06-06,NVDA,38.8300,39.1600,38.1480,38.6540,388729000
1692,2023-06-07,NVDA,38.9150,39.4990,37.3560,37.4750,511998000
1693,2023-06-08,NVDA,37.7240,38.8640,37.5050,38.5100,417772000
1694,2023-06-09,NVDA,39.0370,39.7110,38.5670,38.7700,427717000
1695,2023-06-12,NVDA,39.2000,39.5300,38.6180,39.4820,388701000
1696,2023-06-13,NVDA,40.1860,41.1010,39.7400,41.0220,613208000
1697,2023-06-14,NVDA,40.8240,43.0000,40.5520,42.9970,740465000
1698,2023-06-15,NVDA,42.6020,43.2890,42.1470,42.6530,568622000
1699,2023-06-16,NVDA,43.4500,43.7210,42.6610,42.6920,655709000
1700,2023-06-20,NVDA,42.9980,43.9900,42.6740,43.8080,451153000
1701,2023-06-21,NVDA,43.5010,43.6150,42.0800,43.0450,551603000
1702,2023-06-22,NVDA,42.2530,43.4260,42.2340,43.0250,417737000
1703,2023-06-23,NVDA,42.4640,42.8090,42.0150,42.2090,358140000
1704,2023-06-26,NVDA,42.4610,42.7640,40.1000,40.6320,594322000
1705,2023-06-27,NVDA,40.7990,41.9400,40.4480,41.8760,462175000
1706,2023-06-28,NVDA,40.6600,41.8450,40.5180,41.1170,582639000
1707,2023-06-29,NVDA,41.5580,41.6000,40.6000,40.8220,380514000
1708,2023-06-30,NVDA,41.6800,42.5500,41.5010,42.3020,501148000
1709,2023-07-03,NVDA,42.5170,42.8980,42.2020,42.4130,198209000
1710,2023-07-05,NVDA,42.1350,43.1770,42.0850,42.3170,323618000
1711,2023-07-06,NVDA,41.8440,42.1790,41.3460,42.1030,303582000
1712,2023-07-07,NVDA,42.3220,43.2140,42.1800,42.5030,355881000
1713,2023-07-10,NVDA,42.6570,42.8110,41.6490,42.1800,353908000
1714,2023-07-11,NVDA,42.4810,42.7580,42.0670,42.4050,298244000
1715,2023-07-12,NVDA,43.0330,43.9350,42.7770,43.9020,481277000
1716,2023-07-13,NVDA,44.5180,46.1550,44.4920,45.9770,478204000
1717,2023-07-14,NVDA,46.5830,48.0880,45.0600,45.4690,772075000
1718,2023-07-17,NVDA,46.2890,46.4960,45.2620,46.4610,510488000
1719,2023-07-18,NVDA,46.7010,47.8960,45.7340,47.4940,569164000
1720,2023-07-19,NVDA,47.4640,47.8180,46.7420,47.0770,427502000
1721,2023-07-20,NVDA,46.5070,47.0870,45.0620,45.5200,537865000
1722,2023-07-21,NVDA,45.7880,45.8660,44.1000,44.3090,963769000
1723,2023-07-24,NVDA,44.7310,45.1090,44.0400,44.6120,382516000
1724,2023-07-25,NVDA,44.9410,46.1830,44.9230,45.6790,348081000
1725,2023-07-26,NVDA,46.0210,46.0530,44.6300,45.4520,364237000
1726,2023-07-27,NVDA,46.5190,47.3950,45.7500,45.9000,455976000
1727,2023-07-28,NVDA,46.6680,47.0270,46.3810,46.7500,331194000
1728,2023-07-31,NVDA,46.7540,47.1300,46.5060,46.7290,251055000
1729,2023-08-01,NVDA,46.4600,46.9000,46.0270,46.5070,237858000
1730,2023-08-02,NVDA,45.8310,45.8400,43.3870,44.2690,530142000
1731,2023-08-03,NVDA,43.8000,45.1180,43.8000,44.5150,324176000
1732,2023-08-04,NVDA,44.9850,45.6420,44.3930,44.6800,362666000
1733,2023-08-07,NVDA,45.1110,45.5400,44.5630,45.4170,322154000
1734,2023-08-08,NVDA,44.8530,45.2420,44.0560,44.6640,353843000
1735,2023-08-09,NVDA,44.2740,44.3120,42.1340,42.5540,586449000
1736,2023-08-10,NVDA,42.1600,43.5740,41.8350,42.3880,492705000
1737,2023-08-11,NVDA,41.7510,42.0180,40.6390,40.8550,533085000
1738,2023-08-14,NVDA,40.4860,43.8000,40.3110,43.7530,690286000
1739,2023-08-15,NVDA,44.5600,45.2680,43.7100,43.9400,676512000
1740,2023-08-16,NVDA,44.5200,44.6750,43.4060,43.4860,527451000
1741,2023-08-17,NVDA,43.9700,44.0620,43.0010,43.3440,452395000
1742,2023-08-18,NVDA,42.6350,43.5780,41.6600,43.2990,583768000
1743,2023-08-21,NVDA,44.4940,47.0650,44.2220,46.9670,692573000
1744,2023-08-22,NVDA,48.1350,48.1870,45.3330,45.6680,755293000
1745,2023-08-23,NVDA,45.8660,47.2000,45.2080,47.1160,779046000
1746,2023-08-24,NVDA,50.2160,50.2660,47.1590,47.1630,1156044000
1747,2023-08-25,NVDA,47.0120,47.8050,45.0240,46.0180,925341000
1748,2023-08-28,NVDA,46.4820,46.9800,44.8880,46.8350,685192000
1749,2023-08-29,NVDA,46.6660,49.0810,46.3910,48.7840,701397000
1750,2023-08-30,NVDA,49.0440,49.9270,48.4250,49.2640,735206000
1751,2023-08-31,NVDA,49.3800,49.7440,48.9580,49.3550,528570000
1752,2023-09-01,NVDA,49.7620,49.8000,48.1420,48.5090,463830000
1753,2023-09-05,NVDA,48.2230,48.8510,47.8600,48.5480,382653000
1754,2023-09-06,NVDA,48.4410,48.5490,46.5800,47.0610,468670000
1755,2023-09-07,NVDA,45.5250,46.3440,45.1520,46.2410,433330000
1756,2023-09-08,NVDA,45.9420,46.6060,45.2710,45.5720,473069000
1757,2023-09-11,NVDA,46.1480,46.1630,44.3120,45.1780,473966000
1758,2023-09-12,NVDA,44.7380,45.6730,44.5310,44.8700,349256000
1759,2023-09-13,NVDA,44.6000,45.9300,44.5030,45.4850,398355000
1760,2023-09-14,NVDA,45.9500,45.9870,45.1310,45.5810,370097000
1761,2023-09-15,NVDA,45.3410,45.5990,43.8080,43.9000,506831000
1762,2023-09-18,NVDA,42.7480,44.2420,42.0000,43.9660,500271000
1763,2023-09-19,NVDA,43.8330,43.9660,43.0020,43.5200,373064000
1764,2023-09-20,NVDA,43.6000,43.9030,42.2230,42.2390,367108000
1765,2023-09-21,NVDA,41.5830,42.1000,40.9800,41.0170,450736000
1766,2023-09-22,NVDA,41.5720,42.1150,41.2310,41.6100,479236000
1767,2023-09-25,NVDA,41.5910,42.5360,41.1770,42.2220,419091000
1768,2023-09-26,NVDA,42.0010,42.8200,41.6550,41.9110,402282000
1769,2023-09-27,NVDA,42.3300,42.8720,41.6290,42.4680,444935000
1770,2023-09-28,NVDA,42.4600,43.4460,42.1150,43.0890,424663000
1771,2023-09-29,NVDA,43.8270,44.1440,43.3070,43.4990,397830000
1772,2023-10-02,NVDA,44.0300,45.1750,43.8610,44.7820,433298000
1773,2023-10-03,NVDA,44.8080,45.1300,43.2460,43.5170,470850000
1774,2023-10-04,NVDA,43.7420,44.1430,43.2920,44.0410,361821000
1775,2023-10-05,NVDA,44.0500,44.9000,43.8880,44.6880,393483000
1776,2023-10-06,NVDA,44.1930,45.7890,44.0260,45.7620,434436000
1777,2023-10-09,NVDA,44.8420,45.6050,44.3680,45.2730,409675000
1778,2023-10-10,NVDA,45.3100,46.2590,45.0880,45.7980,368582000
1779,2023-10-11,NVDA,46.1960,46.8590,46.0500,46.8060,378137000
1780,2023-10-12,NVDA,46.7770,47.6090,46.3300,46.9450,481325000
1781,2023-10-13,NVDA,46.9600,47.1160,45.2800,45.4610,474115000
1782,2023-10-16,NVDA,45.0630,46.2250,44.9120,46.0950,375099000
1783,2023-10-17,NVDA,44.0000,44.7540,42.4800,43.9380,812333000
1784,2023-10-18,NVDA,42.5910,43.2190,41.8250,42.1960,627294000
1785,2023-10-19,NVDA,42.8110,43.2970,41.8820,42.1010,501233000
1786,2023-10-20,NVDA,41.8900,42.4700,41.0780,41.3870,477266000
1787,2023-10-23,NVDA,41.2290,43.2480,40.9450,42.9750,478530000
1788,2023-10-24,NVDA,43.0770,43.6970,42.6910,43.6630,401463000
1789,2023-10-25,NVDA,43.3980,43.6500,41.5550,41.7790,398379000
1790,2023-10-26,NVDA,41.8530,42.2560,39.8800,40.3260,541001000
1791,2023-10-27,NVDA,41.1300,41.2060,40.0150,40.5000,416784000
1792,2023-10-30,NVDA,41.0870,41.7660,40.4810,41.1610,388028000
1793,2023-10-31,NVDA,40.4500,40.8790,39.2300,40.7800,517969000
1794,2023-11-01,NVDA,40.8840,42.3810,40.8690,42.3250,437593000
1795,2023-11-02,NVDA,43.3280,43.8840,42.8940,43.5060,409172000
1796,2023-11-03,NVDA,44.0200,45.3090,43.7230,45.0050,424610000
1797,2023-11-06,NVDA,45.2850,45.9350,44.8990,45.7510,400733000
1798,2023-11-07,NVDA,45.7190,46.2180,45.1580,45.9550,343165000
1799,2023-11-08,NVDA,46.1000,46.8670,45.9680,46.5740,346719000
1800,2023-11-09,NVDA,47.4670,48.2300,46.7500,46.9500,540496000
1801,2023-11-10,NVDA,47.5000,48.4720,47.2830,48.3350,421245000
1802,2023-11-13,NVDA,48.3200,49.1160,48.0990,48.6200,384136000
1803,2023-11-14,NVDA,49.6800,49.8340,49.0400,49.6560,416954000
1804,2023-11-15,NVDA,49.9350,49.9600,48.2000,48.8880,475497000
1805,2023-11-16,NVDA,48.6790,49.5250,48.3300,49.4800,339756000
1806,2023-11-17,NVDA,49.5240,49.7170,49.0070,49.2980,325205000
1807,2023-11-20,NVDA,49.3120,50.5480,49.1810,50.4090,414120000
1808,2023-11-21,NVDA,50.1260,50.5170,49.2220,49.9440,565747000
1809,2023-11-22,NVDA,49.8520,50.3350,47.6900,48.7160,899420000
1810,2023-11-24,NVDA,48.4700,48.9210,47.7450,47.7760,294645000
1811,2023-11-27,NVDA,47.8000,48.5300,47.6520,48.2420,395662000
1812,2023-11-28,NVDA,48.2360,48.3230,47.4730,47.8210,401491000
1813,2023-11-29,NVDA,48.3790,48.7620,47.8600,48.1400,382005000
1814,2023-11-30,NVDA,48.0240,48.1100,46.4220,46.7700,526247000
1815,2023-12-01,NVDA,46.5250,47.2000,46.1870,46.7650,369317000
1816,2023-12-04,NVDA,46.0770,46.0770,45.0100,45.5100,437543000
1817,2023-12-05,NVDA,45.4660,46.6000,45.2710,46.5660,371718000
1818,2023-12-06,NVDA,47.2150,47.3870,45.4120,45.5030,380590000
1819,2023-12-07,NVDA,45.7000,46.6290,45.6040,46.5960,350823000
1820,2023-12-08,NVDA,46.5950,47.7410,46.5500,47.5060,359224000
1821,2023-12-11,NVDA,47.4910,47.5310,45.8300,46.6270,509728000
1822,2023-12-12,NVDA,46.0460,47.6660,46.0460,47.6570,372387000
1823,2023-12-13,NVDA,47.6290,48.5940,47.6080,48.0880,447792000
1824,2023-12-14,NVDA,48.3900,48.6700,47.4220,48.3500,391232000
1825,2023-12-15,NVDA,48.1940,49.4040,48.1200,48.8900,479948000
1826,2023-12-18,NVDA,49.4000,50.4330,49.1500,50.0770,412587000
1827,2023-12-19,NVDA,49.4240,49.7000,48.8950,49.6040,464444000
1828,2023-12-20,NVDA,49.6550,49.9990,48.0980,48.1110,397894000
1829,2023-12-21,NVDA,48.8110,49.0950,48.4190,48.9900,300425000
1830,2023-12-22,NVDA,49.1950,49.3830,48.4670,48.8300,252507000
1831,2023-12-26,NVDA,48.9680,49.6000,48.9600,49.2790,244200000
1832,2023-12-27,NVDA,49.5110,49.6800,49.0850,49.4170,233648000
1833,2023-12-28,NVDA,49.6430,49.8840,49.4120,49.5220,246587000
1834,2023-12-29,NVDA,49.8130,49.9970,48.7510,49.5220,389293000
1835,2024-01-02,NVDA,49.2440,49.2950,47.5950,48.1680,411254000
1836,2024-01-03,NVDA,47.4850,48.1840,47.3200,47.5690,320896000
1837,2024-01-04,NVDA,47.7670,48.5000,47.5080,47.9980,306535000
1838,2024-01-05,NVDA,48.4620,49.5470,48.3060,49.0970,415039000
1839,2024-01-08,NVDA,49.5120,52.2750,49.4790,52.2530,642510000
1840,2024-01-09,NVDA,52.4010,54.3250,51.6900,53.1400,773100000
1841,2024-01-10,NVDA,53.6160,54.6000,53.4890,54.3500,533796000
1842,2024-01-11,NVDA,54.9990,55.3460,53.5600,54.8220,596759000
1843,2024-01-12,NVDA,54.6200,54.9700,54.3300,54.7100,352994000
1844,2024-01-16,NVDA,55.0180,56.8350,54.9000,56.3820,449580000
1845,2024-01-17,NVDA,56.3470,56.4710,54.7400,56.0530,474394000
1846,2024-01-18,NVDA,57.2600,57.6000,56.1070,57.1070,491650000
1847,2024-01-19,NVDA,57.9890,59.5000,57.2250,59.4910,543501000
1848,2024-01-22,NVDA,60.0490,60.3310,59.0700,59.6540,452955000
1849,2024-01-23,NVDA,59.5700,59.9100,58.5850,59.8730,294654000
1850,2024-01-24,NVDA,60.3040,62.8490,59.9380,61.3620,560271000
1851,2024-01-25,NVDA,62.3500,62.7190,60.8500,61.6170,482777000
1852,2024-01-26,NVDA,60.9600,61.7830,60.5730,61.0310,390309000
1853,2024-01-29,NVDA,61.2320,62.4890,60.9070,62.4650,348733000
1854,2024-01-30,NVDA,62.9000,63.4930,62.2600,62.7740,410735000
1855,2024-01-31,NVDA,61.4400,62.2690,60.7000,61.5270,453795000
1856,2024-02-01,NVDA,62.1000,63.1910,61.6500,63.0270,369146000
1857,2024-02-02,NVDA,63.9740,66.6000,63.6900,66.1600,476578000
1858,2024-02-05,NVDA,68.2250,69.4970,67.2050,69.3320,680078000
1859,2024-02-06,NVDA,69.6300,69.7540,66.3000,68.2230,683111000
1860,2024-02-07,NVDA,68.3190,70.2200,67.6000,70.0990,495575000
1861,2024-02-08,NVDA,70.0740,70.7940,69.4550,69.6410,414422000
1862,2024-02-09,NVDA,70.5330,72.1850,70.2120,72.1330,436637000
1863,2024-02-12,NVDA,72.6000,74.6110,71.2500,72.2480,613710000
1864,2024-02-13,NVDA,70.4000,73.4500,69.6200,72.1280,602580000
1865,2024-02-14,NVDA,73.2020,74.2360,71.9380,73.9000,504917000
1866,2024-02-15,NVDA,73.8690,73.9750,72.4000,72.6580,420122000
1867,2024-02-16,NVDA,74.1000,74.4020,72.5010,72.6130,495327000
1868,2024-02-20,NVDA,71.9470,71.9560,67.7340,69.4520,704833000
1869,2024-02-21,NVDA,68.0060,68.8880,66.2480,67.4720,673755000
1870,2024-02-22,NVDA,75.0250,78.5750,74.2200,78.5380,865100000
1871,2024-02-23,NVDA,80.7900,82.3940,77.5700,78.8170,829388000
1872,2024-02-26,NVDA,79.7000,80.6460,78.5050,79.0920,503973000
1873,2024-02-27,NVDA,79.3810,79.4800,77.1620,78.7010,391705000
1874,2024-02-28,NVDA,77.6200,78.9330,77.1250,77.6630,393110000
1875,2024-02-29,NVDA,79.0940,79.9900,78.3500,79.1120,507289000
1876,2024-03-01,NVDA,80.0000,82.3000,79.4350,82.2790,479135000
1877,2024-03-04,NVDA,84.1300,87.6950,83.7190,85.2370,615616000
1878,2024-03-05,NVDA,85.2700,86.0970,83.4170,85.9640,520639000
1879,2024-03-06,NVDA,88.0220,89.7240,87.0300,88.7000,582520000
1880,2024-03-07,NVDA,90.1580,92.7670,89.6020,92.6690,608119000
1881,2024-03-08,NVDA,95.1380,97.4000,86.5060,87.5280,1142269000
1882,2024-03-11,NVDA,86.4290,88.7970,84.1660,85.7740,678364000
1883,2024-03-12,NVDA,88.0490,91.9600,86.1500,91.9130,668075000
1884,2024-03-13,NVDA,91.0550,91.5040,88.4350,90.8880,635713000
1885,2024-03-14,NVDA,89.5770,90.6460,86.6000,87.9440,602318000
1886,2024-03-15,NVDA,86.9300,89.5460,86.2570,87.8370,642086000
1887,2024-03-18,NVDA,90.3880,92.4050,87.0850,88.4550,668976000
1888,2024-03-19,NVDA,86.7000,90.5440,85.0100,89.3980,672171000
1889,2024-03-20,NVDA,89.7970,90.4100,88.2230,90.3720,479063000
1890,2024-03-21,NVDA,92.3000,92.6480,90.4050,91.4350,480372000
1891,2024-03-22,NVDA,91.1410,94.7780,90.8340,94.2890,586719000
1892,2024-03-25,NVDA,93.9410,96.7660,93.5100,95.0020,552136000
1893,2024-03-26,NVDA,95.8510,96.3750,92.5020,92.5610,513648000
1894,2024-03-27,NVDA,93.1120,93.2400,89.1230,90.2500,586067000
1895,2024-03-28,NVDA,90.0000,91.3000,89.1930,90.3560,435212000
1896,2024-04-01,NVDA,90.2990,92.2250,89.2040,90.3630,452441000
1897,2024-04-02,NVDA,88.4480,90.0940,87.6200,89.4520,433064000
1898,2024-04-03,NVDA,88.4840,90.3740,88.4000,88.9640,370067000
1899,2024-04-04,NVDA,90.4060,90.6340,85.8800,85.9050,434965000
1900,2024-04-05,NVDA,86.8660,88.4810,85.9260,88.0080,399678000
1901,2024-04-08,NVDA,88.7000,88.8300,86.7320,87.1330,283220000
1902,2024-04-09,NVDA,87.4420,87.6350,83.0220,85.3540,501700000
1903,2024-04-10,NVDA,83.9260,87.4000,83.7090,87.0390,431929000
1904,2024-04-11,NVDA,87.4200,90.7390,86.9260,90.6160,431637000
1905,2024-04-12,NVDA,89.6990,90.1750,87.5300,88.1860,426805000
1906,2024-04-15,NVDA,89.0980,90.6130,85.9290,86.0010,443077000
1907,2024-04-16,NVDA,86.4330,88.1180,86.0640,87.4150,370453000
1908,2024-04-17,NVDA,88.3400,88.7750,83.9500,84.0350,495400000
1909,2024-04-18,NVDA,84.9700,86.1900,82.4020,84.6710,447260000
1910,2024-04-19,NVDA,83.1500,84.3240,75.6060,76.2000,875198000
1911,2024-04-22,NVDA,78.1040,80.0730,76.4000,79.5180,596341000
1912,2024-04-23,NVDA,80.7690,82.7690,80.2640,82.4230,438559000
1913,2024-04-24,NVDA,83.9500,84.0820,79.1830,79.6770,512208000
1914,2024-04-25,NVDA,78.8680,83.3230,78.2230,82.6320,424641000
1915,2024-04-26,NVDA,83.8180,88.3310,83.3870,87.7350,551011000
1916,2024-04-29,NVDA,87.5950,87.9920,85.2660,87.7570,388971000
1917,2024-04-30,NVDA,87.2400,88.8190,86.3000,86.4020,363709000
1918,2024-05-01,NVDA,85.0770,86.0000,81.2550,83.0410,559863000
1919,2024-05-02,NVDA,84.4490,86.2370,83.2000,85.8170,377898000
1920,2024-05-03,NVDA,87.7890,89.2810,87.0400,88.7890,398341000
1921,2024-05-06,NVDA,89.3900,92.2200,89.0550,92.1400,376203000
1922,2024-05-07,NVDA,91.0980,91.7810,89.0110,90.5540,437342000
1923,2024-05-08,NVDA,89.4830,91.1940,89.4200,90.4120,325721000
1924,2024-05-09,NVDA,90.5290,91.0720,88.2310,88.7470,378013000
1925,2024-05-10,NVDA,90.3050,91.4010,89.2270,89.8780,335325000
1926,2024-05-13,NVDA,90.4780,90.9980,88.5290,90.3990,289680000
1927,2024-05-14,NVDA,89.5990,91.6510,88.9340,91.3560,296507000
1928,2024-05-15,NVDA,92.4720,94.8620,91.5990,94.6300,417735000
1929,2024-05-16,NVDA,94.9100,95.8190,94.1030,94.3590,323952000
1930,2024-05-17,NVDA,94.3690,94.7400,91.8060,92.4790,359691000
1931,2024-05-20,NVDA,93.7500,95.2000,93.4400,94.7800,318764000
1932,2024-05-21,NVDA,93.5990,95.4000,93.1800,95.3860,328946000
1933,2024-05-22,NVDA,95.4590,96.0200,93.2490,94.9500,548648000
1934,2024-05-23,NVDA,102.0280,106.3200,101.5200,103.7990,835065000
1935,2024-05-24,NVDA,104.4490,106.4750,103.0000,106.4690,429494000
1936,2024-05-28,NVDA,110.2440,114.9390,109.8830,113.9010,652728000
1937,2024-05-29,NVDA,113.0500,115.4920,110.9010,114.8250,557442000
1938,2024-05-30,NVDA,114.6500,115.8190,109.6630,110.5000,484553000
1939,2024-05-31,NVDA,112.5200,112.7170,106.9400,109.6330,613263000
1940,2024-06-03,NVDA,113.6210,115.0000,112.0030,115.0000,438392000
1941,2024-06-04,NVDA,115.7160,116.6000,114.0450,116.4370,403324000
1942,2024-06-05,NVDA,118.3710,122.4490,117.4680,122.4400,528402000
1943,2024-06-06,NVDA,124.0480,125.5870,118.3200,120.9980,664696000
1944,2024-06-07,NVDA,119.7700,121.6920,118.0220,120.8880,412386000
1945,2024-06-10,NVDA,120.3700,123.1000,117.0100,121.7900,313434100
1946,2024-06-11,NVDA,121.7700,122.8700,118.7400,120.9100,222551200
1947,2024-06-12,NVDA,123.0600,126.8800,122.5700,125.2000,299595000
1948,2024-06-13,NVDA,129.3900,129.8000,127.1600,129.6100,260704500
1949,2024-06-14,NVDA,129.9600,132.8400,128.3200,131.8800,309320400
1950,2024-06-17,NVDA,132.9900,133.7300,129.5800,130.9800,288504400
1951,2024-06-18,NVDA,131.1400,136.3300,130.6900,135.5800,294335100
1952,2024-06-20,NVDA,139.8000,140.7600,129.5200,130.7800,517768400
1953,2024-06-21,NVDA,127.1200,130.6300,124.3000,126.5700,649445800
1954,2024-06-24,NVDA,123.2400,124.4600,118.0400,118.1100,476060900
1955,2024-06-25,NVDA,121.2000,126.5000,119.3200,126.0900,414192600
1956,2024-06-26,NVDA,126.1300,128.1200,122.6000,126.4000,362975900
1957,2024-06-27,NVDA,124.1000,126.4100,122.9200,123.9900,252571700
1958,2024-06-28,NVDA,124.5800,127.7100,122.7500,123.5400,315516700
1959,2024-07-01,NVDA,123.4700,124.8400,118.8300,124.3000,284885500
1960,2024-07-02,NVDA,121.1300,123.4100,121.0300,122.6700,218374000
1961,2024-07-03,NVDA,121.6600,128.2800,121.3600,128.2800,215749000
1962,2024-07-05,NVDA,127.3800,128.8500,125.6800,125.8300,214176700
1963,2024-07-08,NVDA,127.4900,130.7700,127.0400,128.2000,237677300
1964,2024-07-09,NVDA,130.3500,133.8200,128.6500,131.3800,285366600
1965,2024-07-10,NVDA,134.0300,135.1000,132.4200,134.9100,248978600
1966,2024-07-11,NVDA,135.7500,136.1500,127.0500,127.4000,374782700
1967,2024-07-12,NVDA,128.2600,131.9200,127.2200,129.2400,252680500
1968,2024-07-15,NVDA,130.5600,131.3900,127.1800,128.4400,208326200
1969,2024-07-16,NVDA,128.4400,129.0400,124.5800,126.3600,214769500
1970,2024-07-17,NVDA,121.3500,121.8500,116.7200,117.9900,390086200
1971,2024-07-18,NVDA,121.8500,122.4000,116.5600,121.0900,320979500
1972,2024-07-19,NVDA,120.3500,121.6000,117.3700,117.9300,217223800
1973,2024-07-22,NVDA,120.3500,124.0700,119.8600,123.5400,258068900
1974,2024-07-23,NVDA,122.7800,124.6900,122.1000,122.5900,173911000
1975,2024-07-24,NVDA,119.1700,119.9500,113.4400,114.2500,327776900
1976,2024-07-25,NVDA,113.0400,116.6300,106.3000,112.2800,460067000
1977,2024-07-26,NVDA,116.1900,116.2000,111.5800,113.0600,293399100
1978,2024-07-29,NVDA,113.6900,116.2800,111.3000,111.5900,248152100
1979,2024-07-30,NVDA,111.5200,111.9900,102.5400,103.7300,486833300
1980,2024-07-31,NVDA,112.9000,118.3400,110.8800,117.0200,473174200
1981,2024-08-01,NVDA,117.5300,120.1600,106.8100,109.2100,523462300
1982,2024-08-02,NVDA,103.7600,108.7200,101.3700,107.2700,482027500
1983,2024-08-05,NVDA,92.0600,103.4100,90.6900,100.4500,552842400
1984,2024-08-06,NVDA,103.8400,107.7100,100.5500,104.2500,409012100
1985,2024-08-07,NVDA,107.8100,108.8000,98.6900,98.9100,411440400
1986,2024-08-08,NVDA,102.0000,105.5000,97.5200,104.9700,391910000
1987,2024-08-09,NVDA,105.6400,106.6000,103.4300,104.7500,290844200
1988,2024-08-12,NVDA,106.3200,111.0700,106.2600,109.0200,325559900
1989,2024-08-13,NVDA,112.4400,116.2300,111.5800,116.1400,312646700
1990,2024-08-14,NVDA,118.5300,118.6000,114.0700,118.0800,339246400
1991,2024-08-15,NVDA,118.7600,123.2400,117.4700,122.8600,318086700
1992,2024-08-16,NVDA,121.9400,125.0000,121.1800,124.5800,302589900
1993,2024-08-19,NVDA,124.2800,130.0000,123.4200,130.0000,318333600
1994,2024-08-20,NVDA,128.4000,129.8800,125.8900,127.2500,300087400
1995,2024-08-21,NVDA,127.3200,129.3500,126.6600,128.5000,257883600
1996,2024-08-22,NVDA,130.0200,130.7500,123.1000,123.7400,376189100
1997,2024-08-23,NVDA,125.8600,129.6000,125.2200,129.3700,323230300
1998,2024-08-26,NVDA,129.5700,131.2600,124.3700,126.4600,331964700
1999,2024-08-27,NVDA,125.0500,129.2000,123.8800,128.3000,303134600
2000,2024-08-28,NVDA,128.1200,128.3300,122.6400,125.6100,448101100
2001,2024-08-29,NVDA,121.3600,124.4300,116.7100,117.5900,453023300
2002,2024-08-30,NVDA,119.5300,121.7500,117.2200,119.3700,333751600
2003,2024-09-03,NVDA,116.0100,116.2100,107.2900,108.0000,477155100
2004,2024-09-04,NVDA,105.4100,113.2700,104.1200,106.2100,372470300
2005,2024-09-05,NVDA,104.9900,109.6500,104.7600,107.2100,306850700
2006,2024-09-06,NVDA,108.0400,108.1500,100.9500,102.8300,413638100
2007,2024-09-09,NVDA,104.8800,106.5500,103.6900,106.4700,273912000
2008,2024-09-10,NVDA,107.8100,109.4000,104.9500,108.1000,268283700
2009,2024-09-11,NVDA,109.3900,117.1900,107.4200,116.9100,441422400
2010,2024-09-12,NVDA,116.8400,120.7900,115.3800,119.1400,366052700
2011,2024-09-13,NVDA,119.0800,119.9600,117.6000,119.1000,238358300
2012,2024-09-16,NVDA,116.7900,118.1800,114.3600,116.7800,248772300
2013,2024-09-17,NVDA,118.1700,118.8000,114.8300,115.5900,231925900
2014,2024-09-18,NVDA,115.8900,117.7000,113.2200,113.3700,310318900
2015,2024-09-19,NVDA,117.3500,119.6600,117.2500,117.8700,293506400
2016,2024-09-20,NVDA,117.0600,118.6200,115.3900,116.0000,382462400
2017,2024-09-23,NVDA,116.5500,116.9900,114.8600,116.2600,206228500
2018,2024-09-24,NVDA,116.5200,121.8000,115.3800,120.8700,354966800
2019,2024-09-25,NVDA,122.0200,124.9400,121.6100,123.5100,284692900
2020,2024-09-26,NVDA,126.8000,127.6700,121.8000,124.0400,302582900
2021,2024-09-27,NVDA,123.9700,124.0300,119.2600,121.4000,271009200
2022,2024-09-30,NVDA,118.3100,121.5000,118.1500,121.4400,226553700
2023,2024-10-01,NVDA,121.7700,122.4400,115.7900,117.0000,302094500
2024,2024-10-02,NVDA,116.4400,119.3800,115.1400,118.8500,221845900
2025,2024-10-03,NVDA,120.9200,124.3600,120.3400,122.8500,277118000
2026,2024-10-04,NVDA,124.9400,125.0400,121.8300,124.9200,243678100
2027,2024-10-07,NVDA,124.9900,130.6400,124.9500,127.7200,346250200
2028,2024-10-08,NVDA,130.2600,133.4800,129.4200,132.8900,285722500
2029,2024-10-09,NVDA,134.1100,134.5200,131.3800,132.6500,246191600
2030,2024-10-10,NVDA,131.9100,135.0000,131.0000,134.8100,242311300
2031,2024-10-11,NVDA,134.0100,135.7800,133.6600,134.8000,170209500
2032,2024-10-14,NVDA,136.4700,139.6000,136.3000,138.0700,232347700
2033,2024-10-15,NVDA,137.8700,138.5700,128.7400,131.6000,377831000
2034,2024-10-16,NVDA,133.9800,136.6200,131.5800,135.7200,264879700
2035,2024-10-17,NVDA,139.3400,140.8900,136.8700,136.9300,306435900
2036,2024-10-18,NVDA,138.6700,138.9000,137.2800,138.0000,176090200
2037,2024-10-21,NVDA,138.1300,143.7100,138.0000,143.7100,264554500
2038,2024-10-22,NVDA,142.9100,144.4200,141.7800,143.5900,226311600
2039,2024-10-23,NVDA,142.0300,142.4300,137.4600,139.5600,285930000
2040,2024-10-24,NVDA,140.8200,141.3500,138.4600,140.4100,172354900
2041,2024-10-25,NVDA,140.9300,144.1300,140.8000,141.5400,205122100
2042,2024-10-28,NVDA,143.0000,143.1400,140.0500,140.5200,173586700
2043,2024-10-29,NVDA,140.2900,142.2600,138.9000,141.2500,157593600
2044,2024-10-30,NVDA,139.5400,140.3300,136.8100,139.3400,179418100
2045,2024-10-31,NVDA,137.6000,137.6100,132.1100,132.7600,270039600
2046,2024-11-01,NVDA,134.7000,137.3100,134.5700,135.4000,207127800
2047,2024-11-04,NVDA,137.2100,138.9600,135.5700,136.0500,187528200
2048,2024-11-05,NVDA,137.4500,140.3700,137.3300,139.9100,160537400
2049,2024-11-06,NVDA,142.9600,146.4900,141.9600,145.6100,242043900
2050,2024-11-07,NVDA,146.3900,148.9300,146.1700,148.8800,207323300
2051,2024-11-08,NVDA,148.7700,149.7700,146.2600,147.6300,175665800
2052,2024-11-11,NVDA,148.6800,148.8500,143.5700,145.2600,182325600
2053,2024-11-12,NVDA,146.7800,149.6500,146.0100,148.2900,198634700
2054,2024-11-13,NVDA,149.0700,149.3300,145.9000,146.2700,191903300
2055,2024-11-14,NVDA,147.6400,149.0000,145.5500,146.7600,194463300
2056,2024-11-15,NVDA,144.8700,145.2400,140.0800,141.9800,250132900
2057,2024-11-18,NVDA,139.5000,141.5500,137.1500,140.1500,221205300
2058,2024-11-19,NVDA,141.3200,147.1300,140.9900,147.0100,227834900
2059,2024-11-20,NVDA,147.4100,147.5600,142.7300,145.8900,309871700
2060,2024-11-21,NVDA,149.3500,152.8900,140.7000,146.6700,400946600
2061,2024-11-22,NVDA,145.9300,147.1600,141.1000,141.9500,236406200
2062,2024-11-25,NVDA,141.9900,142.0500,135.8200,136.0200,344941900
2063,2024-11-26,NVDA,137.7000,139.3000,135.6700,136.9200,190287700
2064,2024-11-27,NVDA,135.0100,137.2200,131.8000,135.3400,226370900
2065,2024-11-29,NVDA,136.7800,139.3500,136.0500,138.2500,141863200
2066,2024-12-02,NVDA,138.8300,140.4500,137.8200,138.6300,171682800
2067,2024-12-03,NVDA,138.2600,140.5400,137.9500,140.2600,164414000
2068,2024-12-04,NVDA,142.0000,145.7900,140.2900,145.1400,231224300
2069,2024-12-05,NVDA,145.1100,146.5400,143.9500,145.0600,172621200
2070,2024-12-06,NVDA,144.6000,145.7000,141.3100,142.4400,188505600
2071,2024-12-09,NVDA,138.9700,139.9500,137.1300,138.8100,189308600
2072,2024-12-10,NVDA,139.0100,141.8200,133.7900,135.0700,210020900
2073,2024-12-11,NVDA,137.3600,140.1700,135.2100,139.3100,184905200
2074,2024-12-12,NVDA,137.0800,138.4400,135.8000,137.3400,159211400
2075,2024-12-13,NVDA,138.9400,139.6000,132.5400,134.2500,231514900
2076,2024-12-16,NVDA,134.1800,134.4000,130.4200,132.0000,237951100
2077,2024-12-17,NVDA,129.0900,131.5900,126.8600,130.3900,259410300
2078,2024-12-18,NVDA,133.8600,136.7000,128.2800,128.9100,277444500
2079,2024-12-19,NVDA,131.7600,134.0300,129.5500,130.6800,209719200
2080,2024-12-20,NVDA,129.8100,135.2800,128.2200,134.7000,306528600
2081,2024-12-23,NVDA,136.2800,139.7900,135.1200,139.6700,176053500
2082,2024-12-24,NVDA,140.0000,141.9000,138.6500,140.2200,105157000
2083,2024-12-26,NVDA,139.7000,140.8500,137.7300,139.9300,116205600
2084,2024-12-27,NVDA,138.5500,139.0200,134.7100,137.0100,170582600
2085,2024-12-30,NVDA,134.8300,140.2700,134.0200,137.4900,167734700
2086,2024-12-31,NVDA,138.0300,138.0700,133.8300,134.2900,155659200
2087,2025-01-02,NVDA,136.0000,138.8800,134.6300,138.3100,198247200
2088,2025-01-03,NVDA,140.0100,144.9000,139.7300,144.4700,229322500
2089,2025-01-06,NVDA,148.5900,152.1600,147.8200,149.4300,265377400
2090,2025-01-07,NVDA,153.0300,153.1300,140.0100,140.1400,351782200
2091,2025-01-08,NVDA,142.5800,143.9500,137.5600,140.1100,227349900
2092,2025-01-10,NVDA,137.4500,139.9200,134.2200,135.9100,207602500
2093,2025-01-13,NVDA,129.9900,133.4900,129.5100,133.2300,204808900
2094,2025-01-14,NVDA,136.0500,136.3800,130.0500,131.7600,195590500
2095,2025-01-15,NVDA,133.6500,136.4500,131.2900,136.2400,185217300
2096,2025-01-16,NVDA,138.6400,138.7500,133.4900,133.5700,209235600
2097,2025-01-17,NVDA,136.6900,138.5000,135.4600,137.7100,201188800
2098,2025-01-21,NVDA,139.1600,141.8300,137.0900,140.8300,197749000
2099,2025-01-22,NVDA,144.6600,147.7900,143.6700,147.0700,237651400
2100,2025-01-23,NVDA,145.0500,147.2300,143.7200,147.2200,155915500
2101,2025-01-24,NVDA,148.3700,148.9700,141.8800,142.6200,234657600
2102,2025-01-27,NVDA,124.8000,128.4000,116.7000,118.4200,818830900
2103,2025-01-28,NVDA,121.8100,129.0000,116.2500,128.9900,579666400
2104,2025-01-29,NVDA,126.5000,126.8900,120.0500,123.7000,467120600
2105,2025-01-30,NVDA,123.1000,125.0000,118.1000,124.6500,392925500
2106,2025-01-31,NVDA,123.7800,127.8500,119.1900,120.0700,388161100
2107,2025-02-03,NVDA,114.7500,118.5700,113.0100,116.6600,371235700
2108,2025-02-04,NVDA,116.9600,121.2000,116.7000,118.6500,256550000
2109,2025-02-05,NVDA,121.7600,125.0000,120.7600,124.8300,262230800
2110,2025-02-06,NVDA,127.4200,128.7700,125.2100,128.6800,251483600
2111,2025-02-07,NVDA,129.2200,130.3700,125.0000,129.8400,228186300
2112,2025-02-10,NVDA,130.0900,135.0000,129.9600,133.5700,216989100
2113,2025-02-11,NVDA,132.5800,134.4800,131.0200,132.8000,178902400
2114,2025-02-12,NVDA,130.0200,132.2400,129.0800,131.1400,160278600
2115,2025-02-13,NVDA,131.5600,136.5000,131.1700,135.2900,197430000
2116,2025-02-14,NVDA,136.4800,139.2500,135.5000,138.8500,195479600
2117,2025-02-18,NVDA,141.2700,143.4400,137.9300,139.4000,219176600
2118,2025-02-19,NVDA,139.5100,141.3600,137.2200,139.2300,167536000
2119,2025-02-20,NVDA,140.0300,140.6600,136.7900,140.1100,143903600
2120,2025-02-21,NVDA,140.0400,141.4600,134.0300,134.4300,228217600
2121,2025-02-24,NVDA,136.5600,138.5900,130.0800,130.2800,251381100
2122,2025-02-25,NVDA,129.9800,130.2000,124.4400,126.6300,271428700
2123,2025-02-26,NVDA,129.9900,133.7300,128.4900,131.2800,322553800
2124,2025-02-27,NVDA,135.0000,135.0100,120.0100,120.1500,443175800
2125,2025-02-28,NVDA,118.0200,125.0900,116.4000,124.9200,389091100
2126,2025-03-03,NVDA,123.5100,123.7000,112.2800,114.0600,411381400
2127,2025-03-04,NVDA,110.6500,119.3100,110.1100,115.9900,398163300
2128,2025-03-05,NVDA,117.5800,118.2800,114.5100,117.3000,284337900
2129,2025-03-06,NVDA,113.5300,115.3500,110.2200,110.5700,321181900
2130,2025-03-07,NVDA,111.2500,113.4800,107.5600,112.6900,341755500
2131,2025-03-10,NVDA,109.9000,111.8500,105.4600,106.9800,366487400
2132,2025-03-11,NVDA,106.9900,112.2400,104.7700,108.7600,354865700
2133,2025-03-12,NVDA,114.1200,116.7600,112.8800,115.7400,323857500
2134,2025-03-13,NVDA,117.0300,117.7600,113.7900,115.5800,299033100
2135,2025-03-14,NVDA,118.6100,121.8800,118.1500,121.6700,277593500
2136,2025-03-17,NVDA,122.7400,122.8900,118.0300,119.5300,255501500
2137,2025-03-18,NVDA,118.0000,119.0200,114.5400,115.4300,299686900
2138,2025-03-19,NVDA,117.2700,120.4500,115.6800,117.5200,273426200
2139,2025-03-20,NVDA,116.5500,120.2000,116.4700,118.5300,248829700
2140,2025-03-21,NVDA,116.9400,117.9900,115.4200,117.7000,266498500
2141,2025-03-24,NVDA,119.8800,122.2200,119.3400,121.4100,228452500
2142,2025-03-25,NVDA,120.5500,121.2900,118.9200,120.6900,167447200
2143,2025-03-26,NVDA,118.7300,118.8400,112.7100,113.7600,293463300
2144,2025-03-27,NVDA,111.3500,114.4500,110.6600,111.4300,236902100
2145,2025-03-28,NVDA,111.4900,112.8700,109.0700,109.6700,229872500
2146,2025-03-31,NVDA,105.1300,110.9600,103.6500,108.3800,299212700
2147,2025-04-01,NVDA,108.5200,110.2000,106.4700,110.1500,222614000
2148,2025-04-02,NVDA,107.2900,111.9800,106.7900,110.4200,220601200
2149,2025-04-03,NVDA,103.5100,105.6300,101.6000,101.8000,338769400
2150,2025-04-04,NVDA,98.9100,100.1300,92.1100,94.3100,532273800
2151,2025-04-07,NVDA,87.4600,101.7500,86.6200,97.6400,611041300
2152,2025-04-08,NVDA,103.8100,105.8500,94.4600,96.3000,476243400
2153,2025-04-09,NVDA,98.8900,115.1000,97.5300,114.3300,612918300
2154,2025-04-10,NVDA,109.3700,110.8600,99.1500,107.5700,437812400
2155,2025-04-11,NVDA,108.5000,111.5500,107.4800,110.9300,313417300
2156,2025-04-14,NVDA,114.1100,114.2900,109.0700,110.7100,264705000
2157,2025-04-15,NVDA,110.9700,113.6200,110.5000,112.2000,228966900
2158,2025-04-16,NVDA,104.5500,106.7900,100.4500,104.4900,397016900
2159,2025-04-17,NVDA,104.4500,104.4700,100.0500,101.4900,292517500
2160,2025-04-21,NVDA,98.7700,99.4400,95.0400,96.9100,288501100
2161,2025-04-22,NVDA,98.7800,99.8100,97.2800,98.8900,241004800
2162,2025-04-23,NVDA,104.5200,104.8000,102.0200,102.7100,247526000
2163,2025-04-24,NVDA,103.4800,106.5400,103.1100,106.4300,220815000
2164,2025-04-25,NVDA,106.8500,111.9200,105.7300,111.0100,251064700
2165,2025-04-28,NVDA,109.6900,110.3700,106.0200,108.7300,207708500
2166,2025-04-29,NVDA,107.6700,110.2000,107.4400,109.0200,170444300
2167,2025-04-30,NVDA,104.4700,108.9200,104.0800,108.9200,235044600
2168,2025-05-01,NVDA,113.0800,114.9400,111.3000,111.6100,236121500
2169,2025-05-02,NVDA,114.1800,115.4000,113.3700,114.5000,190194800
2170,2025-05-05,NVDA,112.9100,114.6700,112.6600,113.8200,133163200
2171,2025-05-06,NVDA,111.4800,114.7400,110.8200,113.5400,158525600
2172,2025-05-07,NVDA,113.0500,117.6800,112.2800,117.0600,206758800
2173,2025-05-08,NVDA,118.2500,118.6800,115.8500,117.3700,198428100
2174,2025-05-09,NVDA,117.3500,118.2300,115.2100,116.6500,132972200
2175,2025-05-12,NVDA,121.9700,123.0000,120.2800,123.0000,225023300
2176,2025-05-13,NVDA,124.9800,131.2200,124.4700,129.9300,330430100
2177,2025-05-14,NVDA,133.2000,135.4400,131.6800,135.3400,281180800
2178,2025-05-15,NVDA,134.2900,136.3000,132.6600,134.8300,226632600
2179,2025-05-16,NVDA,136.2200,136.3500,133.4600,135.4000,226542500
2180,2025-05-19,NVDA,132.3900,135.8700,132.3900,135.5700,193154600
2181,2025-05-20,NVDA,134.2900,134.5800,132.6200,134.3800,161514200
2182,2025-05-21,NVDA,133.0600,137.4000,130.5900,131.8000,270608700
2183,2025-05-22,NVDA,132.2300,134.2500,131.5500,132.8300,187344000
2184,2025-05-23,NVDA,130.0000,132.6800,129.1600,131.2900,198821300
2185,2025-05-27,NVDA,134.1500,135.6600,133.3100,135.5000,192953600
2186,2025-05-28,NVDA,136.0300,137.2500,134.7900,134.8100,304021100
2187,2025-05-29,NVDA,142.2500,143.4900,137.9100,139.1900,369241900
2188,2025-05-30,NVDA,138.7200,139.6200,132.9200,135.1300,333170900
2189,2025-06-02,NVDA,135.4900,138.1200,135.4000,137.3800,197663100
2190,2025-06-03,NVDA,138.7800,142.0000,137.9500,141.2200,225578800
2191,2025-06-04,NVDA,142.1900,142.3900,139.5400,141.9200,167120800
2192,2025-06-05,NVDA,142.1700,144.0000,138.8300,139.9900,231397900
2193,2025-06-06,NVDA,142.5100,143.2700,141.5100,141.7200,153986200
2194,2025-06-09,NVDA,143.1900,145.0000,141.9400,142.6300,185114500
2195,2025-06-10,NVDA,142.6900,144.2900,141.5300,143.9600,155881900
2196,2025-06-11,NVDA,144.6100,144.9900,141.8700,142.8300,167694000
2197,2025-06-12,NVDA,141.9700,145.0000,141.8500,145.0000,162365000
2198,2025-06-13,NVDA,142.4800,143.5800,140.8500,141.9700,180820600
2199,2025-06-16,NVDA,143.3500,146.1800,143.2000,144.6900,183133700
2200,2025-06-17,NVDA,144.4900,145.2200,143.7800,144.1200,139108000
2201,2025-06-18,NVDA,144.0100,145.6500,143.1200,145.4800,161494100
2202,2025-06-20,NVDA,145.4500,146.2000,142.6500,143.8500,242956200
2203,2025-06-23,NVDA,142.5000,144.7800,142.0300,144.1700,154308900
2204,2025-06-24,NVDA,145.5600,147.9600,145.5000,147.9000,187566100
2205,2025-06-25,NVDA,149.2700,154.4500,149.2600,154.3100,269146500
2206,2025-06-26,NVDA,155.9800,156.7200,154.0000,155.0200,198145700
2207,2025-06-27,NVDA,156.0400,158.7100,155.2600,157.7500,263234500
2208,2025-06-30,NVDA,158.4000,158.6600,155.9600,157.9900,194580300
2209,2025-07-01,NVDA,156.2900,157.2000,151.4900,153.3000,213143600
2210,2025-07-02,NVDA,152.9800,157.6000,152.9700,157.2500,171224100
2211,2025-07-03,NVDA,158.3700,160.9800,157.7700,159.3400,143716100
2212,2025-07-07,NVDA,158.2000,159.3100,157.3400,158.2400,140139000
2213,2025-07-08,NVDA,159.3300,160.2200,158.3900,160.0000,138133000
2214,2025-07-09,NVDA,161.2200,164.4200,161.1600,162.8800,183656400
2215,2025-07-10,NVDA,164.3200,164.5000,161.6100,164.1000,167704100
2216,2025-07-11,NVDA,163.7200,167.8900,163.4700,164.9200,193633300
2217,2025-07-14,NVDA,165.3700,165.4900,162.0200,164.0700,136975800
2218,2025-07-15,NVDA,171.1900,172.4000,169.2000,170.7000,230627400
2219,2025-07-16,NVDA,171.0600,171.7500,168.9000,171.3700,158831500
2220,2025-07-17,NVDA,172.0200,174.1600,170.8300,173.0000,160841100
2221,2025-07-18,NVDA,173.6400,174.2500,171.2600,172.4100,146456400
2222,2025-07-21,NVDA,172.7500,173.3800,171.0000,171.3800,123126100
2223,2025-07-22,NVDA,171.3400,171.3900,164.5800,167.0300,193114300
2224,2025-07-23,NVDA,169.5300,171.2600,167.9700,170.7800,154082200
2225,2025-07-24,NVDA,172.4400,173.8300,171.3000,173.7400,128984600
2226,2025-07-25,NVDA,173.6100,174.7200,172.9600,173.5000,122316800
2227,2025-07-28,NVDA,174.0200,177.0000,173.9700,176.7500,140023500
2228,2025-07-29,NVDA,177.9600,179.3800,175.0200,175.5100,154077500
2229,2025-07-30,NVDA,176.5100,179.8900,176.0400,179.2700,174312200
2230,2025-07-31,NVDA,182.9000,183.3000,175.9300,177.8700,221685400
2231,2025-08-01,NVDA,174.0900,176.5400,170.8900,173.7200,204529000
2232,2025-08-04,NVDA,175.1600,180.2000,174.5200,180.0000,148174600
2233,2025-08-05,NVDA,179.6200,180.2600,175.9000,178.2600,156407600
2234,2025-08-06,NVDA,176.3300,179.9000,176.2500,179.4200,137192300
2235,2025-08-07,NVDA,181.5700,183.8800,178.8000,180.7700,151878400
2236,2025-08-08,NVDA,181.5500,183.3000,180.4000,182.7000,123396700
2237,2025-08-11,NVDA,182.0500,183.8400,180.2500,182.0600,138323200
2238,2025-08-12,NVDA,182.9600,184.4800,179.4600,183.1600,145485700
2239,2025-08-13,NVDA,182.6200,183.9700,179.3500,181.5900,179871700
2240,2025-08-14,NVDA,179.7500,183.0200,179.4600,182.0200,129554000
2241,2025-08-15,NVDA,181.8800,181.9000,178.0400,180.4500,156602200
2242,2025-08-18,NVDA,180.6000,182.9400,180.5900,182.0100,132008000
2243,2025-08-19,NVDA,182.4300,182.5000,175.4900,175.6400,185229200
2244,2025-08-20,NVDA,175.1700,176.0000,168.8000,175.4000,215142700
2245,2025-08-21,NVDA,174.8500,176.9000,173.8100,174.9800,140040900
2246,2025-08-22,NVDA,172.6100,178.5900,171.2000,177.9900,172789400
2247,2025-08-25,NVDA,178.3500,181.9100,176.5700,179.8100,163012800
2248,2025-08-26,NVDA,180.0600,182.3900,178.8100,181.7700,168688200
2249,2025-08-27,NVDA,181.9800,182.4900,179.1000,181.6000,235518900
2250,2025-08-28,NVDA,180.8200,184.4700,176.4100,180.1700,281787800
2251,2025-08-29,NVDA,178.1100,178.1500,173.1500,174.1800,243257900
2252,2025-09-02,NVDA,170.0000,172.3800,167.2200,170.7800,231164900
2253,2025-09-03,NVDA,171.0600,172.4100,168.8800,170.6200,164424900
2254,2025-09-04,NVDA,170.5700,171.8600,169.4100,171.6600,141670100
2255,2025-09-05,NVDA,168.0300,169.0300,164.0700,167.0200,224441400
2256,2025-09-08,NVDA,167.5500,170.9600,167.3500,168.3100,163769100
2257,2025-09-09,NVDA,169.0900,170.9800,166.7400,170.7600,157548400
2258,2025-09-10,NVDA,176.6400,179.2900,175.4700,177.3300,226852000
2259,2025-09-11,NVDA,179.6800,180.2800,176.4800,177.1700,151159300
2260,2025-09-12,NVDA,177.7700,178.6000,176.4500,177.8200,124911000
2261,2025-09-15,NVDA,175.6700,178.8500,174.5100,177.7500,147061600
2262,2025-09-16,NVDA,177.0000,177.5000,174.3800,174.8800,140737800
2263,2025-09-17,NVDA,172.6400,173.2000,168.4100,170.2900,211843800
2264,2025-09-18,NVDA,173.9800,177.1000,172.9600,176.2400,191763300
2265,2025-09-19,NVDA,175.7700,178.0800,175.1800,176.6700,237182100
2266,2025-09-22,NVDA,175.3000,184.5500,174.7100,183.6100,269637000
2267,2025-09-23,NVDA,181.9700,182.4200,176.2100,178.4300,192559600
2268,2025-09-24,NVDA,179.7700,179.7800,175.4000,176.9700,143564100
2269,2025-09-25,NVDA,174.4800,180.2600,173.1300,177.6900,191586700
2270,2025-09-26,NVDA,178.1700,179.7700,174.9300,178.1900,148573700
2271,2025-09-29,NVDA,180.4300,184.0000,180.3200,181.8500,193063500
2272,2025-09-30,NVDA,182.0800,187.3500,181.4800,186.5800,236981000
2273,2025-10-01,NVDA,185.2400,188.1400,183.9000,187.2400,173844900
2274,2025-10-02,NVDA,189.6000,191.0500,188.0600,188.8900,136805800
2275,2025-10-03,NVDA,189.1900,190.3600,185.3800,187.6200,137596900
2276,2025-10-06,NVDA,185.5000,187.2300,183.3300,185.5400,157678100
2277,2025-10-07,NVDA,186.2300,189.0600,184.0000,185.0400,140088000
2278,2025-10-08,NVDA,186.5700,189.6000,186.5400,189.1100,130168900
2279,2025-10-09,NVDA,192.2300,195.3000,191.0600,192.5700,182997200
2280,2025-10-10,NVDA,193.5100,195.6200,182.0500,183.1600,268774400
2281,2025-10-13,NVDA,187.9700,190.1100,185.9600,188.3200,153482800
2282,2025-10-14,NVDA,184.7700,184.8000,179.7000,180.0300,205641400
2283,2025-10-15,NVDA,184.8000,184.8700,177.2900,179.8300,214450500
2284,2025-10-16,NVDA,182.2300,183.2800,179.7700,181.8100,179723300
2285,2025-10-17,NVDA,180.1800,184.1000,179.7500,183.2200,173135200
2286,2025-10-20,NVDA,183.1300,185.2000,181.7300,182.6400,128544700
2287,2025-10-21,NVDA,182.7900,182.7900,179.8000,181.1600,124240200
2288,2025-10-22,NVDA,181.1400,183.4400,176.7600,180.2800,162249600
2289,2025-10-23,NVDA,180.4200,183.0300,179.7900,182.1600,111363700
2290,2025-10-24,NVDA,183.8400,187.4700,183.5000,186.2600,131296700
2291,2025-10-27,NVDA,189.9900,192.0000,188.4300,191.4900,153452700
2292,2025-10-28,NVDA,193.0500,203.1500,191.9100,201.0300,297986200
2293,2025-10-29,NVDA,207.9800,212.1900,204.7800,207.0400,308829600
2294,2025-10-30,NVDA,205.1500,206.1600,201.4100,202.8900,178864400
2295,2025-10-31,NVDA,206.4500,207.9700,202.0700,202.4900,179802200
2296,2025-11-03,NVDA,208.0800,211.3400,205.5600,206.8800,180267300
2297,2025-11-04,NVDA,203.0000,203.9700,197.9300,198.6900,188919300
2298,2025-11-05,NVDA,198.7700,202.9200,194.6500,195.2100,171350300
2299,2025-11-06,NVDA,196.4200,197.6200,186.3800,188.0800,223029800
2300,2025-11-07,NVDA,184.9000,188.3200,178.9100,188.1500,264942300
2301,2025-11-10,NVDA,195.1100,199.9400,193.7900,199.0500,198897100
2302,2025-11-11,NVDA,195.1600,195.4200,191.3000,193.1600,176483300
2303,2025-11-12,NVDA,195.7200,195.8900,191.1300,193.8000,154935300
2304,2025-11-13,NVDA,191.0500,191.4400,183.8500,186.8600,207423100
2305,2025-11-14,NVDA,182.8600,191.0100,180.5800,190.1700,186591900
2306,2025-11-17,NVDA,185.9700,189.0000,184.3200,186.6000,173628900
2307,2025-11-18,NVDA,183.3800,184.8000,179.6500,181.3600,213598900
2308,2025-11-19,NVDA,184.7900,187.8600,182.8300,186.5200,247246400
2309,2025-11-20,NVDA,195.9500,196.0000,179.8500,180.6400,343504800
2310,2025-11-21,NVDA,181.2400,184.5600,172.9300,178.8800,346926200
2311,2025-11-24,NVDA,179.4900,183.5000,176.4800,182.5500,256618300
2312,2025-11-25,NVDA,174.9100,178.1600,169.5500,177.8200,320600300
2313,2025-11-26,NVDA,181.6300,182.9100,178.2400,180.2600,183852000
2314,2025-11-28,NVDA,179.0100,179.2900,176.5000,177.0000,121332800
2315,2025-12-01,NVDA,174.7600,180.3000,173.6800,179.9200,188131000
2316,2025-12-02,NVDA,181.7600,185.6600,180.0000,181.4600,182632200
2317,2025-12-03,NVDA,181.0800,182.4500,179.1100,179.5900,165138000
2318,2025-12-04,NVDA,181.6200,184.5200,179.9600,183.3800,167364900
2319,2025-12-05,NVDA,183.8900,184.6600,180.9100,182.4100,143971100
2320,2025-12-08,NVDA,182.6400,188.0000,182.4000,185.5500,204378100
2321,2025-12-09,NVDA,185.5600,185.7200,183.3200,184.9700,144719700
2322,2025-12-10,NVDA,184.9700,185.4800,182.0400,183.7800,162785400
2323,2025-12-11,NVDA,180.2800,181.3200,176.6200,180.9300,182136600
2324,2025-12-12,NVDA,181.1100,182.8200,174.6200,175.0200,204274900
2325,2025-12-15,NVDA,177.9400,178.4200,175.0300,176.2900,164775600
2326,2025-12-16,NVDA,176.2600,178.4900,174.9000,177.7200,148588100
2327,2025-12-17,NVDA,176.1000,176.1300,170.3100,170.9400,222775500
2328,2025-12-18,NVDA,174.5300,176.1500,171.8200,174.1400,176096000
2329,2025-12-19,NVDA,176.6700,181.4500,176.3400,180.9900,324925900
2330,2025-12-22,NVDA,183.9200,184.1600,182.3500,183.6900,129064400
2331,2025-12-23,NVDA,182.9700,189.3300,182.9000,189.2100,174873600
2332,2025-12-24,NVDA,187.9400,188.9100,186.5900,188.6100,65528500
2333,2025-12-26,NVDA,189.9200,192.6900,188.0000,190.5300,139740300
2334,2025-12-29,NVDA,187.7100,188.7600,185.9100,188.2200,120006100
2335,2025-12-30,NVDA,188.2400,188.9900,186.9300,187.5400,97687300
2336,2025-12-31,NVDA,189.5700,190.5600,186.4900,186.5000,120100500
2337,2026-01-02,NVDA,189.8400,192.9300,188.2600,188.8500,148240500
2338,2026-01-05,NVDA,191.7600,193.6300,186.1500,188.1200,183529700
2339,2026-01-06,NVDA,190.5200,192.1700,186.8200,187.2400,176862600
2340,2026-01-07,NVDA,188.5700,191.3700,186.5600,189.1100,153543200
2341,2026-01-08,NVDA,189.1100,189.5500,183.7100,185.0400,172457000
2342,2026-01-09,NVDA,185.0800,186.3400,183.6700,184.8600,131327500
2343,2026-01-12,NVDA,183.2200,187.1200,183.0200,184.9400,137968500
2344,2026-01-13,NVDA,185.0000,188.1100,183.4000,185.8100,160128900
2345,2026-01-14,NVDA,184.3200,184.4600,180.8000,183.1400,159586100
2346,2026-01-15,NVDA,186.5000,189.7000,186.3300,187.0500,206188600
2347,2026-01-16,NVDA,189.0800,190.4400,186.0800,186.2300,187967200
2348,2026-01-20,NVDA,181.9000,182.3800,177.6100,178.0700,223345300
2349,2026-01-21,NVDA,179.0500,185.3800,178.4000,183.3200,200381000
2350,2026-01-22,NVDA,184.7500,186.1700,183.9300,184.8400,139636600
2351,2026-01-23,NVDA,187.5000,189.6000,186.8200,187.6700,142748100
2352,2026-01-26,NVDA,187.1600,189.1200,185.9900,186.4700,124799600
2353,2026-01-27,NVDA,187.2400,190.0000,185.7000,188.5200,143711600
2354,2026-01-28,NVDA,191.2700,192.3500,189.8400,191.5200,148552700
2355,2026-01-29,NVDA,191.3400,193.4800,186.0600,192.5100,171764400
2356,2026-01-30,NVDA,191.2100,194.4900,189.4700,191.1300,179489500
2357,2026-02-02,NVDA,187.2000,190.3000,184.8800,185.6100,165794100
2358,2026-02-03,NVDA,186.2400,186.2700,176.2300,180.3400,204019600
2359,2026-02-04,NVDA,179.4600,179.5800,171.9100,174.1900,207014100
2360,2026-02-05,NVDA,174.9300,176.8200,171.0300,171.8800,206312900
2361,2026-02-06,NVDA,176.6900,187.0000,174.6000,185.4100,231346200
2362,2026-02-09,NVDA,184.2600,193.6600,183.9500,190.0400,196387400
2363,2026-02-10,NVDA,191.3800,192.4800,188.1200,188.5400,136764800
2364,2026-02-11,NVDA,192.4500,193.2600,188.7700,190.0500,144192700
2365,2026-02-12,NVDA,193.0300,193.6100,186.5100,186.9400,189932500
2366,2026-02-13,NVDA,187.4800,187.5000,181.5900,182.8100,161888000
2367,2026-02-17,NVDA,181.7500,187.1500,179.1800,184.9700,162276900
2368,2026-02-18,NVDA,188.7500,190.3700,186.7600,187.9800,164749100
2369,2026-02-19,NVDA,187.0600,188.4300,185.6600,187.9000,126554500
2370,2026-02-20,NVDA,186.5700,190.3300,185.9400,189.8200,178422300
2371,2026-02-23,NVDA,191.4000,193.9500,189.5800,191.5500,171584800
2372,2026-02-24,NVDA,191.4900,193.7700,187.4000,192.8500,175123600
2373,2026-02-25,NVDA,194.4500,197.6300,193.7900,195.5600,250637100
2374,2026-02-26,NVDA,194.2700,194.2900,184.3200,184.8900,360807900
2375,2026-02-27,NVDA,181.2500,182.5900,176.3800,177.1900,311636500
2376,2026-03-02,NVDA,175.0100,183.4600,174.6400,182.4800,209095300
2377,2026-03-03,NVDA,178.4900,180.9000,176.9200,180.0500,178099400
2378,2026-03-04,NVDA,180.4400,184.7000,180.0600,183.0400,177731200
2379,2026-03-05,NVDA,181.1700,184.0600,177.8800,183.3400,198779700
2380,2026-03-06,NVDA,179.8400,182.7600,176.8200,177.8200,189021900
2381,2026-03-09,NVDA,176.8300,182.9100,175.5600,182.6500,177213600
2382,2026-03-10,NVDA,182.4000,186.4400,182.0100,184.7700,179118500
2383,2026-03-11,NVDA,185.9100,187.6200,184.4500,186.0300,145280400
2384,2026-03-12,NVDA,184.0500,184.9400,181.7500,183.1400,155762700
2385,2026-03-13,NVDA,184.9200,186.0900,179.9400,180.2500,160988400
2386,2026-03-16,NVDA,182.9700,188.8800,181.4100,183.2200,217307400
2387,2026-03-17,NVDA,185.0600,185.4000,181.6800,181.9300,182497800
2388,2026-03-18,NVDA,182.4800,183.3800,180.3300,180.4000,156683100
2389,2026-03-19,NVDA,178.0100,179.9800,175.7900,178.5600,170968500
2390,2026-03-20,NVDA,178.0000,178.2600,171.7200,172.7000,241323500
2391,2026-03-23,NVDA,177.2600,178.3700,174.7600,175.6400,182836300
2392,2026-03-24,NVDA,174.8300,176.2200,173.9800,175.2000,147667800
2393,2026-03-25,NVDA,177.1000,181.2200,176.8500,178.6800,162602100
2394,2026-03-26,NVDA,176.0700,176.5100,171.1400,171.2400,186152200
2395,2026-03-27,NVDA,170.0000,170.9700,167.0100,167.5200,196212700
2396,2026-03-30,NVDA,168.7800,169.4500,164.2700,165.1700,185627000
2397,2026-03-31,NVDA,166.9700,174.6200,166.9600,174.4000,226181300
2398,2026-04-01,NVDA,176.0000,177.3700,174.7500,175.7500,168132000
2399,2026-04-02,NVDA,172.1800,177.4900,171.3700,177.3900,143143200
2400,2026-04-06,NVDA,177.1600,177.7900,175.7600,177.6400,107564300
2401,2026-04-07,NVDA,175.7300,178.2300,173.6600,178.1000,132534900
2402,2026-04-08,NVDA,184.5000,185.2600,180.3000,182.0800,147732700
2403,2026-04-09,NVDA,181.8400,184.0800,180.6200,183.9100,116428500
2404,2026-04-10,NVDA,184.3100,190.0000,184.3000,188.6300,160459500
2405,2026-04-13,NVDA,186.0300,189.6600,185.7400,189.3100,133648200
2406,2026-04-14,NVDA,190.8400,196.5100,190.7700,196.5100,161307000
2407,2026-04-15,NVDA,196.5400,200.4000,195.7400,198.8700,185338400
2408,2026-04-16,NVDA,197.4300,199.8500,195.8100,198.3500,134012900
2409,2026-04-17,NVDA,199.9000,201.7000,199.2700,201.6800,160324400
2410,2026-04-20,NVDA,199.9800,202.1700,197.8400,202.0600,119381400
2411,2026-04-21,NVDA,202.1300,202.7500,199.0000,199.8800,107945300
2412,2026-04-22,NVDA,200.9900,202.5000,199.0000,202.5000,107501000
2413,2026-04-23,NVDA,202.4600,203.8300,197.2200,199.6400,113561800
2414,2026-04-24,NVDA,199.9600,210.9500,199.8100,208.2700,214134400
2415,2026-04-27,NVDA,209.6500,216.8300,207.3800,216.6100,187172400
2416,2026-04-28,NVDA,209.4900,214.7300,208.2000,213.1700,180275400
2417,2026-04-29,NVDA,212.7000,212.7200,207.5800,209.2500,123711800
2418,2026-04-30,NVDA,209.9300,210.3000,198.7000,199.5700,225239200
2419,2026-05-01,NVDA,201.2800,203.0000,197.1200,198.4500,128647000
2420,2026-05-04,NVDA,199.5000,201.7300,194.7400,198.4800,125368100
2421,2026-05-05,NVDA,199.3000,200.2400,196.0300,196.5000,113406600
2422,2026-05-06,NVDA,199.8900,208.2700,198.6100,207.8300,188362800
2423,2026-05-07,NVDA,208.3400,214.2000,206.5000,211.5000,168307900
2424,2026-05-08,NVDA,213.0300,217.8000,212.8900,215.2000,136421400
2425,2026-05-11,NVDA,214.0400,222.3000,213.8900,219.4400,160685800
2426,2026-05-12,NVDA,218.5500,223.7500,214.9200,220.7800,159176600
2427,2026-05-13,NVDA,224.9300,227.8400,221.5700,225.8300,150405400
2428,2026-05-14,NVDA,229.8500,236.5400,229.3000,235.7400,180782900
2429,2026-05-15,NVDA,229.7600,231.5000,224.2400,225.3200,180977600
2430,2026-05-18,NVDA,229.8700,230.0000,218.3700,222.3200,146280900
2431,2026-05-19,NVDA,219.6200,224.4800,217.9100,220.6100,140948200
2432,2026-05-20,NVDA,223.1800,226.1300,220.5000,223.4700,184201600
2433,2026-05-21,NVDA,222.2900,227.4000,217.9300,219.5100,203381800
2434,2026-05-22,NVDA,220.9000,221.0100,214.8000,215.3300,169275700
2435,2026-05-26,NVDA,216.5400,218.1800,212.0000,214.8600,187202600
2436,2026-05-27,NVDA,214.1200,214.1500,208.7800,212.6000,167601200
2437,2026-05-28,NVDA,211.2800,215.5200,211.2200,214.2500,143996000
2438,2026-05-29,NVDA,214.5800,217.8600,211.1300,211.1400,289410600
2439,2026-06-01,NVDA,215.7300,224.8700,215.7000,224.3600,212850700
2440,2026-06-02,NVDA,227.1800,232.2800,221.3500,222.8200,193362900
2441,2026-06-03,NVDA,221.7200,222.8200,214.5100,214.7500,160907000
2442,2026-06-04,NVDA,213.9100,221.6000,210.9700,218.6600,169022200
2443,2026-06-05,NVDA,214.5300,214.8700,204.3300,205.1000,219655500
2444,2026-06-08,NVDA,210.1800,210.4700,206.0000,208.6400,138372800
2445,2026-06-09,NVDA,210.6200,211.4000,199.3400,208.1900,180962500
2446,2026-06-10,NVDA,204.4300,207.2200,199.9200,200.4200,161746600
2447,2026-06-11,NVDA,201.4900,205.6600,199.5400,204.8700,158643200
2448,2026-06-12,NVDA,204.8600,207.0700,203.4400,205.1900,112001800
2449,2026-06-15,NVDA,208.9200,212.7100,208.3400,212.4500,149936700
2450,2026-06-16,NVDA,211.1800,211.4900,207.2900,207.4100,125694100
2451,2026-06-17,NVDA,208.5300,209.2100,203.0800,204.6500,128363500
2452,2026-06-18,NVDA,207.3300,211.3900,206.5000,210.6900,241272000
2453,2026-06-22,NVDA,211.4400,213.9900,207.7200,208.6500,122041400
2454,2026-06-23,NVDA,202.1700,203.7700,200.0000,200.0400,153496200
2455,2026-06-24,NVDA,200.1200,201.6700,196.5800,199.0000,151810700
2456,2026-06-25,NVDA,200.0800,200.8000,192.1300,195.7400,149550000
2457,2026-06-26,NVDA,193.1200,195.5500,191.2200,192.5300,179304100
2458,2026-06-29,NVDA,193.8500,196.1800,189.8000,194.9700,148835700
2459,2026-06-30,NVDA,197.2400,200.6300,195.1100,200.0900,166476700
2460,2026-07-01,NVDA,196.2000,199.8500,193.4500,197.5800,146147600
2461,2026-07-02,NVDA,197.1400,200.0600,192.3500,194.8300,142068700
2462,2026-07-06,NVDA,194.4200,197.5500,193.9900,195.5500,108999000
2463,2026-07-07,NVDA,192.3700,198.4100,191.1400,196.9300,124154600
2464,2026-07-08,NVDA,195.1800,205.1600,195.0600,204.1200,147419100
2465,2026-07-09,NVDA,204.4600,204.5900,198.9600,202.7800,132037400
2466,2026-07-10,NVDA,202.0000,211.0000,201.9200,210.9600,148421000
2467,2026-07-13,NVDA,208.5400,210.5700,203.0000,203.5300,121411000
2468,2026-07-14,NVDA,208.2000,212.5500,203.8000,211.8000,124379600
2469,2026-07-15,NVDA,211.9600,213.8100,206.0400,212.5000,124797200
2470,2026-07-16,NVDA,210.1700,211.0800,205.8500,207.4000,122986100
2471,2026-07-17,NVDA,202.6400,206.6500,197.9700,202.8100,144281900
2472,2026-07-20,NVDA,205.8700,207.7400,202.2800,203.2800,88701500
2473,2026-07-21,NVDA,207.5400,208.6500,204.0100,207.2900,108685600
2474,2026-07-22,NVDA,205.8100,214.3900,204.9500,212.0600,137645600
2475,2026-07-23,NVDA,209.4600,210.8700,205.9600,208.7600,110505300
2476,2026-07-24,NVDA,207.4500,211.9100,204.8100,206.8400,114836800
2477,2026-07-27,NVDA,208.2000,208.7500,195.4400,196.5100,154353700
2478,2026-07-28,NVDA,195.0000,198.7000,192.7400,197.0100,134111500
2479,2026-07-29,NVDA,195.8500,197.0700,190.0100,190.0100,147680800
2480,2026-07-30,NVDA,193.4500,197.2500,191.5200,195.0400,129010200
2481,2026-07-31,NVDA,198.4400,202.0000,194.9500,200.7500,139961200
2482,2026-08-03,NVDA,197.6900,208.7400,196.8500,206.6400,128406900
2483,2026-08-04,NVDA,211.3000,213.0600,209.0500,211.9400,134922000
2484,2026-08-05,NVDA,216.8600,222.2200,216.4000,219.2200,158187400
2485,2026-08-06,NVDA,221.5300,223.6300,217.0000,218.9900,113940600
2486,2026-08-07,NVDA,221.5400,224.7600,220.6600,223.9600,105669400
2487,2026-08-10,NVDA,223.4000,224.1400,216.7700,217.5500,115846600
2488,2026-08-11,NVDA,222.1700,222.2000,216.2000,217.5000,101273100
2489,2026-08-12,NVDA,221.0400,225.1000,220.2000,224.0900,108783600
2490,2026-08-13,NVDA,225.0600,227.2300,223.7100,225.3000,98867200
2491,2026-08-14,NVDA,226.7700,227.4900,224.5000,225.1600,75680900
2492,2026-08-17,NVDA,225.9800,227.9200,224.8600,225.0100,93678700
2493,2026-08-18,NVDA,220.4500,221.6400,218.6900,219.7400,103128200
2494,2026-08-19,NVDA,221.6700,222.8700,216.7600,217.5600,96797300
2495,2026-08-20,NVDA,218.3600,219.8600,215.6600,216.8500,92457000
2496,2026-08-21,NVDA,218.4200,218.7400,214.5000,214.7200,98869300
2497,2026-08-24,NVDA,215.5300,215.5900,207.2500,208.4800,135187300
2498,2026-08-25,NVDA,211.0300,214.7300,210.1100,213.0500,122309000
2499,2026-08-26,NVDA,212.6400,213.6000,209.2300,209.6600,179900000
2500,2026-08-27,NVDA,222.8600,230.4700,220.9000,227.9800,298909800
2501,2026-08-28,NVDA,227.3600,229.2600,216.8100,217.5500,195116400
2502,2026-08-31,NVDA,218.8700,221.3000,216.2100,220.7800,124702700
2503,2026-09-01,NVDA,216.7500,220.4100,215.1000,217.4400,109756200
2504,2026-09-02,NVDA,218.7900,227.9500,218.4800,224.4100,157104700
2505,2026-09-03,NVDA,226.0200,230.4000,224.7500,228.4500,134681600
2506,2026-09-04,NVDA,231.0900,234.7600,229.6300,230.3600,135352400
2507,2026-09-08,NVDA,233.1100,233.7100,224.8500,225.7300,122965600
2508,2026-09-09,NVDA,225.2800,226.1800,223.4600,223.6700,82955500
2509,2026-09-10,NVDA,220.5300,220.9900,217.2000,218.3600,105768000
2510,2026-09-11,NVDA,221.2400,222.0000,218.1500,218.2900,88804100
2511,2021-09-13,AMZN,174.1400,174.8980,171.9000,172.8585,51380000
2512,2021-09-14,AMZN,173.7775,174.3405,171.8855,172.5000,38738000
2513,2021-09-15,AMZN,172.1260,174.2710,170.1005,173.7895,59150000
2514,2021-09-16,AMZN,172.9980,174.6275,172.3070,174.4120,51672000
2515,2021-09-17,AMZN,174.4205,174.8705,172.6065,173.1260,92332000
2516,2021-09-20,AMZN,169.8000,170.9500,165.2505,167.7865,93382000
2517,2021-09-21,AMZN,168.7500,168.9850,166.6195,167.1815,55618000
2518,2021-09-22,AMZN,167.5500,169.4500,167.0525,169.0025,48228000
2519,2021-09-23,AMZN,169.0025,171.4480,169.0025,170.8000,47588000
2520,2021-09-24,AMZN,170.1005,171.4630,169.6700,171.2760,42324000
2521,2021-09-27,AMZN,168.5750,170.7785,166.9805,170.2900,72690000
2522,2021-09-28,AMZN,167.8855,168.4595,164.5050,165.7980,88616000
2523,2021-09-29,AMZN,166.1055,167.5650,164.8935,165.0560,51246000
2524,2021-09-30,AMZN,165.8000,166.3925,163.6995,164.2520,56848000
2525,2021-10-01,AMZN,164.4505,165.4585,162.7970,164.1630,56712000
2526,2021-10-04,AMZN,163.9695,163.9995,158.8125,159.4890,90462000
2527,2021-10-05,AMZN,160.2250,163.0365,160.1230,161.0500,65384000
2528,2021-10-06,AMZN,160.6765,163.2170,159.9310,163.1005,50660000
2529,2021-10-07,AMZN,164.5770,166.2875,164.1530,165.1215,48182000
2530,2021-10-08,AMZN,165.8500,166.0715,164.4100,164.4310,39964000
2531,2021-10-11,AMZN,163.7500,164.6295,161.9050,162.3150,40684000
2532,2021-10-12,AMZN,162.8500,163.3765,161.8140,162.3665,36392000
2533,2021-10-13,AMZN,163.4855,164.4190,163.0545,164.2140,48402000
2534,2021-10-14,AMZN,165.1225,165.6300,164.5390,164.9930,42190000
2535,2021-10-15,AMZN,165.5710,170.5210,165.2000,170.4510,103598000
2536,2021-10-18,AMZN,169.4180,172.4585,169.2550,172.3370,63482000
2537,2021-10-19,AMZN,171.7145,172.7345,171.1000,172.2075,47722000
2538,2021-10-20,AMZN,172.6330,173.1430,170.0185,170.7530,42796000
2539,2021-10-21,AMZN,170.7125,172.0140,170.1500,171.7505,37628000
2540,2021-10-22,AMZN,171.0500,171.4920,166.5650,166.7775,62782000
2541,2021-10-25,AMZN,166.7500,167.3900,164.8850,166.0185,44520000
2542,2021-10-26,AMZN,167.4755,170.8060,167.1990,168.8035,53966000
2543,2021-10-27,AMZN,169.4000,171.8500,168.5725,169.6245,54044000
2544,2021-10-28,AMZN,170.1050,173.9500,169.3000,172.3285,114174000
2545,2021-10-29,AMZN,165.0010,168.7410,163.6660,168.6215,129722000
2546,2021-11-01,AMZN,168.0900,168.7930,164.6010,165.9055,72178000
2547,2021-11-02,AMZN,165.7505,166.5560,164.1775,165.6375,52552000
2548,2021-11-03,AMZN,165.4500,169.7460,164.8760,169.2000,67944000
2549,2021-11-04,AMZN,168.5000,174.9315,168.2500,173.8500,107060000
2550,2021-11-05,AMZN,173.8500,178.3125,173.8490,175.9495,99940000
2551,2021-11-08,AMZN,176.1620,178.9500,174.3930,174.4490,61480000
2552,2021-11-09,AMZN,175.7625,179.6885,175.0715,178.8115,85898000
2553,2021-11-10,AMZN,178.1935,180.2725,173.1545,174.1025,80548000
2554,2021-11-11,AMZN,175.6500,177.1620,173.3735,173.6250,45288000
2555,2021-11-12,AMZN,174.2500,177.0365,172.3525,176.2575,53788000
2556,2021-11-15,AMZN,176.8500,179.6940,176.2905,177.2840,58594000
2557,2021-11-16,AMZN,176.9500,178.8250,176.2575,177.0350,44342000
2558,2021-11-17,AMZN,178.2360,179.3625,177.2675,177.4500,51206000
2559,2021-11-18,AMZN,178.3175,185.2100,178.0500,184.8030,114070000
2560,2021-11-19,AMZN,185.6345,188.1075,183.7860,183.8285,98734000
2561,2021-11-22,AMZN,183.8190,185.6730,178.3750,178.6285,96844000
2562,2021-11-23,AMZN,179.2520,181.0525,176.3855,179.0020,73804000
2563,2021-11-24,AMZN,178.1335,180.6820,176.8425,179.0205,46560000
2564,2021-11-26,AMZN,180.1050,181.6750,175.2075,175.2280,59826000
2565,2021-11-29,AMZN,177.3820,179.8000,176.5750,178.0785,65312000
2566,2021-11-30,AMZN,178.1750,179.2885,174.6005,175.3535,80022000
2567,2021-12-01,AMZN,177.2500,177.9940,172.0800,172.1860,74916000
2568,2021-12-02,AMZN,173.0000,174.6350,171.1875,171.8680,64726000
2569,2021-12-03,AMZN,172.7500,173.4935,166.9300,169.4895,80712000
2570,2021-12-06,AMZN,169.6500,173.6955,166.9345,171.3685,68860000
2571,2021-12-07,AMZN,174.6000,177.4995,173.3345,176.1645,66410000
2572,2021-12-08,AMZN,176.1505,177.1800,174.7505,176.1580,45254000
2573,2021-12-09,AMZN,175.7500,176.9695,174.1395,174.1710,46062000
2574,2021-12-10,AMZN,175.4170,175.9270,170.5000,172.2120,60690000
2575,2021-12-13,AMZN,172.0000,172.1000,169.1300,169.5675,62170000
2576,2021-12-14,AMZN,167.5500,169.4990,166.4400,169.0915,55976000
2577,2021-12-15,AMZN,168.5980,173.6000,165.1950,173.3150,75794000
2578,2021-12-16,AMZN,173.3685,174.1660,168.1605,168.8710,60876000
2579,2021-12-17,AMZN,167.7105,170.8985,165.6135,170.0175,85542000
2580,2021-12-20,AMZN,166.8500,167.8745,165.6000,167.0790,57372000
2581,2021-12-21,AMZN,167.8505,170.7165,165.6475,170.4170,55956000
2582,2021-12-22,AMZN,169.2700,172.0500,168.5005,171.0370,55036000
2583,2021-12-23,AMZN,170.4280,171.9750,170.1500,171.0685,36788000
2584,2021-12-27,AMZN,171.0370,172.9430,169.2155,169.6695,58688000
2585,2021-12-28,AMZN,170.1825,172.1760,169.1355,170.6610,54638000
2586,2021-12-29,AMZN,170.8400,171.2120,168.6005,169.2010,35754000
2587,2021-12-30,AMZN,169.7000,170.8880,168.5240,168.6445,37584000
2588,2021-12-31,AMZN,168.9560,169.3500,166.5585,166.7170,47830000
2589,2022-01-03,AMZN,167.5500,170.7035,166.1605,170.4045,63520000
2590,2022-01-04,AMZN,170.4380,171.4000,166.3495,167.5220,70726000
2591,2022-01-05,AMZN,166.8830,167.1265,164.3570,164.3570,64302000
2592,2022-01-06,AMZN,163.4505,164.8000,161.9370,163.2540,51958000
2593,2022-01-07,AMZN,163.8390,165.2435,162.0310,162.5540,46606000
2594,2022-01-10,AMZN,160.5855,161.6615,156.3045,161.4860,87798000
2595,2022-01-11,AMZN,161.5000,166.3500,160.7015,165.3620,62806000
2596,2022-01-12,AMZN,166.5750,166.8780,164.4170,165.2070,50030000
2597,2022-01-13,AMZN,165.2505,166.2215,161.0910,161.2140,52188000
2598,2022-01-14,AMZN,160.1500,162.2500,159.8005,162.1380,45974000
2599,2022-01-18,AMZN,159.1050,159.7345,157.6645,158.9175,67292000
2600,2022-01-19,AMZN,158.7620,159.2500,156.2500,156.2990,53242000
2601,2022-01-20,AMZN,156.7660,158.0000,151.3510,151.6675,71974000
2602,2022-01-21,AMZN,149.9500,150.9000,142.0705,142.6430,163972000
2603,2022-01-24,AMZN,139.0000,144.9450,135.3520,144.5440,155624000
2604,2022-01-25,AMZN,142.2425,143.6000,138.1450,139.9860,90824000
2605,2022-01-26,AMZN,144.7500,145.1850,137.3185,138.8725,95602000
2606,2022-01-27,AMZN,140.8000,144.2435,139.3500,139.6375,77516000
2607,2022-01-28,AMZN,140.8605,143.9980,137.9295,143.9780,74392000
2608,2022-01-31,AMZN,144.7500,150.3605,144.3005,149.5735,78308000
2609,2022-02-01,AMZN,150.0000,151.7080,147.6275,151.1935,59220000
2610,2022-02-02,AMZN,155.0505,155.0750,148.8635,150.6125,87330000
2611,2022-02-03,AMZN,141.7375,144.2475,138.3330,138.8455,225532000
2612,2022-02-04,AMZN,155.6065,161.2000,150.6080,157.6395,253456000
2613,2022-02-07,AMZN,158.5200,162.6910,157.2500,157.9355,102624000
2614,2022-02-08,AMZN,156.7505,161.7925,155.5505,161.4135,76040000
2615,2022-02-09,AMZN,162.8735,163.8345,160.2500,161.1895,68786000
2616,2022-02-10,AMZN,158.3500,160.7165,157.7500,159.0035,68268000
2617,2022-02-11,AMZN,158.1345,159.0000,152.7340,153.2935,77100000
2618,2022-02-14,AMZN,151.7510,158.4485,151.6500,155.1670,83230000
2619,2022-02-15,AMZN,157.6055,158.0070,154.6375,156.5105,56440000
2620,2022-02-16,AMZN,155.7905,158.8340,154.7345,158.1005,52704000
2621,2022-02-17,AMZN,158.1460,160.3490,154.5000,154.6525,64032000
2622,2022-02-18,AMZN,155.4995,155.4995,150.8930,152.6015,63604000
2623,2022-02-22,AMZN,150.4785,152.9825,148.4855,150.1975,66128000
2624,2022-02-23,AMZN,151.6505,151.7630,144.6510,144.8270,64244000
2625,2022-02-24,AMZN,139.8375,151.7490,139.5000,151.3580,100786000
2626,2022-02-25,AMZN,150.5500,153.9900,149.2135,153.7885,62396000
2627,2022-02-28,AMZN,152.4250,154.4500,150.8500,153.5630,57684000
2628,2022-03-01,AMZN,152.7325,154.0990,149.9770,151.1420,44874000
2629,2022-03-02,AMZN,150.8490,152.9995,148.7500,152.0525,47334000
2630,2022-03-03,AMZN,153.5315,153.9290,146.8560,147.8985,65198000
2631,2022-03-04,AMZN,147.1590,147.8500,143.8070,145.6410,60934000
2632,2022-03-07,AMZN,145.4435,146.0945,137.4165,137.4530,86934000
2633,2022-03-08,AMZN,136.6835,140.6995,133.5725,136.0145,91662000
2634,2022-03-09,AMZN,139.5000,140.2500,136.8280,139.2790,82656000
2635,2022-03-10,AMZN,145.6850,148.6745,143.9780,146.8175,135062000
2636,2022-03-11,AMZN,149.5745,149.6750,145.3690,145.5245,68900000
2637,2022-03-14,AMZN,145.9810,147.4500,140.8840,141.8530,74086000
2638,2022-03-15,AMZN,142.8500,147.9850,142.0000,147.3665,75584000
2639,2022-03-16,AMZN,148.5000,153.1500,147.3535,153.1040,84958000
2640,2022-03-17,AMZN,152.6405,157.4985,152.1400,157.2390,72934000
2641,2022-03-18,AMZN,156.8130,161.5940,156.0110,161.2505,102962000
2642,2022-03-21,AMZN,161.1210,163.0840,159.5530,161.4915,66538000
2643,2022-03-22,AMZN,161.8055,166.1670,161.6990,164.8890,64086000
2644,2022-03-23,AMZN,163.7050,166.3700,162.6870,163.4080,55812000
2645,2022-03-24,AMZN,163.7495,164.1185,160.0500,163.6495,56798000
2646,2022-03-25,AMZN,164.0000,165.3685,162.2500,164.7735,49032000
2647,2022-03-28,AMZN,164.9750,169.0375,164.9000,168.9905,59854000
2648,2022-03-29,AMZN,170.3840,170.8315,167.8685,169.3150,66154000
2649,2022-03-30,AMZN,168.5095,168.9505,165.5000,166.3010,56168000
2650,2022-03-31,AMZN,166.4450,166.4950,162.9535,162.9975,59966000
2651,2022-04-01,AMZN,164.1495,165.8270,162.3195,163.5600,57090000
2652,2022-04-04,AMZN,164.1250,168.3945,163.2055,168.3465,49882000
2653,2022-04-05,AMZN,167.7415,168.1105,163.2660,164.0550,53728000
2654,2022-04-06,AMZN,161.6505,162.2000,157.2545,158.7560,79056000
2655,2022-04-07,AMZN,158.4000,160.0790,154.5115,157.7845,68136000
2656,2022-04-08,AMZN,156.7500,157.3685,154.2310,154.4605,46002000
2657,2022-04-11,AMZN,152.7130,154.1365,150.5345,151.1220,52112000
2658,2022-04-12,AMZN,153.6925,155.0990,150.3830,150.7875,55178000
2659,2022-04-13,AMZN,150.0185,156.0250,149.6000,155.5410,53390000
2660,2022-04-14,AMZN,155.3900,155.8970,151.4720,151.7065,51598000
2661,2022-04-18,AMZN,151.5235,154.0395,150.2505,152.7850,46514000
2662,2022-04-19,AMZN,152.0295,158.6490,151.5505,158.1155,54926000
2663,2022-04-20,AMZN,157.6025,157.6025,153.6035,153.9980,59630000
2664,2022-04-21,AMZN,154.7140,156.7380,147.5895,148.2960,63970000
2665,2022-04-22,AMZN,148.2500,149.6150,143.6975,144.3500,73078000
2666,2022-04-25,AMZN,144.0230,146.2215,142.3065,146.0740,61874000
2667,2022-04-26,AMZN,144.8000,144.8560,138.9295,139.3910,77530000
2668,2022-04-27,AMZN,140.1915,141.9485,135.7835,138.1670,71336000
2669,2022-04-28,AMZN,142.1780,145.9375,140.3000,144.5965,117316000
2670,2022-04-29,AMZN,129.8490,130.7610,121.6250,124.2815,272662000
2671,2022-05-02,AMZN,122.4010,124.6680,118.3750,124.5000,148788000
2672,2022-05-03,AMZN,124.0535,126.2205,122.8250,124.2535,79134000
2673,2022-05-04,AMZN,123.6000,126.0000,119.1830,125.9285,110746000
2674,2022-05-05,AMZN,123.0000,123.4990,115.0725,116.4070,144392000
2675,2022-05-06,AMZN,114.8500,119.0505,113.0815,114.7725,124260000
2676,2022-05-09,AMZN,111.3125,114.0000,107.9570,108.7890,128124000
2677,2022-05-10,AMZN,111.2500,112.6425,107.1710,108.8590,105434000
2678,2022-05-11,AMZN,108.1035,110.1560,104.4285,105.3720,109704000
2679,2022-05-12,AMZN,102.7500,110.7805,102.4055,106.9305,132026000
2680,2022-05-13,AMZN,109.0690,113.1840,107.8000,113.0550,93684000
2681,2022-05-16,AMZN,113.1000,113.9925,110.3540,110.8105,74566000
2682,2022-05-17,AMZN,113.2750,115.8000,111.2765,115.3685,76448000
2683,2022-05-18,AMZN,111.4395,112.8530,106.2490,107.1125,108380000
2684,2022-05-19,AMZN,106.2805,110.0340,106.1930,107.3190,88142000
2685,2022-05-20,AMZN,109.5685,109.8980,105.0095,107.5910,99500000
2686,2022-05-23,AMZN,108.4610,108.8190,103.9500,107.5570,107798000
2687,2022-05-24,AMZN,104.0250,105.4000,101.2600,104.1000,102934000
2688,2022-05-25,AMZN,103.6555,108.1750,103.6500,106.7750,93120000
2689,2022-05-26,AMZN,107.9700,112.6655,107.4535,111.0775,93002000
2690,2022-05-27,AMZN,113.5500,115.1870,112.6280,115.1465,93660000
2691,2022-05-31,AMZN,116.2800,121.9945,115.6750,120.2095,144634000
2692,2022-06-01,AMZN,122.2560,125.1790,120.6225,121.6840,127528000
2693,2022-06-02,AMZN,121.6840,125.6100,120.0450,125.5110,100560000
2694,2022-06-03,AMZN,124.2000,124.4000,121.0465,122.3500,97604000
2695,2022-06-06,AMZN,125.2500,128.9900,123.8100,124.7900,135269000
2696,2022-06-07,AMZN,122.0100,124.1000,120.6300,123.0000,85156700
2697,2022-06-08,AMZN,122.6100,123.7500,120.7500,121.1800,64926600
2698,2022-06-09,AMZN,119.9900,121.3000,116.1000,116.1500,67029800
2699,2022-06-10,AMZN,113.4200,114.5000,109.0500,109.6500,87266000
2700,2022-06-13,AMZN,104.1900,106.5400,101.8600,103.6700,99277700
2701,2022-06-14,AMZN,104.1900,104.8800,101.4300,102.3100,69728800
2702,2022-06-15,AMZN,103.8600,109.0600,103.5300,107.6700,85011100
2703,2022-06-16,AMZN,104.4700,104.5800,102.0100,103.6600,82186300
2704,2022-06-17,AMZN,102.8000,106.9800,102.5100,106.2200,99772100
2705,2022-06-21,AMZN,108.2000,111.6300,103.5600,108.6800,70901200
2706,2022-06-22,AMZN,107.4300,112.1300,107.0200,108.9500,60040100
2707,2022-06-23,AMZN,110.3900,113.0000,107.9300,112.4400,64345300
2708,2022-06-24,AMZN,112.3800,116.7100,111.4300,116.4600,69867600
2709,2022-06-27,AMZN,117.0900,117.9800,112.7000,113.2200,62133200
2710,2022-06-28,AMZN,113.5000,114.8500,107.0400,107.4000,74942900
2711,2022-06-29,AMZN,107.3800,110.9900,106.9100,108.9200,66375300
2712,2022-06-30,AMZN,108.1100,108.1800,102.5200,106.2100,97679400
2713,2022-07-01,AMZN,106.2900,109.7500,105.8500,109.5600,73021200
2714,2022-07-05,AMZN,107.6000,114.0800,106.3200,113.5000,76583700
2715,2022-07-06,AMZN,113.2100,115.4800,112.0100,114.3300,66958900
2716,2022-07-07,AMZN,113.8500,116.9900,113.4900,116.3300,57872300
2717,2022-07-08,AMZN,114.6000,116.5800,113.6900,115.5400,45719700
2718,2022-07-11,AMZN,114.0800,114.3000,110.8700,111.7500,53487600
2719,2022-07-12,AMZN,112.1600,113.2300,108.3400,109.2200,54280300
2720,2022-07-13,AMZN,107.0300,111.7800,106.0100,110.4000,61353800
2721,2022-07-14,AMZN,110.2400,111.1800,107.5800,110.6300,51163100
2722,2022-07-15,AMZN,112.5000,115.5900,111.5900,113.5500,84317800
2723,2022-07-18,AMZN,115.0000,117.2400,113.1500,113.7600,59115400
2724,2022-07-19,AMZN,115.7000,118.9500,114.0300,118.2100,60990000
2725,2022-07-20,AMZN,118.6200,123.4800,118.3200,122.7700,71268300
2726,2022-07-21,AMZN,123.2000,124.8500,121.2600,124.6300,60239900
2727,2022-07-22,AMZN,125.0100,125.5000,121.3500,122.4200,51463800
2728,2022-07-25,AMZN,122.7000,123.6400,120.0300,121.1400,50221300
2729,2022-07-26,AMZN,115.7900,118.1500,114.5300,114.8100,67075100
2730,2022-07-27,AMZN,117.3100,121.9000,117.1600,120.9700,61582000
2731,2022-07-28,AMZN,121.5700,122.8400,118.0800,122.2800,82245500
2732,2022-07-29,AMZN,134.9000,137.6500,132.4100,134.9500,148892900
2733,2022-08-01,AMZN,134.9600,138.8300,133.5100,135.3900,76846900
2734,2022-08-02,AMZN,134.7200,137.4400,134.0900,134.1600,61922400
2735,2022-08-03,AMZN,136.2100,140.4900,136.0500,139.5200,71827800
2736,2022-08-04,AMZN,140.5800,143.5600,139.5500,142.5700,70585000
2737,2022-08-05,AMZN,140.1000,142.8600,139.6000,140.8000,50686900
2738,2022-08-08,AMZN,142.0500,144.2300,138.2900,139.4100,52229000
2739,2022-08-09,AMZN,138.0500,138.9500,136.2100,137.8300,40434700
2740,2022-08-10,AMZN,142.9000,144.6000,141.0100,142.6900,54773800
2741,2022-08-11,AMZN,143.8600,144.4900,139.7600,140.6400,44867300
2742,2022-08-12,AMZN,142.0500,143.5700,140.1200,143.5500,47643500
2743,2022-08-15,AMZN,142.8000,143.7600,141.4900,143.1800,39014600
2744,2022-08-16,AMZN,143.9100,146.5700,142.0000,144.7800,59102900
2745,2022-08-17,AMZN,142.6900,143.3800,140.7800,142.1000,48149800
2746,2022-08-18,AMZN,141.3200,142.7700,140.3800,142.3000,37458700
2747,2022-08-19,AMZN,140.4700,141.1100,137.9100,138.2300,47792800
2748,2022-08-22,AMZN,135.7200,136.3200,132.8500,133.2200,50461500
2749,2022-08-23,AMZN,133.4100,134.9900,132.9500,133.6200,36252100
2750,2022-08-24,AMZN,132.7500,135.4700,132.1000,133.8000,38627000
2751,2022-08-25,AMZN,135.2600,137.4200,134.2800,137.2800,37496300
2752,2022-08-26,AMZN,136.5500,137.8300,130.5000,130.7500,53322700
2753,2022-08-29,AMZN,129.9000,131.9500,128.7700,129.7900,48101600
2754,2022-08-30,AMZN,131.2500,132.0700,126.8500,128.7300,49203000
2755,2022-08-31,AMZN,129.4500,130.5900,126.7400,126.7700,53648700
2756,2022-09-01,AMZN,126.0000,128.0200,123.6600,127.8200,56636100
2757,2022-09-02,AMZN,129.5000,131.3800,126.3900,127.5100,57429800
2758,2022-09-06,AMZN,127.9200,128.6200,124.7400,126.1100,43888600
2759,2022-09-07,AMZN,126.1200,129.8200,125.4000,129.4800,47900300
2760,2022-09-08,AMZN,127.7200,130.2800,127.1000,129.8200,43988500
2761,2022-09-09,AMZN,130.9100,133.6900,130.7600,133.2700,49387600
2762,2022-09-12,AMZN,134.1000,136.4900,134.0000,136.4500,53826900
2763,2022-09-13,AMZN,131.0100,131.4000,126.2700,126.8200,72694000
2764,2022-09-14,AMZN,127.3600,128.8400,126.3300,128.5500,45316800
2765,2022-09-15,AMZN,127.3800,130.3700,125.5000,126.2800,52887200
2766,2022-09-16,AMZN,122.7800,123.8700,120.7000,123.5300,115667800
2767,2022-09-19,AMZN,122.1600,124.7100,121.8000,124.6600,47279700
2768,2022-09-20,AMZN,123.3500,124.4000,121.1400,122.1900,47698400
2769,2022-09-21,AMZN,122.4900,123.7600,118.4500,118.5400,58498900
2770,2022-09-22,AMZN,117.0800,118.7900,116.2600,117.3100,55229200
2771,2022-09-23,AMZN,116.0000,116.0500,112.0600,113.7800,65126700
2772,2022-09-26,AMZN,113.3000,117.3400,113.1300,115.1500,62723300
2773,2022-09-27,AMZN,117.2000,118.3200,113.0500,114.4100,60094700
2774,2022-09-28,AMZN,114.3800,118.7000,113.8000,118.0100,55763800
2775,2022-09-29,AMZN,115.6000,116.0700,113.0600,114.8000,58969700
2776,2022-09-30,AMZN,114.0800,116.9200,112.8400,113.0000,59479600
2777,2022-10-03,AMZN,113.5800,116.9100,112.4500,115.8800,50941900
2778,2022-10-04,AMZN,119.8900,123.0000,119.7900,121.0900,62812600
2779,2022-10-05,AMZN,118.5800,121.7500,117.6900,120.9500,48217500
2780,2022-10-06,AMZN,120.7700,121.5300,119.5000,120.3000,42253800
2781,2022-10-07,AMZN,118.0000,118.1700,113.8800,114.5600,54678000
2782,2022-10-10,AMZN,115.1000,116.2500,112.4300,113.6700,42339700
2783,2022-10-11,AMZN,112.7100,115.4800,110.3900,112.2100,56432200
2784,2022-10-12,AMZN,112.4900,113.8300,111.4000,112.9000,45728700
2785,2022-10-13,AMZN,107.8800,113.4400,105.3500,112.5300,86868100
2786,2022-10-14,AMZN,114.1000,114.9600,106.6000,106.9000,67737300
2787,2022-10-17,AMZN,110.1100,114.1900,110.0900,113.7900,62782000
2788,2022-10-18,AMZN,119.0600,119.5200,114.7900,116.3600,65607400
2789,2022-10-19,AMZN,114.7100,116.5900,113.2200,115.0700,47198100
2790,2022-10-20,AMZN,113.8300,118.2400,113.5100,115.2500,48795100
2791,2022-10-21,AMZN,114.7900,119.5900,114.5000,119.3200,55660500
2792,2022-10-24,AMZN,119.9800,120.3900,116.5700,119.8200,49531500
2793,2022-10-25,AMZN,119.6500,121.3200,118.9500,120.6000,50934600
2794,2022-10-26,AMZN,116.0000,119.3500,114.7600,115.6600,68802300
2795,2022-10-27,AMZN,113.9200,114.1200,109.7700,110.9600,129605400
2796,2022-10-28,AMZN,97.9100,103.9600,97.6600,103.4100,223133400
2797,2022-10-31,AMZN,103.5600,104.8700,100.7400,102.4400,99251400
2798,2022-11-01,AMZN,103.9900,104.5800,96.0600,96.7900,153370000
2799,2022-11-02,AMZN,97.3200,97.7400,92.0100,92.1200,135761800
2800,2022-11-03,AMZN,92.4700,93.5000,89.0200,89.3000,136683300
2801,2022-11-04,AMZN,91.4900,92.4400,88.0400,90.9800,129101300
2802,2022-11-07,AMZN,91.9500,92.1000,89.0400,90.5300,77495700
2803,2022-11-08,AMZN,90.7900,91.7200,88.2300,89.9800,88703400
2804,2022-11-09,AMZN,89.4700,89.4800,85.8700,86.1400,90796200
2805,2022-11-10,AMZN,92.9400,98.6900,91.6500,96.6300,173414900
2806,2022-11-11,AMZN,97.8800,101.1900,96.6600,100.7900,111590500
2807,2022-11-14,AMZN,98.7700,100.1200,97.2900,98.4900,99533100
2808,2022-11-15,AMZN,103.2100,103.7900,97.3400,98.9400,111336300
2809,2022-11-16,AMZN,96.8500,98.4900,95.5400,97.1200,87958800
2810,2022-11-17,AMZN,95.3700,96.9700,94.0300,94.8500,82617900
2811,2022-11-18,AMZN,95.9500,95.9900,92.4800,94.1400,72428200
2812,2022-11-21,AMZN,93.9700,95.0200,90.5900,92.4600,84330300
2813,2022-11-22,AMZN,92.6200,93.3500,90.8700,93.2000,62192000
2814,2022-11-23,AMZN,93.2400,94.5800,92.8300,94.1300,59414700
2815,2022-11-25,AMZN,93.7900,94.4300,93.0700,93.4100,35088600
2816,2022-11-28,AMZN,93.9300,96.4000,93.4300,93.9500,74943100
2817,2022-11-29,AMZN,94.0400,94.4100,91.4400,92.4200,65567300
2818,2022-11-30,AMZN,92.4700,96.5400,91.5300,96.5400,102805800
2819,2022-12-01,AMZN,96.9900,97.2300,94.9200,95.5000,68488000
2820,2022-12-02,AMZN,94.4800,95.3600,93.7800,94.1300,72496400
2821,2022-12-05,AMZN,93.0500,94.0600,90.8200,91.0100,71535500
2822,2022-12-06,AMZN,90.5000,91.0400,87.9000,88.2500,75503600
2823,2022-12-07,AMZN,88.3400,89.8900,87.4800,88.4600,68086900
2824,2022-12-08,AMZN,89.2400,90.8600,87.8800,90.3500,73305900
2825,2022-12-09,AMZN,88.9000,90.3000,88.6300,89.0900,67398500
2826,2022-12-12,AMZN,89.2100,90.5800,87.8700,90.5500,61999800
2827,2022-12-13,AMZN,95.2300,96.2500,90.5200,92.4900,100212000
2828,2022-12-14,AMZN,92.5000,93.4600,89.8700,91.5800,70298000
2829,2022-12-15,AMZN,89.8900,89.9700,87.4700,88.4500,84802900
2830,2022-12-16,AMZN,88.2700,89.3500,86.7300,87.8600,146144100
2831,2022-12-19,AMZN,87.5100,87.6300,84.5100,84.9200,83531500
2832,2022-12-20,AMZN,85.3300,86.6100,84.3300,85.1900,74348300
2833,2022-12-21,AMZN,86.1800,87.2300,85.2100,86.7700,59267200
2834,2022-12-22,AMZN,85.5200,85.6800,82.2500,83.7900,81431300
2835,2022-12-23,AMZN,83.2500,85.7800,82.9300,85.2500,57433700
2836,2022-12-27,AMZN,84.9700,85.3500,83.0000,83.0400,57284000
2837,2022-12-28,AMZN,82.8000,83.4800,81.6900,81.8200,58228600
2838,2022-12-29,AMZN,82.8700,84.5500,82.5500,84.1800,54995900
2839,2022-12-30,AMZN,83.1200,84.0500,82.4700,84.0000,62401200
2840,2023-01-03,AMZN,85.4600,86.9600,84.2100,85.8200,76706000
2841,2023-01-04,AMZN,86.5500,86.9800,83.3600,85.1400,68885100
2842,2023-01-05,AMZN,85.3300,85.4200,83.0700,83.1200,67930800
2843,2023-01-06,AMZN,83.0300,86.4000,81.4300,86.0800,83303400
2844,2023-01-09,AMZN,87.4600,89.4800,87.0800,87.3600,65266100
2845,2023-01-10,AMZN,87.5700,90.1900,87.2900,89.8700,67756600
2846,2023-01-11,AMZN,90.9300,95.2600,90.9300,95.0900,103126200
2847,2023-01-12,AMZN,96.9300,97.1900,93.5000,95.2700,85254800
2848,2023-01-13,AMZN,94.1800,98.3700,94.1200,98.1200,85549400
2849,2023-01-17,AMZN,98.6800,98.8900,95.7300,96.0500,72755000
2850,2023-01-18,AMZN,97.2500,99.3200,95.3800,95.4600,79570400
2851,2023-01-19,AMZN,94.7400,95.4400,92.8600,93.6800,69002700
2852,2023-01-20,AMZN,93.8600,97.3500,93.2000,97.2500,67481500
2853,2023-01-23,AMZN,97.5600,97.7800,95.8600,97.5200,76501100
2854,2023-01-24,AMZN,96.9300,98.0900,96.0000,96.3200,66929500
2855,2023-01-25,AMZN,92.5600,97.2400,91.5200,97.1800,94261600
2856,2023-01-26,AMZN,98.2400,99.4900,96.9200,99.2200,68523600
2857,2023-01-27,AMZN,99.5300,103.4900,99.5300,102.2400,87775600
2858,2023-01-30,AMZN,101.0900,101.7400,99.0100,100.5500,70691900
2859,2023-01-31,AMZN,101.1600,103.3500,101.1400,103.1300,66527300
2860,2023-02-01,AMZN,102.5300,106.2400,101.2400,105.1500,80450100
2861,2023-02-02,AMZN,110.2500,114.0000,108.8800,112.9100,158154200
2862,2023-02-03,AMZN,105.2600,108.7800,102.5200,103.3900,144374800
2863,2023-02-06,AMZN,102.9300,103.9500,100.6500,102.1800,81945200
2864,2023-02-07,AMZN,101.1700,102.4100,98.0800,102.1100,119501300
2865,2023-02-08,AMZN,102.0400,102.6700,98.7800,100.0500,75878300
2866,2023-02-09,AMZN,101.3200,101.7800,97.5700,98.2400,64622500
2867,2023-02-10,AMZN,97.5600,98.8200,96.2300,97.6100,52740100
2868,2023-02-13,AMZN,97.8500,99.6800,96.9100,99.5400,52841500
2869,2023-02-14,AMZN,98.4100,100.9200,97.5200,99.7000,56202900
2870,2023-02-15,AMZN,99.0900,101.1700,98.4500,101.1600,47957600
2871,2023-02-16,AMZN,99.2100,100.6300,98.1000,98.1500,56339200
2872,2023-02-17,AMZN,97.8000,97.9400,95.6500,97.2000,60029400
2873,2023-02-21,AMZN,95.3400,95.6100,94.2700,94.5800,56580400
2874,2023-02-22,AMZN,95.1000,97.0100,94.8000,95.7900,59534100
2875,2023-02-23,AMZN,96.1200,96.4300,93.6700,95.8200,48467000
2876,2023-02-24,AMZN,93.5300,94.1400,92.3200,93.5000,57053800
2877,2023-02-27,AMZN,94.2800,94.7800,93.1400,93.7600,47470300
2878,2023-02-28,AMZN,93.1400,94.6900,92.9200,94.2300,43959300
2879,2023-03-01,AMZN,93.8700,94.6800,91.5900,92.1700,52299500
2880,2023-03-02,AMZN,91.4100,92.2300,90.3900,92.1300,55509400
2881,2023-03-03,AMZN,92.7400,94.9400,92.6600,94.9000,55759600
2882,2023-03-06,AMZN,95.1900,96.5500,93.7400,93.7500,52112400
2883,2023-03-07,AMZN,94.0600,95.0900,92.7800,93.5500,49100700
2884,2023-03-08,AMZN,93.6000,94.1700,92.1800,93.9200,44899100
2885,2023-03-09,AMZN,93.6800,96.2100,92.1800,92.2500,56218700
2886,2023-03-10,AMZN,92.6700,93.5700,90.2500,90.7300,69827500
2887,2023-03-13,AMZN,89.9700,94.0200,88.1200,92.4300,72397100
2888,2023-03-14,AMZN,93.8300,95.0700,92.7100,94.8800,60912700
2889,2023-03-15,AMZN,93.2200,96.6700,93.0700,96.2000,70731800
2890,2023-03-16,AMZN,95.7500,100.9900,95.6100,100.0400,84446900
2891,2023-03-17,AMZN,99.7900,100.6600,97.4600,98.9500,87300200
2892,2023-03-20,AMZN,98.4100,98.4800,95.7000,97.7100,62388900
2893,2023-03-21,AMZN,98.1400,100.8500,98.0000,100.6100,58597300
2894,2023-03-22,AMZN,100.4500,102.1000,98.6100,98.7000,57475400
2895,2023-03-23,AMZN,100.4300,101.0600,97.6200,98.7100,57559300
2896,2023-03-24,AMZN,98.0700,98.3000,96.4000,98.1300,56095400
2897,2023-03-27,AMZN,99.0700,99.3400,97.0800,98.0400,46721300
2898,2023-03-28,AMZN,98.1100,98.4400,96.2900,97.2400,38720100
2899,2023-03-29,AMZN,98.6900,100.4200,98.5600,100.2500,49783300
2900,2023-03-30,AMZN,101.5500,103.0400,101.0100,102.0000,53633400
2901,2023-03-31,AMZN,102.1600,103.4900,101.9500,103.2900,56750300
2902,2023-04-03,AMZN,102.3000,103.2900,101.4300,102.4100,41135700
2903,2023-04-04,AMZN,102.7500,104.2000,102.1100,103.9500,48662500
2904,2023-04-05,AMZN,103.9100,103.9100,100.7500,101.1000,45175400
2905,2023-04-06,AMZN,100.7500,102.3800,99.8000,102.0600,43808000
2906,2023-04-10,AMZN,100.9600,102.2000,99.5700,102.1700,37261200
2907,2023-04-11,AMZN,100.8000,101.0000,99.0100,99.9200,60417800
2908,2023-04-12,AMZN,100.4000,100.5100,97.7100,97.8300,56735000
2909,2023-04-13,AMZN,98.9500,102.5700,98.7100,102.4000,67925100
2910,2023-04-14,AMZN,102.0700,103.2000,101.1100,102.5100,51450500
2911,2023-04-17,AMZN,103.1600,103.7300,101.5900,102.7400,39919500
2912,2023-04-18,AMZN,103.9500,104.2000,101.5200,102.3000,39790500
2913,2023-04-19,AMZN,101.5800,105.1200,101.3900,104.3000,58398900
2914,2023-04-20,AMZN,103.5300,105.2500,103.2100,103.8100,57696900
2915,2023-04-21,AMZN,106.1000,108.1500,105.0800,106.9600,86774200
2916,2023-04-24,AMZN,107.6600,109.2300,105.0700,106.2100,69575600
2917,2023-04-25,AMZN,104.9100,105.4500,102.4500,102.5700,65026800
2918,2023-04-26,AMZN,105.0400,106.6200,104.1000,104.9800,73803800
2919,2023-04-27,AMZN,108.1600,110.8600,106.8000,109.8200,149961200
2920,2023-04-28,AMZN,107.7300,109.4800,104.3300,105.4500,130715900
2921,2023-05-01,AMZN,104.9500,105.2300,101.8200,102.0500,74728100
2922,2023-05-02,AMZN,101.4700,103.9000,101.1500,103.6300,73469400
2923,2023-05-03,AMZN,103.7400,105.9600,103.2800,103.6500,65051900
2924,2023-05-04,AMZN,104.0400,105.3900,103.3100,104.0000,45345500
2925,2023-05-05,AMZN,104.2700,105.7600,103.5500,105.6600,56951700
2926,2023-05-08,AMZN,105.0400,106.1000,104.7000,105.8300,49430900
2927,2023-05-09,AMZN,105.4800,106.7900,105.1600,106.6200,44089400
2928,2023-05-10,AMZN,108.1000,110.6700,108.0500,110.1900,78627600
2929,2023-05-11,AMZN,111.0300,113.2800,110.4900,112.1800,74924800
2930,2023-05-12,AMZN,112.1600,112.6400,109.3200,110.2600,49852700
2931,2023-05-15,AMZN,111.1500,112.2900,109.2500,111.2000,53011100
2932,2023-05-16,AMZN,111.0500,114.7900,111.0500,113.4000,71472900
2933,2023-05-17,AMZN,114.8900,115.8300,114.2200,115.5000,65655200
2934,2023-05-18,AMZN,116.6900,118.6000,116.3400,118.1500,73174100
2935,2023-05-19,AMZN,118.1600,118.3100,115.7000,116.2500,55056300
2936,2023-05-22,AMZN,116.7700,116.7700,114.2500,115.0100,70741100
2937,2023-05-23,AMZN,114.2700,117.1400,113.7800,114.9900,67576300
2938,2023-05-24,AMZN,115.3500,117.3400,115.0200,116.7500,63487900
2939,2023-05-25,AMZN,116.6300,116.8700,114.3100,115.0000,66496700
2940,2023-05-26,AMZN,116.0400,121.5000,116.0200,120.1100,96779900
2941,2023-05-30,AMZN,122.3700,122.9200,119.8600,121.6600,64314800
2942,2023-05-31,AMZN,121.4500,122.0400,119.1700,120.5800,72800800
2943,2023-06-01,AMZN,120.6900,123.4900,119.9300,122.7700,54375100
2944,2023-06-02,AMZN,124.9200,126.3900,124.0200,124.2500,61264400
2945,2023-06-05,AMZN,123.3600,125.8000,123.0300,125.3000,47950100
2946,2023-06-06,AMZN,125.0700,127.4000,125.0000,126.6100,45695200
2947,2023-06-07,AMZN,127.0100,127.3700,120.6300,121.2300,95663300
2948,2023-06-08,AMZN,123.0100,125.6300,122.2600,124.2500,62159300
2949,2023-06-09,AMZN,124.0800,125.8000,123.1900,123.4300,51396000
2950,2023-06-12,AMZN,124.0200,126.7800,123.5300,126.5700,51338000
2951,2023-06-13,AMZN,128.1200,128.4100,125.1800,126.6600,50564800
2952,2023-06-14,AMZN,126.7000,126.9500,124.1200,126.4200,52422500
2953,2023-06-15,AMZN,125.2100,127.6900,124.3200,127.1100,60458500
2954,2023-06-16,AMZN,127.7100,127.9000,125.3000,125.4900,84247100
2955,2023-06-20,AMZN,124.9700,127.2500,124.5000,125.7800,56930100
2956,2023-06-21,AMZN,125.6400,126.7300,123.8500,124.8300,52137700
2957,2023-06-22,AMZN,125.3100,130.3300,125.1400,130.1500,90354600
2958,2023-06-23,AMZN,129.1100,130.8400,128.2800,129.3300,71927800
2959,2023-06-26,AMZN,129.3300,131.4900,127.1000,127.3300,59989300
2960,2023-06-27,AMZN,128.6300,130.0900,127.5500,129.1800,46801000
2961,2023-06-28,AMZN,128.9400,131.4800,128.4400,129.0400,52149500
2962,2023-06-29,AMZN,128.7700,129.2600,127.2600,127.9000,40761000
2963,2023-06-30,AMZN,129.4700,131.2500,128.9500,130.3600,54350700
2964,2023-07-03,AMZN,130.8200,131.8500,130.0700,130.2200,28264800
2965,2023-07-05,AMZN,130.2400,131.4000,129.6400,130.3800,35895400
2966,2023-07-06,AMZN,128.2500,128.7300,127.3700,128.3600,40639900
2967,2023-07-07,AMZN,128.5900,130.9700,128.1300,129.7800,41992300
2968,2023-07-10,AMZN,129.0700,129.2800,125.9200,127.1300,61889300
2969,2023-07-11,AMZN,127.7500,129.7700,127.3500,128.7800,49951500
2970,2023-07-12,AMZN,130.3100,131.2600,128.8300,130.8000,54022800
2971,2023-07-13,AMZN,134.0400,134.6700,132.7100,134.3000,61170900
2972,2023-07-14,AMZN,134.0600,136.6500,134.0600,134.6800,54487100
2973,2023-07-17,AMZN,134.5600,135.6200,133.2100,133.5600,48450200
2974,2023-07-18,AMZN,132.7100,133.8600,131.3500,132.8300,54882900
2975,2023-07-19,AMZN,133.3900,135.9900,132.5300,135.3600,54531000
2976,2023-07-20,AMZN,134.0700,134.7900,129.3300,129.9600,59820600
2977,2023-07-21,AMZN,131.3400,131.3700,128.4200,130.0000,133307300
2978,2023-07-24,AMZN,130.3100,131.6600,128.3500,128.8000,45591100
2979,2023-07-25,AMZN,129.3100,129.5800,128.5300,129.1300,39236700
2980,2023-07-26,AMZN,126.5100,129.0800,126.1100,128.1500,53910100
2981,2023-07-27,AMZN,131.0000,132.6300,127.7900,128.2500,52610700
2982,2023-07-28,AMZN,129.6900,133.0100,129.3300,132.2100,46317400
2983,2023-07-31,AMZN,133.2000,133.8700,132.3800,133.6800,41901500
2984,2023-08-01,AMZN,133.5500,133.6900,131.6200,131.6900,42098500
2985,2023-08-02,AMZN,130.1500,130.2300,126.8200,128.2100,51027600
2986,2023-08-03,AMZN,127.4800,129.8400,126.4100,128.9100,88585200
2987,2023-08-04,AMZN,141.0600,143.6300,139.3200,139.5700,153128500
2988,2023-08-07,AMZN,140.9900,142.5400,138.9500,142.2200,71213100
2989,2023-08-08,AMZN,140.6200,140.8400,138.4200,139.9400,51710500
2990,2023-08-09,AMZN,139.9700,140.3200,137.1000,137.8500,50017300
2991,2023-08-10,AMZN,139.0700,140.4100,137.4900,138.5600,58928400
2992,2023-08-11,AMZN,137.4000,139.3300,137.0000,138.4100,42905800
2993,2023-08-14,AMZN,138.3000,140.5900,137.7500,140.5700,47148700
2994,2023-08-15,AMZN,140.0500,141.2800,137.2300,137.6700,42781500
2995,2023-08-16,AMZN,137.1900,137.2700,135.0100,135.0700,41675900
2996,2023-08-17,AMZN,135.4600,136.0900,133.5300,133.9800,48354100
2997,2023-08-18,AMZN,131.6200,134.0700,131.1500,133.2200,48497700
2998,2023-08-21,AMZN,133.7400,135.1900,132.7100,134.6800,41442500
2999,2023-08-22,AMZN,135.0800,135.6500,133.7300,134.2500,32905400
3000,2023-08-23,AMZN,134.5000,135.9500,133.2200,135.5200,42801000
3001,2023-08-24,AMZN,136.4000,136.7800,131.8300,131.8400,43646300
3002,2023-08-25,AMZN,132.4700,133.8700,130.5800,133.2600,44147500
3003,2023-08-28,AMZN,133.7800,133.9500,131.8500,133.1400,34108400
3004,2023-08-29,AMZN,133.3800,135.1400,133.2500,134.9100,38646100
3005,2023-08-30,AMZN,134.9300,135.6800,133.9200,135.0700,36137000
3006,2023-08-31,AMZN,135.0600,138.7900,135.0000,138.0100,58781300
3007,2023-09-01,AMZN,139.4600,139.9600,136.8800,138.1200,40991500
3008,2023-09-05,AMZN,137.7300,137.8000,135.8200,137.2700,40636700
3009,2023-09-06,AMZN,136.3200,137.4500,134.6100,135.3600,41785500
3010,2023-09-07,AMZN,133.9000,138.0300,133.1600,137.8500,48498900
3011,2023-09-08,AMZN,136.8600,138.8500,136.7500,138.2300,38348200
3012,2023-09-11,AMZN,138.7500,143.6200,138.6400,143.1000,56764500
3013,2023-09-12,AMZN,142.3200,143.0000,140.6100,141.2300,42668500
3014,2023-09-13,AMZN,140.9500,144.9800,140.8700,144.8500,60465200
3015,2023-09-14,AMZN,145.0800,145.8600,142.9500,144.7200,64033600
3016,2023-09-15,AMZN,142.6900,143.5700,140.0900,140.3900,102909300
3017,2023-09-18,AMZN,140.4800,141.7500,139.2200,139.9800,42823500
3018,2023-09-19,AMZN,138.7000,138.8400,135.5600,137.6300,61482500
3019,2023-09-20,AMZN,138.5500,139.3700,135.2000,135.2900,46263700
3020,2023-09-21,AMZN,131.9400,132.2400,129.3100,129.3300,70343300
3021,2023-09-22,AMZN,131.1100,132.0300,128.5200,129.1200,59904300
3022,2023-09-25,AMZN,129.3600,131.7800,128.7700,131.2700,46017800
3023,2023-09-26,AMZN,130.1200,130.3900,125.2800,125.9800,73048200
3024,2023-09-27,AMZN,125.7600,127.4800,124.1300,125.9800,66553400
3025,2023-09-28,AMZN,124.0400,126.5800,123.0400,125.9800,54555000
3026,2023-09-29,AMZN,128.2000,129.1500,126.3200,127.1200,62411700
3027,2023-10-02,AMZN,127.2800,130.4700,126.5400,129.4600,48029700
3028,2023-10-03,AMZN,128.0600,128.5200,124.2500,124.7200,51565000
3029,2023-10-04,AMZN,126.0600,127.3600,125.6800,127.0000,44203900
3030,2023-10-05,AMZN,126.7100,126.7300,124.3300,125.9600,39660600
3031,2023-10-06,AMZN,124.1600,128.4500,124.1300,127.9600,46836700
3032,2023-10-09,AMZN,126.2200,128.7900,124.7600,128.2600,38773700
3033,2023-10-10,AMZN,128.8200,130.7400,128.0500,129.4800,42178600
3034,2023-10-11,AMZN,129.7400,132.0500,129.6100,131.8300,40741800
3035,2023-10-12,AMZN,132.1700,134.4800,131.2300,132.3300,55528600
3036,2023-10-13,AMZN,132.9800,133.3100,128.9500,129.7900,45786600
3037,2023-10-16,AMZN,130.6900,133.0700,130.4300,132.5500,42832900
3038,2023-10-17,AMZN,130.3900,132.5800,128.7100,131.4700,49344600
3039,2023-10-18,AMZN,129.9000,130.6700,127.5100,128.1300,42699500
3040,2023-10-19,AMZN,130.5700,132.2400,127.4700,128.4000,60961400
3041,2023-10-20,AMZN,128.0500,128.1700,124.9700,125.1700,56406400
3042,2023-10-23,AMZN,124.6300,127.8800,123.9800,126.5600,48260000
3043,2023-10-24,AMZN,127.7400,128.8000,126.3400,128.5600,46477400
3044,2023-10-25,AMZN,126.0400,126.3400,120.7900,121.3900,74577500
3045,2023-10-26,AMZN,120.6300,121.6400,118.3500,119.5700,100419500
3046,2023-10-27,AMZN,126.2000,130.0200,125.5200,127.7400,125309300
3047,2023-10-30,AMZN,129.7200,133.0000,128.5600,132.7100,72485500
3048,2023-10-31,AMZN,132.7500,133.5700,131.7100,133.0900,51589400
3049,2023-11-01,AMZN,133.9600,137.3500,133.7100,137.0000,61529400
3050,2023-11-02,AMZN,138.7300,138.8100,136.4700,138.0700,52236700
3051,2023-11-03,AMZN,138.9900,139.4900,137.4500,138.6000,44059800
3052,2023-11-06,AMZN,138.7600,140.7300,138.3600,139.7400,44970400
3053,2023-11-07,AMZN,140.5500,143.3700,140.5000,142.7100,53553500
3054,2023-11-08,AMZN,142.9700,143.1200,141.2200,142.0800,44521700
3055,2023-11-09,AMZN,142.0200,142.6500,139.8400,140.6000,36235400
3056,2023-11-10,AMZN,140.4600,143.6500,139.9100,143.5600,49287800
3057,2023-11-13,AMZN,142.0800,143.2300,140.6700,142.5900,35680600
3058,2023-11-14,AMZN,145.0000,147.2600,144.6800,145.8000,56674600
3059,2023-11-15,AMZN,147.0600,147.2900,142.5900,143.2000,63875700
3060,2023-11-16,AMZN,140.9100,143.3200,139.5200,142.8300,49653500
3061,2023-11-17,AMZN,142.6600,145.2300,142.5400,145.1800,49636700
3062,2023-11-20,AMZN,145.1300,146.6300,144.7300,146.1300,41951200
3063,2023-11-21,AMZN,143.9100,144.0500,141.5000,143.9000,71226000
3064,2023-11-22,AMZN,144.5700,147.7400,144.5700,146.7100,45669100
3065,2023-11-24,AMZN,146.7000,147.2000,145.3200,146.7400,22378400
3066,2023-11-27,AMZN,147.5300,149.2600,146.8800,147.7300,53762400
3067,2023-11-28,AMZN,146.9800,147.6000,145.5300,147.0300,42711700
3068,2023-11-29,AMZN,147.8500,148.5400,145.9700,146.3200,40610900
3069,2023-11-30,AMZN,144.7600,146.9300,144.3300,146.0900,65814000
3070,2023-12-01,AMZN,146.0000,147.2500,145.5500,147.0300,39951800
3071,2023-12-04,AMZN,145.2500,145.3500,142.8100,144.8400,48294200
3072,2023-12-05,AMZN,143.5500,148.5700,143.1300,146.8800,46822400
3073,2023-12-06,AMZN,147.5800,147.8500,144.2800,144.5200,39679000
3074,2023-12-07,AMZN,146.1500,147.9200,145.3400,146.8800,52352800
3075,2023-12-08,AMZN,145.4800,147.8400,145.4000,147.4200,41906000
3076,2023-12-11,AMZN,145.6600,146.1900,143.6400,145.8900,50907300
3077,2023-12-12,AMZN,145.5200,147.5000,145.3000,147.4800,44944300
3078,2023-12-13,AMZN,148.1200,149.4600,146.8200,148.8400,52766200
3079,2023-12-14,AMZN,149.9300,150.5400,145.5200,147.4200,58400800
3080,2023-12-15,AMZN,148.3800,150.5700,147.8800,149.9700,110089300
3081,2023-12-18,AMZN,150.5600,154.8500,150.0500,154.0700,62512800
3082,2023-12-19,AMZN,154.4000,155.1200,152.6900,153.7900,43171300
3083,2023-12-20,AMZN,152.9000,155.6300,151.5600,152.1200,50322100
3084,2023-12-21,AMZN,153.3000,153.9700,152.1000,153.8400,36305700
3085,2023-12-22,AMZN,153.7700,154.3500,152.7100,153.4200,29514100
3086,2023-12-26,AMZN,153.5600,153.9800,153.0300,153.4100,25067200
3087,2023-12-27,AMZN,153.5600,154.7800,153.1200,153.3400,31434700
3088,2023-12-28,AMZN,153.7200,154.0800,152.9500,153.3800,27057000
3089,2023-12-29,AMZN,153.1000,153.8900,151.0300,151.9400,39823200
3090,2024-01-02,AMZN,151.5400,152.3800,148.3900,149.9300,47339400
3091,2024-01-03,AMZN,149.2000,151.0500,148.3300,148.4700,49425500
3092,2024-01-04,AMZN,145.5900,147.3800,144.0500,144.5700,56039800
3093,2024-01-05,AMZN,144.6900,146.5900,144.5300,145.2400,45153100
3094,2024-01-08,AMZN,146.7400,149.4000,146.1500,149.1000,46757100
3095,2024-01-09,AMZN,148.3300,151.7100,148.2100,151.3700,43812600
3096,2024-01-10,AMZN,152.0600,154.4200,151.8800,153.7300,44421800
3097,2024-01-11,AMZN,155.0400,157.1700,153.1200,155.1800,49072700
3098,2024-01-12,AMZN,155.3900,156.2000,154.0100,154.6200,40484200
3099,2024-01-16,AMZN,153.5300,154.9900,152.1500,153.1600,41384600
3100,2024-01-17,AMZN,151.4900,152.1500,149.9100,151.7100,34953400
3101,2024-01-18,AMZN,152.7700,153.7800,151.8200,153.5000,37850200
3102,2024-01-19,AMZN,153.8300,155.7600,152.7400,155.3400,51651600
3103,2024-01-22,AMZN,156.8900,157.0500,153.9000,154.7800,43687500
3104,2024-01-23,AMZN,154.8500,156.2100,153.9300,156.0200,37986000
3105,2024-01-24,AMZN,157.8000,158.5100,156.4800,156.8700,48547300
3106,2024-01-25,AMZN,156.9500,158.5100,154.5500,157.7500,43638600
3107,2024-01-26,AMZN,158.4200,160.7200,157.9100,159.1200,51047400
3108,2024-01-29,AMZN,159.3400,161.2900,158.9000,161.2600,45270400
3109,2024-01-30,AMZN,160.7000,161.7300,158.4900,159.0000,45207400
3110,2024-01-31,AMZN,157.0000,159.0100,154.8100,155.2000,50284400
3111,2024-02-01,AMZN,155.8700,159.7600,155.6200,159.2800,76542400
3112,2024-02-02,AMZN,169.1900,172.5000,167.3300,171.8100,117218300
3113,2024-02-05,AMZN,170.2000,170.5500,167.7000,170.3100,55081300
3114,2024-02-06,AMZN,169.3900,170.7100,167.6500,169.1500,42505500
3115,2024-02-07,AMZN,169.4800,170.8800,168.9400,170.5300,47174100
3116,2024-02-08,AMZN,169.6500,171.4300,168.8800,169.8400,42316500
3117,2024-02-09,AMZN,170.9000,175.0000,170.5800,174.4500,56986000
3118,2024-02-12,AMZN,174.8000,175.3900,171.5400,172.3400,51050400
3119,2024-02-13,AMZN,167.7300,170.9500,165.7500,168.6400,56345100
3120,2024-02-14,AMZN,169.2100,171.2100,168.2800,170.9800,42815500
3121,2024-02-15,AMZN,170.5800,171.1700,167.5900,169.8000,49855200
3122,2024-02-16,AMZN,168.7400,170.4200,167.1700,169.5100,48107700
3123,2024-02-20,AMZN,167.8300,168.7100,165.7400,167.0800,41980300
3124,2024-02-21,AMZN,168.9400,170.2300,167.1400,168.5900,44420100
3125,2024-02-22,AMZN,173.1000,174.8000,171.7700,174.5800,55392400
3126,2024-02-23,AMZN,174.2800,175.7500,173.7000,174.9900,59715200
3127,2024-02-26,AMZN,175.7000,176.3700,174.2600,174.7300,44368600
3128,2024-02-27,AMZN,174.0800,174.6200,172.8600,173.5400,31141700
3129,2024-02-28,AMZN,172.4400,174.0500,172.2700,173.1600,28180500
3130,2024-02-29,AMZN,173.0100,177.2200,172.8500,176.7600,53805400
3131,2024-03-01,AMZN,176.7500,178.7300,176.0700,178.2200,31981200
3132,2024-03-04,AMZN,177.5300,180.1400,177.4900,177.5800,37381500
3133,2024-03-05,AMZN,176.9300,176.9300,173.3000,174.1200,37228300
3134,2024-03-06,AMZN,175.5400,176.4600,173.2600,173.5100,32090900
3135,2024-03-07,AMZN,174.8300,177.9900,173.7200,176.8200,34063300
3136,2024-03-08,AMZN,176.4400,178.7900,174.3300,175.3500,37893200
3137,2024-03-11,AMZN,174.3100,174.4700,171.4700,171.9600,28484800
3138,2024-03-12,AMZN,173.5000,176.7600,171.9800,175.3900,36610600
3139,2024-03-13,AMZN,175.9000,177.6200,175.5500,176.5600,30772600
3140,2024-03-14,AMZN,177.6900,179.5300,176.4700,178.7500,43705800
3141,2024-03-15,AMZN,176.6400,177.9300,173.9000,174.4200,72147400
3142,2024-03-18,AMZN,175.8000,176.6900,174.2800,174.4800,31250700
3143,2024-03-19,AMZN,174.2200,176.0900,173.5200,175.9000,26880900
3144,2024-03-20,AMZN,176.1400,178.5300,174.6400,178.1500,29947200
3145,2024-03-21,AMZN,179.9900,181.4200,178.1500,178.1500,32824300
3146,2024-03-22,AMZN,177.7500,179.2600,176.7500,178.8700,27995400
3147,2024-03-25,AMZN,178.0100,180.9900,177.2400,179.7100,29815500
3148,2024-03-26,AMZN,180.1500,180.4500,177.9500,178.3000,29659000
3149,2024-03-27,AMZN,179.8800,180.0000,177.3100,179.8300,33272600
3150,2024-03-28,AMZN,180.1700,181.7000,179.2600,180.3800,38051600
3151,2024-04-01,AMZN,180.7900,183.0000,179.9500,180.9700,29174500
3152,2024-04-02,AMZN,179.0700,180.7900,178.3800,180.6900,32611500
3153,2024-04-03,AMZN,179.9000,182.8700,179.8000,182.4100,31046600
3154,2024-04-04,AMZN,184.0000,185.1000,180.0000,180.0000,41624300
3155,2024-04-05,AMZN,182.3800,186.2700,181.9700,185.0700,42374000
3156,2024-04-08,AMZN,186.9000,187.2900,184.8100,185.1900,39221300
3157,2024-04-09,AMZN,187.2400,187.3400,184.2000,185.6700,36520100
3158,2024-04-10,AMZN,182.7700,186.2700,182.6700,185.9500,35879200
3159,2024-04-11,AMZN,186.7400,189.7700,185.5100,189.0500,40020700
3160,2024-04-12,AMZN,187.7200,188.3800,185.0800,186.1300,38608800
3161,2024-04-15,AMZN,187.4300,188.6900,183.0000,183.6200,48052400
3162,2024-04-16,AMZN,183.2700,184.8300,182.2600,183.3200,32891300
3163,2024-04-17,AMZN,184.3100,184.5700,179.8200,181.2800,31359700
3164,2024-04-18,AMZN,181.4700,182.3900,178.6500,179.2200,30723800
3165,2024-04-19,AMZN,178.7400,179.0000,173.4400,174.6300,56000700
3166,2024-04-22,AMZN,176.9400,178.8700,174.5600,177.2300,37924900
3167,2024-04-23,AMZN,178.0800,179.9300,175.9800,179.5400,37046500
3168,2024-04-24,AMZN,179.9400,180.3200,176.1800,176.5900,34185100
3169,2024-04-25,AMZN,169.6800,173.9200,166.3200,173.6700,49249400
3170,2024-04-26,AMZN,177.8000,180.8200,176.1300,179.6200,43919800
3171,2024-04-29,AMZN,182.7500,183.5300,179.3900,180.9600,54063900
3172,2024-04-30,AMZN,181.0900,182.9900,174.8000,175.0000,94639800
3173,2024-05-01,AMZN,181.6400,185.1500,176.5600,179.0000,94645100
3174,2024-05-02,AMZN,180.8500,185.1000,179.9100,184.7200,54303500
3175,2024-05-03,AMZN,186.9900,187.8700,185.4200,186.2100,39172000
3176,2024-05-06,AMZN,186.2800,188.7500,184.8000,188.7000,34725300
3177,2024-05-07,AMZN,188.9200,189.9400,187.3100,188.7600,34048900
3178,2024-05-08,AMZN,187.4400,188.4300,186.3900,188.0000,26136400
3179,2024-05-09,AMZN,188.8800,191.7000,187.4400,189.5000,43368400
3180,2024-05-10,AMZN,189.1600,189.8900,186.9300,187.4800,34141800
3181,2024-05-13,AMZN,188.0000,188.3100,185.3600,186.5700,24898600
3182,2024-05-14,AMZN,183.8200,187.7200,183.4500,187.0700,38698200
3183,2024-05-15,AMZN,185.9700,186.7200,182.7300,185.9900,75459900
3184,2024-05-16,AMZN,185.6000,187.3100,183.4600,183.6300,38834500
3185,2024-05-17,AMZN,183.7600,185.3000,183.3500,184.7000,33175700
3186,2024-05-20,AMZN,184.3400,186.6700,183.2800,183.5400,30511800
3187,2024-05-21,AMZN,182.3000,183.2600,180.7500,183.1500,50839100
3188,2024-05-22,AMZN,183.8800,185.2200,181.9700,183.1300,28148800
3189,2024-05-23,AMZN,183.6600,184.7600,180.0800,181.0500,33670200
3190,2024-05-24,AMZN,181.6500,182.4400,180.3000,180.7500,27471600
3191,2024-05-28,AMZN,179.9300,182.2400,179.4900,182.1500,29927000
3192,2024-05-29,AMZN,181.7000,184.0800,181.5500,182.0200,32009300
3193,2024-05-30,AMZN,181.3100,181.3400,178.3600,179.3200,29184700
3194,2024-05-31,AMZN,178.3000,179.2100,173.8700,176.4400,58903900
3195,2024-06-03,AMZN,177.7000,178.7000,175.9200,178.3400,30786600
3196,2024-06-04,AMZN,177.6400,179.8200,176.4400,179.3400,27198400
3197,2024-06-05,AMZN,180.1000,181.5000,178.7500,181.2800,32116400
3198,2024-06-06,AMZN,181.7500,185.0000,181.4900,185.0000,31371200
3199,2024-06-07,AMZN,184.9000,186.2900,183.3600,184.3000,28021500
3200,2024-06-10,AMZN,184.0700,187.2300,183.7900,187.0600,34445600
3201,2024-06-11,AMZN,187.0600,187.7700,184.5400,187.2300,27265100
3202,2024-06-12,AMZN,188.0200,188.3500,185.4300,186.8900,33984200
3203,2024-06-13,AMZN,186.0900,187.6700,182.6700,183.8300,39721500
3204,2024-06-14,AMZN,183.0800,183.7200,182.2300,183.6600,25456400
3205,2024-06-17,AMZN,182.5200,185.0000,181.2200,184.0600,35601900
3206,2024-06-18,AMZN,183.7400,184.2900,181.4300,182.8100,36659200
3207,2024-06-20,AMZN,182.9100,186.5100,182.7200,186.1000,44726800
3208,2024-06-21,AMZN,187.8000,189.2800,185.8600,189.0800,70792500
3209,2024-06-24,AMZN,189.3300,191.0000,185.3300,185.5700,50610400
3210,2024-06-25,AMZN,186.8100,188.8400,185.4200,186.3400,45366400
3211,2024-06-26,AMZN,186.9200,194.8000,186.2600,193.6100,65103900
3212,2024-06-27,AMZN,195.0100,199.8400,194.2000,197.8500,74397500
3213,2024-06-28,AMZN,197.7300,198.8500,192.5000,193.2500,76930200
3214,2024-07-01,AMZN,193.4900,198.3000,192.8200,197.2000,41192000
3215,2024-07-02,AMZN,197.2800,200.4300,195.9300,200.0000,45600000
3216,2024-07-03,AMZN,199.9400,200.0300,196.7600,197.5900,31597900
3217,2024-07-05,AMZN,198.6500,200.5500,198.1700,200.0000,39858900
3218,2024-07-08,AMZN,200.0400,201.2000,197.9600,199.2900,34767300
3219,2024-07-09,AMZN,199.4000,200.5700,199.0500,199.3400,32700100
3220,2024-07-10,AMZN,200.0000,200.1100,197.6900,199.7900,32883800
3221,2024-07-11,AMZN,200.0900,200.2700,192.8600,195.0500,44565000
3222,2024-07-12,AMZN,194.8000,196.4700,193.8300,194.4900,30598500
3223,2024-07-15,AMZN,194.5600,196.1900,190.8300,192.7200,40683200
3224,2024-07-16,AMZN,195.5900,196.6200,192.2400,193.0200,33994700
3225,2024-07-17,AMZN,191.3500,191.5800,185.9900,187.9300,48076100
3226,2024-07-18,AMZN,189.5900,189.6800,181.4500,183.7500,51043600
3227,2024-07-19,AMZN,181.1400,184.9300,180.1100,183.1300,43081800
3228,2024-07-22,AMZN,185.0000,185.0600,182.4800,182.5500,39931900
3229,2024-07-23,AMZN,184.1000,189.3900,183.5600,186.4100,47537700
3230,2024-07-24,AMZN,183.2000,185.4500,180.4100,180.8300,41532400
3231,2024-07-25,AMZN,182.9100,183.9000,176.8000,179.8500,44464200
3232,2024-07-26,AMZN,180.3900,183.1900,180.2400,182.5000,29506000
3233,2024-07-29,AMZN,183.8400,184.7500,182.3800,183.2000,33270100
3234,2024-07-30,AMZN,184.7200,185.8600,179.3800,181.7100,39508600
3235,2024-07-31,AMZN,185.0500,187.9400,184.4600,186.9800,41667300
3236,2024-08-01,AMZN,189.2900,190.6000,181.8700,184.0700,70435600
3237,2024-08-02,AMZN,166.7500,168.7700,160.5500,167.9000,141448400
3238,2024-08-05,AMZN,154.2100,162.9600,151.6100,161.0200,83149400
3239,2024-08-06,AMZN,161.7100,165.0800,158.5400,161.9300,59950800
3240,2024-08-07,AMZN,166.5500,167.5800,161.4300,162.7700,48408200
3241,2024-08-08,AMZN,165.1700,166.6900,162.5500,165.8000,44616200
3242,2024-08-09,AMZN,166.4000,168.5500,165.8500,166.9400,36401000
3243,2024-08-12,AMZN,168.1400,168.5500,166.1100,166.8000,30072800
3244,2024-08-13,AMZN,167.8100,171.0400,167.1000,170.2300,39237900
3245,2024-08-14,AMZN,172.1100,172.2800,168.8600,170.1000,28843800
3246,2024-08-15,AMZN,174.8600,177.9100,173.9900,177.5900,51698500
3247,2024-08-16,AMZN,177.0400,178.3400,176.2600,177.0600,31489200
3248,2024-08-19,AMZN,177.6400,178.3000,176.1600,178.2200,31129800
3249,2024-08-20,AMZN,177.9200,179.0100,177.4300,178.8800,26255200
3250,2024-08-21,AMZN,179.9200,182.3900,178.8900,180.1100,35599100
3251,2024-08-22,AMZN,181.3800,181.4700,175.6800,176.1300,32047500
3252,2024-08-23,AMZN,177.3400,178.9700,175.2400,177.0400,29150100
3253,2024-08-26,AMZN,176.7000,177.4700,174.3000,175.5000,22366200
3254,2024-08-27,AMZN,174.1500,174.8900,172.2500,173.1200,29842000
3255,2024-08-28,AMZN,173.6900,173.6900,168.9200,170.8000,29045000
3256,2024-08-29,AMZN,173.2200,174.2900,170.8100,172.1200,26407800
3257,2024-08-30,AMZN,172.7800,178.9000,172.6000,178.5000,43429400
3258,2024-09-03,AMZN,177.5500,178.2600,175.2600,176.2500,37817500
3259,2024-09-04,AMZN,174.4800,175.9800,172.5400,173.3300,30309200
3260,2024-09-05,AMZN,175.0000,179.8800,175.0000,177.8900,40170500
3261,2024-09-06,AMZN,177.2400,178.3800,171.1600,171.3900,41466500
3262,2024-09-09,AMZN,174.5300,175.8500,173.5100,175.4000,29037400
3263,2024-09-10,AMZN,177.4900,180.5000,176.7900,179.5500,36233800
3264,2024-09-11,AMZN,180.1000,184.9900,175.7300,184.5200,42564700
3265,2024-09-12,AMZN,184.8000,187.4100,183.5400,187.0000,33544200
3266,2024-09-13,AMZN,187.0000,188.5000,185.9100,186.4900,26495400
3267,2024-09-16,AMZN,185.2900,185.8100,183.3600,184.8900,26065500
3268,2024-09-17,AMZN,186.8500,189.4500,186.1400,186.8800,26091700
3269,2024-09-18,AMZN,186.4500,188.8000,185.0600,186.4300,34448100
3270,2024-09-19,AMZN,190.0400,190.9900,188.4700,189.8700,39543200
3271,2024-09-20,AMZN,190.2300,191.8400,187.4100,191.6000,100378600
3272,2024-09-23,AMZN,191.6400,194.4500,190.5700,193.8800,36993100
3273,2024-09-24,AMZN,194.2700,195.3700,190.1300,193.9600,43478900
3274,2024-09-25,AMZN,193.7500,193.9500,192.1600,192.5300,26391100
3275,2024-09-26,AMZN,194.3100,194.5300,189.5400,191.1600,36334900
3276,2024-09-27,AMZN,190.6800,190.9000,187.3400,187.9700,36002300
3277,2024-09-30,AMZN,187.1400,188.4900,184.6500,186.3300,41583900
3278,2024-10-01,AMZN,184.9000,186.1900,183.4500,185.1300,36044900
3279,2024-10-02,AMZN,184.4400,186.6000,184.0400,184.7600,23704100
3280,2024-10-03,AMZN,183.0500,183.4400,180.8800,181.9600,30204300
3281,2024-10-04,AMZN,185.7500,187.6000,183.6000,186.5100,40890300
3282,2024-10-07,AMZN,182.9500,183.6000,180.2500,180.8000,42364200
3283,2024-10-08,AMZN,181.9200,183.0900,180.9200,182.7200,26372100
3284,2024-10-09,AMZN,182.8200,185.8500,182.0500,185.1700,26343100
3285,2024-10-10,AMZN,187.1300,188.1300,185.8300,186.6500,27785000
3286,2024-10-11,AMZN,186.6300,189.9300,186.3000,188.8200,25751600
3287,2024-10-14,AMZN,189.7800,189.8300,187.3600,187.5400,22614400
3288,2024-10-15,AMZN,187.6300,188.4100,184.5800,187.6900,32178900
3289,2024-10-16,AMZN,187.0500,187.7800,185.6100,186.8900,23456800
3290,2024-10-17,AMZN,188.2200,188.9400,186.0000,187.5300,25039400
3291,2024-10-18,AMZN,187.1500,190.7400,186.2800,188.9900,37417700
3292,2024-10-21,AMZN,188.0500,189.4600,186.4000,189.0700,24639400
3293,2024-10-22,AMZN,188.3500,191.5200,186.9800,189.7000,29650600
3294,2024-10-23,AMZN,188.8500,189.1600,183.6900,184.7100,31937100
3295,2024-10-24,AMZN,185.2500,187.1100,183.8600,186.3800,21647400
3296,2024-10-25,AMZN,187.8500,190.4500,187.5300,187.8300,29362100
3297,2024-10-28,AMZN,189.5700,190.2100,188.2100,188.3900,27930800
3298,2024-10-29,AMZN,188.5800,191.4600,187.8200,190.8300,35690200
3299,2024-10-30,AMZN,194.7000,195.6100,192.4200,192.7300,37707600
3300,2024-10-31,AMZN,190.5100,190.6000,185.2300,186.4000,75146800
3301,2024-11-01,AMZN,199.0000,200.5000,197.0200,197.9300,99687800
3302,2024-11-04,AMZN,196.4500,197.3300,194.3100,195.7800,38492100
3303,2024-11-05,AMZN,196.0400,199.8200,195.9900,199.5000,30564800
3304,2024-11-06,AMZN,200.0100,207.5500,199.1400,207.0900,72292200
3305,2024-11-07,AMZN,207.4400,212.2500,207.1900,210.0500,52878400
3306,2024-11-08,AMZN,209.7200,209.9600,207.4400,208.1800,36075800
3307,2024-11-11,AMZN,208.5000,209.6500,205.5900,206.8400,35456000
3308,2024-11-12,AMZN,208.3700,209.5400,206.0100,208.9100,38942900
3309,2024-11-13,AMZN,209.4000,215.0900,209.1400,214.1000,46212900
3310,2024-11-14,AMZN,214.1600,215.9000,210.8800,211.4800,42620300
3311,2024-11-15,AMZN,206.7600,207.3400,199.6100,202.6100,86591100
3312,2024-11-18,AMZN,204.1500,204.6700,200.9500,201.7000,36409900
3313,2024-11-19,AMZN,199.3300,205.3000,198.7800,204.6100,31197900
3314,2024-11-20,AMZN,202.9800,203.1300,199.4500,202.8800,32769000
3315,2024-11-21,AMZN,203.4900,203.4900,195.7500,198.3800,58800000
3316,2024-11-22,AMZN,198.2500,199.2600,196.7500,197.1200,31530800
3317,2024-11-25,AMZN,199.2800,201.9500,199.0000,201.4500,40685700
3318,2024-11-26,AMZN,201.9000,208.0000,201.7900,207.8600,41673700
3319,2024-11-27,AMZN,206.9800,207.6400,205.0500,205.7400,28061600
3320,2024-11-29,AMZN,205.8300,208.2000,204.5900,207.8900,24892400
3321,2024-12-02,AMZN,209.9600,212.9900,209.5100,210.7100,39523200
3322,2024-12-03,AMZN,210.3100,214.0200,209.6500,213.4400,32214800
3323,2024-12-04,AMZN,215.9600,220.0000,215.7500,218.1600,48745700
3324,2024-12-05,AMZN,218.0300,222.1500,217.3000,220.5500,41140200
3325,2024-12-06,AMZN,220.7500,227.1500,220.6000,227.0300,44178100
3326,2024-12-09,AMZN,227.2100,230.0800,225.6700,226.0900,46819400
3327,2024-12-10,AMZN,226.0900,229.0600,224.2000,225.0400,31199900
3328,2024-12-11,AMZN,226.4100,231.2000,226.2600,230.2600,35385800
3329,2024-12-12,AMZN,229.8300,231.0900,227.6300,228.9700,28204100
3330,2024-12-13,AMZN,228.4000,230.2000,225.8600,227.4600,28768100
3331,2024-12-16,AMZN,230.2300,233.0000,228.0100,232.9300,37552100
3332,2024-12-17,AMZN,232.3900,232.7300,227.8500,231.1500,35948100
3333,2024-12-18,AMZN,230.7700,231.4000,220.1100,220.5200,43281400
3334,2024-12-19,AMZN,224.9100,226.0900,222.9200,223.2900,39918700
3335,2024-12-20,AMZN,219.8400,226.2100,218.7300,224.9200,88279200
3336,2024-12-23,AMZN,225.0100,226.8800,223.9000,225.0600,28070000
3337,2024-12-24,AMZN,226.9400,229.1400,226.1300,229.0500,15007500
3338,2024-12-26,AMZN,228.5000,228.5000,226.6700,227.0500,16146700
3339,2024-12-27,AMZN,225.6000,226.0300,220.9000,223.7500,27367100
3340,2024-12-30,AMZN,220.0600,223.0000,218.4300,221.3000,28321200
3341,2024-12-31,AMZN,222.9700,223.2300,218.9400,219.3900,24819700
3342,2025-01-02,AMZN,222.0300,225.1500,218.1900,220.2200,33956600
3343,2025-01-03,AMZN,222.5100,225.3600,221.6200,224.1900,27515600
3344,2025-01-06,AMZN,226.7800,228.8400,224.8400,227.6100,31849800
3345,2025-01-07,AMZN,227.9000,228.3800,221.4600,222.1100,28084200
3346,2025-01-08,AMZN,223.1900,223.5200,220.2000,222.1300,25033300
3347,2025-01-10,AMZN,221.4600,221.7100,216.5000,218.9400,36811500
3348,2025-01-13,AMZN,218.0600,219.4000,216.4700,218.4600,27262700
3349,2025-01-14,AMZN,220.4400,221.8200,216.2000,217.7600,24711700
3350,2025-01-15,AMZN,222.8300,223.5700,220.7500,223.3500,31291300
3351,2025-01-16,AMZN,224.4200,224.6500,220.3100,220.6600,24757300
3352,2025-01-17,AMZN,225.8400,226.5100,223.0800,225.9400,42370100
3353,2025-01-21,AMZN,228.9000,231.7800,226.9400,230.7100,39951500
3354,2025-01-22,AMZN,232.0200,235.4400,231.1900,235.0100,41448200
3355,2025-01-23,AMZN,234.1000,235.5200,231.5100,235.4200,26404400
3356,2025-01-24,AMZN,234.5000,236.4000,232.9300,234.8500,25890700
3357,2025-01-27,AMZN,226.2100,235.6100,225.8600,235.4200,49428300
3358,2025-01-28,AMZN,234.2900,241.7700,233.9800,238.1500,41587200
3359,2025-01-29,AMZN,239.0200,240.3900,236.1500,237.0700,26091700
3360,2025-01-30,AMZN,237.1400,237.9500,232.2200,234.6400,32020700
3361,2025-01-31,AMZN,236.5000,240.2900,236.4100,237.6800,36110200
3362,2025-02-03,AMZN,234.0600,239.2500,232.9000,237.4200,37285900
3363,2025-02-04,AMZN,239.0100,242.5200,238.0300,242.0600,29713800
3364,2025-02-05,AMZN,237.0200,238.3200,235.2000,236.1700,38727300
3365,2025-02-06,AMZN,238.0100,239.6600,236.0100,238.8300,60897100
3366,2025-02-07,AMZN,232.5000,234.8100,228.0600,229.1500,77539300
3367,2025-02-10,AMZN,230.5500,233.9200,229.2000,233.1400,35419900
3368,2025-02-11,AMZN,231.9200,233.4400,230.1300,232.7600,23713700
3369,2025-02-12,AMZN,230.4600,231.1800,228.1600,228.9300,32285200
3370,2025-02-13,AMZN,228.8500,230.4200,227.5200,230.3700,31346500
3371,2025-02-14,AMZN,229.2000,229.8900,227.2300,228.6800,27031100
3372,2025-02-18,AMZN,228.8200,229.3000,223.7200,226.6500,42975100
3373,2025-02-19,AMZN,225.5200,226.8300,223.7100,226.6300,28566700
3374,2025-02-20,AMZN,224.7800,225.1300,221.8100,222.8800,30001700
3375,2025-02-21,AMZN,223.2800,223.3100,214.7400,216.5800,55323900
3376,2025-02-24,AMZN,217.4500,217.7200,212.4200,212.7100,42387600
3377,2025-02-25,AMZN,211.6300,213.3400,204.1600,212.8000,58958000
3378,2025-02-26,AMZN,214.9400,218.1600,213.0900,214.3500,39120600
3379,2025-02-27,AMZN,218.3500,219.9700,208.3700,208.7400,40548600
3380,2025-02-28,AMZN,208.6500,212.6200,206.9900,212.2800,51771700
3381,2025-03-03,AMZN,213.3500,214.0100,202.5500,205.0200,42948400
3382,2025-03-04,AMZN,200.1100,206.8000,197.4300,203.8000,60853100
3383,2025-03-05,AMZN,204.8000,209.9800,203.2600,208.3600,38610100
3384,2025-03-06,AMZN,204.4000,205.7700,198.3000,200.7000,49863800
3385,2025-03-07,AMZN,199.4900,202.2700,192.5300,199.2500,59802800
3386,2025-03-10,AMZN,195.6000,196.7300,190.8500,194.5400,62350900
3387,2025-03-11,AMZN,193.9000,200.1800,193.4000,196.5900,54002900
3388,2025-03-12,AMZN,200.7200,201.5200,195.2900,198.8900,43679300
3389,2025-03-13,AMZN,198.1700,198.8800,191.8200,193.8900,41270800
3390,2025-03-14,AMZN,197.4100,198.6500,195.3200,197.9500,38096700
3391,2025-03-17,AMZN,198.7700,199.0000,194.3200,195.7400,47341800
3392,2025-03-18,AMZN,192.5200,194.0000,189.3800,192.8200,40414900
3393,2025-03-19,AMZN,193.3800,195.9700,191.9600,195.5400,39442900
3394,2025-03-20,AMZN,193.0700,199.3200,192.3000,194.9500,38921100
3395,2025-03-21,AMZN,192.9000,196.9900,192.5200,196.2100,60056900
3396,2025-03-24,AMZN,200.0000,203.6400,199.9500,203.2600,41625400
3397,2025-03-25,AMZN,203.6000,206.2100,203.2200,205.7100,31171200
3398,2025-03-26,AMZN,205.8400,206.0100,199.9300,201.1300,32855300
3399,2025-03-27,AMZN,200.8900,203.7900,199.2800,201.3600,27317700
3400,2025-03-28,AMZN,198.4200,199.2600,191.8800,192.7200,52548200
3401,2025-03-31,AMZN,188.1900,191.3300,184.4000,190.2600,63547600
3402,2025-04-01,AMZN,187.8600,193.9300,187.2000,192.1700,41267300
3403,2025-04-02,AMZN,187.6600,198.3400,187.6600,196.0100,53679200
3404,2025-04-03,AMZN,183.0000,184.1300,176.9200,178.4100,95553600
3405,2025-04-04,AMZN,167.1500,178.1400,166.0000,171.0000,123159400
3406,2025-04-07,AMZN,162.0000,183.4100,161.3800,175.2600,109327100
3407,2025-04-08,AMZN,185.2300,185.9000,168.5700,170.6600,87710400
3408,2025-04-09,AMZN,172.1200,192.6500,169.9300,191.1000,116804300
3409,2025-04-10,AMZN,185.4400,186.8700,175.8500,181.2200,68302000
3410,2025-04-11,AMZN,179.9300,185.8600,178.0000,184.8700,50594300
3411,2025-04-14,AMZN,186.8400,187.4400,179.2300,182.1200,48002500
3412,2025-04-15,AMZN,181.4100,182.3500,177.9300,179.5900,43642000
3413,2025-04-16,AMZN,176.2900,179.1000,171.4100,174.3300,51875300
3414,2025-04-17,AMZN,176.0000,176.2100,172.0000,172.6100,44726500
3415,2025-04-21,AMZN,169.6000,169.6000,165.2900,167.3200,48126100
3416,2025-04-22,AMZN,169.8500,176.7800,169.3500,173.1800,56607200
3417,2025-04-23,AMZN,183.4500,187.3800,180.1900,180.6000,63470100
3418,2025-04-24,AMZN,180.9200,186.7400,180.1800,186.5400,43763200
3419,2025-04-25,AMZN,187.6200,189.9400,185.4900,188.9900,36414300
3420,2025-04-28,AMZN,190.1100,190.2200,184.8900,187.7000,33224700
3421,2025-04-29,AMZN,183.9900,188.0200,183.6800,187.3900,41667300
3422,2025-04-30,AMZN,182.1700,185.0500,178.8500,184.4200,55176500
3423,2025-05-01,AMZN,190.6300,191.8100,187.5000,190.2000,74266000
3424,2025-05-02,AMZN,191.4400,192.8800,186.4000,189.9800,77903500
3425,2025-05-05,AMZN,186.5100,188.1800,185.5300,186.3500,35217500
3426,2025-05-06,AMZN,184.5700,187.9300,183.8500,185.0100,29314100
3427,2025-05-07,AMZN,185.5600,190.9900,185.0100,188.7100,43948600
3428,2025-05-08,AMZN,191.4300,194.3300,188.8200,192.0800,41043600
3429,2025-05-09,AMZN,193.3800,194.6900,191.1600,193.0600,29663100
3430,2025-05-12,AMZN,210.7100,211.6600,205.7500,208.6400,75205000
3431,2025-05-13,AMZN,211.0800,214.8400,210.1000,211.3700,56193700
3432,2025-05-14,AMZN,211.4500,211.9300,208.8500,210.2500,38492100
3433,2025-05-15,AMZN,206.4500,206.8800,202.6700,205.1700,64347300
3434,2025-05-16,AMZN,206.8500,206.8500,204.3700,205.5900,43318500
3435,2025-05-19,AMZN,201.6500,206.6200,201.2600,206.1600,34314800
3436,2025-05-20,AMZN,204.6300,205.5900,202.6500,204.0700,29470400
3437,2025-05-21,AMZN,201.6100,203.4600,200.0600,201.1200,42460900
3438,2025-05-22,AMZN,201.3800,205.7600,200.1600,203.1000,38938900
3439,2025-05-23,AMZN,198.9000,202.3700,197.8500,200.9900,33393500
3440,2025-05-27,AMZN,203.0900,206.6900,202.1900,206.0200,34892000
3441,2025-05-28,AMZN,205.9200,207.6600,204.4100,204.7200,28549800
3442,2025-05-29,AMZN,208.0300,208.8100,204.2300,205.7000,34650000
3443,2025-05-30,AMZN,204.8400,205.9900,201.7000,205.0100,51679400
3444,2025-06-02,AMZN,204.9800,207.0000,202.6800,206.6500,29113300
3445,2025-06-03,AMZN,207.1100,208.9500,205.0300,205.7100,33139100
3446,2025-06-04,AMZN,206.5500,208.1800,205.1800,207.2300,29915600
3447,2025-06-05,AMZN,209.5500,212.8100,207.5600,207.9100,51864200
3448,2025-06-06,AMZN,212.4000,213.8700,210.5000,213.5700,39832500
3449,2025-06-09,AMZN,214.7500,217.8500,212.8800,216.9800,38102500
3450,2025-06-10,AMZN,216.7800,217.6900,214.1500,217.6100,31303300
3451,2025-06-11,AMZN,217.4100,218.4000,212.8900,213.2000,39326000
3452,2025-06-12,AMZN,211.7800,213.5800,211.3300,213.2400,27640000
3453,2025-06-13,AMZN,209.9600,214.0500,209.6200,212.1000,29337800
3454,2025-06-16,AMZN,212.3100,217.0600,211.6000,216.1000,33284200
3455,2025-06-17,AMZN,215.2000,217.4100,214.5600,214.8200,32086300
3456,2025-06-18,AMZN,215.0900,217.9600,212.3400,212.5200,44360500
3457,2025-06-20,AMZN,214.6800,214.8900,208.2700,209.6900,75350700
3458,2025-06-23,AMZN,209.7900,210.3900,207.3100,208.4700,37311700
3459,2025-06-24,AMZN,212.1400,214.3400,211.0500,212.7700,38378800
3460,2025-06-25,AMZN,214.6200,216.0300,211.1100,211.9900,31755700
3461,2025-06-26,AMZN,213.1200,218.0400,212.0100,217.1200,50480800
3462,2025-06-27,AMZN,219.9200,223.3000,216.7400,223.3000,119217100
3463,2025-06-30,AMZN,223.5200,223.8200,219.1200,219.3900,58887800
3464,2025-07-01,AMZN,219.5000,221.8800,217.9300,220.4600,39256800
3465,2025-07-02,AMZN,219.7300,221.6000,219.0600,219.9200,30894200
3466,2025-07-03,AMZN,221.8200,224.0100,221.3600,223.4100,29632400
3467,2025-07-07,AMZN,223.0000,224.2900,222.3700,223.4700,36604100
3468,2025-07-08,AMZN,223.9200,224.0000,218.4300,219.3600,45692000
3469,2025-07-09,AMZN,221.0700,224.2900,220.4700,222.5400,38155100
3470,2025-07-10,AMZN,221.5500,222.7900,219.7000,222.2600,30370600
3471,2025-07-11,AMZN,223.5800,226.6800,222.3700,225.0200,50518300
3472,2025-07-14,AMZN,225.0700,226.6600,224.2400,225.6900,35702600
3473,2025-07-15,AMZN,226.2000,227.2700,225.4600,226.3500,34907300
3474,2025-07-16,AMZN,225.8800,226.1000,222.1800,223.1900,39535900
3475,2025-07-17,AMZN,223.3200,224.5000,222.5100,223.8800,31855800
3476,2025-07-18,AMZN,225.1400,226.4000,222.9800,226.1300,37833800
3477,2025-07-21,AMZN,225.8400,229.6900,225.6500,229.3000,40297600
3478,2025-07-22,AMZN,229.6800,230.0000,226.3500,227.4700,37483700
3479,2025-07-23,AMZN,228.4700,228.7900,227.0900,228.2900,28294900
3480,2025-07-24,AMZN,229.1700,236.0000,228.6400,232.2300,42902300
3481,2025-07-25,AMZN,232.2200,232.4800,231.1800,231.4400,28712100
3482,2025-07-28,AMZN,233.3500,234.2900,232.2500,232.7900,26300100
3483,2025-07-29,AMZN,234.1500,234.7200,230.3100,231.0100,33716200
3484,2025-07-30,AMZN,231.6400,231.8000,229.2900,230.1900,32993300
3485,2025-07-31,AMZN,235.7700,236.5300,231.4000,234.1100,104357300
3486,2025-08-01,AMZN,217.2100,220.4400,212.8000,214.7500,122258800
3487,2025-08-04,AMZN,217.4000,217.4400,211.4200,211.6500,77890100
3488,2025-08-05,AMZN,213.0500,216.3000,212.8700,213.7500,51505100
3489,2025-08-06,AMZN,214.7000,222.6500,213.7400,222.3100,54823000
3490,2025-08-07,AMZN,221.0000,226.2200,220.8200,223.1300,40603500
3491,2025-08-08,AMZN,223.1400,223.8000,221.8800,222.6900,32970500
3492,2025-08-11,AMZN,221.7800,223.0500,220.4000,221.3000,31646200
3493,2025-08-12,AMZN,222.2300,223.5000,219.0500,221.4700,37185800
3494,2025-08-13,AMZN,222.0000,224.9200,222.0000,224.5600,36508300
3495,2025-08-14,AMZN,227.4000,233.1100,227.0200,230.9800,61545800
3496,2025-08-15,AMZN,232.5800,234.0800,229.8100,231.0300,39649200
3497,2025-08-18,AMZN,230.2300,231.9100,228.3300,231.4900,25248900
3498,2025-08-19,AMZN,230.0900,230.5300,227.1200,228.0100,29891000
3499,2025-08-20,AMZN,227.1200,227.2700,220.9200,223.8100,36604300
3500,2025-08-21,AMZN,222.6500,222.7800,220.5000,221.9500,32140500
3501,2025-08-22,AMZN,222.7900,229.1400,220.8200,228.8400,37315300
3502,2025-08-25,AMZN,227.3500,229.6000,227.3100,227.9400,22633700
3503,2025-08-26,AMZN,227.1100,229.0000,226.0200,228.7100,26105400
3504,2025-08-27,AMZN,228.5700,229.8700,227.8100,229.1200,21254500
3505,2025-08-28,AMZN,229.0100,232.7100,228.0200,231.6000,33679600
3506,2025-08-29,AMZN,231.3200,231.8100,228.1600,229.0000,26199200
3507,2025-09-02,AMZN,223.5200,226.1700,221.8300,225.3400,38843900
3508,2025-09-03,AMZN,225.2100,227.1700,224.3600,225.9900,29223100
3509,2025-09-04,AMZN,231.1900,235.7700,230.7800,235.6800,59391800
3510,2025-09-05,AMZN,235.1900,236.0000,231.9300,232.3300,36721800
3511,2025-09-08,AMZN,234.9400,237.6000,233.7500,235.8400,33947100
3512,2025-09-09,AMZN,236.3600,238.8500,235.0800,238.2400,27033800
3513,2025-09-10,AMZN,237.5200,237.6800,229.1000,230.3300,60907700
3514,2025-09-11,AMZN,231.4900,231.5300,229.3400,229.9500,37485600
3515,2025-09-12,AMZN,230.3500,230.7900,226.2900,228.1500,38496200
3516,2025-09-15,AMZN,230.6300,233.7300,230.3200,231.4300,33243300
3517,2025-09-16,AMZN,232.9400,235.9000,232.2300,234.0500,38203900
3518,2025-09-17,AMZN,233.7700,234.3000,228.7100,231.6200,42815200
3519,2025-09-18,AMZN,232.5000,233.4800,228.7900,231.2300,37931700
3520,2025-09-19,AMZN,232.3700,234.1600,229.7000,231.4800,97943200
3521,2025-09-22,AMZN,230.5600,230.5700,227.5100,227.6300,45914500
3522,2025-09-23,AMZN,227.8300,227.8600,220.0700,220.7100,70956200
3523,2025-09-24,AMZN,224.1500,224.5600,219.4500,220.2100,49509000
3524,2025-09-25,AMZN,220.0600,220.6700,216.4700,218.1500,52226300
3525,2025-09-26,AMZN,219.0800,221.0500,218.0200,219.7800,41650100
3526,2025-09-29,AMZN,220.0800,222.6000,219.3000,222.1700,44259200
3527,2025-09-30,AMZN,222.0300,222.2400,217.8900,219.5700,48396400
3528,2025-10-01,AMZN,217.3600,222.1500,216.6100,220.6300,43933800
3529,2025-10-02,AMZN,221.0100,222.8100,218.9500,222.4100,41258600
3530,2025-10-03,AMZN,223.4400,224.2000,219.3400,219.5100,43639000
3531,2025-10-06,AMZN,221.0000,221.7300,216.0300,220.9000,43690900
3532,2025-10-07,AMZN,220.8800,222.8900,220.1700,221.7800,31194700
3533,2025-10-08,AMZN,222.9200,226.7300,221.1900,225.2200,46686000
3534,2025-10-09,AMZN,225.0000,228.2100,221.7500,227.7400,46412100
3535,2025-10-10,AMZN,226.2100,228.2500,216.0000,216.3700,72367500
3536,2025-10-13,AMZN,217.7000,220.6800,217.0400,220.0700,37809700
3537,2025-10-14,AMZN,215.5600,219.3200,212.6000,216.3900,45665600
3538,2025-10-15,AMZN,216.6200,217.7100,212.6600,215.5700,45909500
3539,2025-10-16,AMZN,215.6700,218.5900,212.8100,214.4700,42414600
3540,2025-10-17,AMZN,214.5600,214.8000,211.0300,213.0400,45986900
3541,2025-10-20,AMZN,213.8800,216.6900,213.5900,216.4800,38882800
3542,2025-10-21,AMZN,218.4300,223.3200,217.9900,222.0300,50494600
3543,2025-10-22,AMZN,219.3000,220.0100,216.5200,217.9500,44308500
3544,2025-10-23,AMZN,219.0000,221.3000,218.1800,221.0900,31540000
3545,2025-10-24,AMZN,221.9700,225.4000,221.9000,224.2100,38685100
3546,2025-10-27,AMZN,227.6600,228.4000,225.5400,226.9700,38267000
3547,2025-10-28,AMZN,228.2200,231.4900,226.2100,229.2500,47100000
3548,2025-10-29,AMZN,231.6700,232.8200,227.7600,230.3000,52036200
3549,2025-10-30,AMZN,227.0600,228.4400,222.7500,222.8600,102252900
3550,2025-10-31,AMZN,250.1000,250.5000,243.9800,244.2200,166340800
3551,2025-11-03,AMZN,255.3600,258.6000,252.9000,254.0000,95997800
3552,2025-11-04,AMZN,250.3800,257.0100,248.6600,249.3200,51546300
3553,2025-11-05,AMZN,249.0300,251.0000,246.1600,250.2000,40610700
3554,2025-11-06,AMZN,249.1600,250.3800,242.1700,243.0400,46004200
3555,2025-11-07,AMZN,242.9000,244.9000,238.4900,244.4100,46374300
3556,2025-11-10,AMZN,248.3400,251.7500,245.5900,248.4000,36476500
3557,2025-11-11,AMZN,248.4100,249.7500,247.2300,249.1000,23564100
3558,2025-11-12,AMZN,250.2400,250.3700,243.7500,244.2000,31190100
3559,2025-11-13,AMZN,243.0500,243.7500,236.5000,237.5800,41401700
3560,2025-11-14,AMZN,235.0600,238.7300,232.8900,234.6900,38956700
3561,2025-11-17,AMZN,233.2500,234.6000,229.1900,232.8700,59919000
3562,2025-11-18,AMZN,228.1000,230.2000,222.4200,222.5500,60608400
3563,2025-11-19,AMZN,223.7400,223.7400,218.5200,222.6900,58335600
3564,2025-11-20,AMZN,227.0500,227.4100,216.7400,217.1400,50309000
3565,2025-11-21,AMZN,216.3500,222.2100,215.1800,220.6900,68490500
3566,2025-11-24,AMZN,222.5600,227.3300,222.2700,226.2800,54318400
3567,2025-11-25,AMZN,226.3800,230.5200,223.8000,229.6700,39379300
3568,2025-11-26,AMZN,230.7400,231.7500,228.7700,229.1600,38497900
3569,2025-11-28,AMZN,231.2400,233.2900,230.2200,233.2200,20292300
3570,2025-12-01,AMZN,233.2200,235.8000,232.2500,233.8800,42904000
3571,2025-12-02,AMZN,235.0100,238.9700,233.5500,234.4200,45785400
3572,2025-12-03,AMZN,233.3500,233.3800,230.6100,232.3800,35495100
3573,2025-12-04,AMZN,232.7700,233.5000,226.8000,229.1100,45683200
3574,2025-12-05,AMZN,230.3200,231.2400,228.5500,229.5300,33117400
3575,2025-12-08,AMZN,229.5900,230.8300,226.2700,226.8900,35019200
3576,2025-12-09,AMZN,226.8400,228.5700,225.1100,227.9200,25841700
3577,2025-12-10,AMZN,228.8100,232.4200,228.4600,231.7800,38790700
3578,2025-12-11,AMZN,230.7100,232.1100,228.6900,230.2800,28249600
3579,2025-12-12,AMZN,229.8700,230.0800,225.1200,226.1900,35639100
3580,2025-12-15,AMZN,227.9300,227.9300,221.5000,222.5400,47286100
3581,2025-12-16,AMZN,223.0400,223.6600,221.1300,222.5600,39298900
3582,2025-12-17,AMZN,224.6600,225.1900,220.9900,221.2700,44034400
3583,2025-12-18,AMZN,225.7100,229.2300,224.4100,226.7600,50272400
3584,2025-12-19,AMZN,226.7600,229.1300,225.5800,227.3500,85544400
3585,2025-12-22,AMZN,228.6100,229.4800,226.7100,228.4300,32261300
3586,2025-12-23,AMZN,229.0600,232.4500,228.7300,232.1400,29230200
3587,2025-12-24,AMZN,232.1300,232.9500,231.3300,232.3800,11420500
3588,2025-12-26,AMZN,232.0400,232.9900,231.1800,232.5200,15994700
3589,2025-12-29,AMZN,231.9400,232.6000,230.7700,232.0700,19797900
3590,2025-12-30,AMZN,231.2100,232.7700,230.2000,232.5300,21910500
3591,2025-12-31,AMZN,232.9100,232.9900,230.1200,230.8200,24383700
3592,2026-01-02,AMZN,231.3400,235.4600,224.7000,226.5000,51456200
3593,2026-01-05,AMZN,228.8400,234.0000,227.1800,233.0600,49733300
3594,2026-01-06,AMZN,232.1000,243.1800,232.0700,240.9300,53764700
3595,2026-01-07,AMZN,239.6100,245.2900,239.5200,241.5600,42236500
3596,2026-01-08,AMZN,243.0600,246.4100,241.8800,246.2900,39509800
3597,2026-01-09,AMZN,244.5700,247.8600,242.2400,247.3800,34560000
3598,2026-01-12,AMZN,246.7300,248.9400,245.9600,246.4700,35867800
3599,2026-01-13,AMZN,246.5300,247.6600,240.2500,242.6000,38371800
3600,2026-01-14,AMZN,241.1500,241.2800,236.2200,236.6500,41410600
3601,2026-01-15,AMZN,239.3100,240.6500,236.6300,238.1800,43003600
3602,2026-01-16,AMZN,239.0900,239.5700,236.4100,239.1200,45888300
3603,2026-01-20,AMZN,233.7600,235.0900,229.3400,231.0000,47737900
3604,2026-01-21,AMZN,231.0900,232.3000,226.8800,231.3100,47276100
3605,2026-01-22,AMZN,234.0500,235.7200,230.9000,234.3400,31913300
3606,2026-01-23,AMZN,234.9600,240.4500,234.5700,239.1600,33778500
3607,2026-01-26,AMZN,239.9800,240.9500,237.5400,238.4200,32825500
3608,2026-01-27,AMZN,239.6900,244.8800,238.0800,244.6800,38029200
3609,2026-01-28,AMZN,246.3700,247.7800,241.5300,243.0100,40882700
3610,2026-01-29,AMZN,242.8200,243.0000,236.7400,241.7300,47229600
3611,2026-01-30,AMZN,239.8900,243.3200,237.6400,239.3000,46585000
3612,2026-02-02,AMZN,238.3100,245.6300,238.1700,242.9600,37546100
3613,2026-02-03,AMZN,244.9800,246.3500,235.4500,238.6200,53831300
3614,2026-02-04,AMZN,238.8600,238.8600,231.8200,232.9900,51299900
3615,2026-02-05,AMZN,224.9100,226.3100,220.3800,222.6900,103509200
3616,2026-02-06,AMZN,202.7000,211.4400,200.3100,210.3200,179210900
3617,2026-02-09,AMZN,208.9700,212.8100,203.3500,208.7200,91178400
3618,2026-02-10,AMZN,208.8000,212.6500,206.4100,206.9600,67175000
3619,2026-02-11,AMZN,208.0600,208.5700,202.4900,204.0800,65545500
3620,2026-02-12,AMZN,203.9600,203.9600,197.5600,199.6000,83975400
3621,2026-02-13,AMZN,198.8800,201.1600,197.2800,198.7900,66321600
3622,2026-02-17,AMZN,198.1300,201.7400,196.0000,201.1500,69879200
3623,2026-02-18,AMZN,202.0700,206.8600,201.5100,204.7900,51003300
3624,2026-02-19,AMZN,203.8000,205.6400,202.8100,204.8600,35669600
3625,2026-02-20,AMZN,204.7600,211.1700,203.7500,210.1100,65881600
3626,2026-02-23,AMZN,208.1000,208.4300,203.1100,205.2700,53581500
3627,2026-02-24,AMZN,205.4700,210.3600,203.2500,208.5600,41137200
3628,2026-02-25,AMZN,210.4600,211.5900,208.9300,210.6400,41346400
3629,2026-02-26,AMZN,210.7300,211.0500,205.3500,207.9200,47756800
3630,2026-02-27,AMZN,206.8300,210.3300,205.2000,210.0000,57422800
3631,2026-03-02,AMZN,204.5500,209.7300,203.4600,208.3900,46001000
3632,2026-03-03,AMZN,203.1000,209.1800,202.4800,208.7300,43184900
3633,2026-03-04,AMZN,210.4700,217.5400,210.1500,216.8200,54731100
3634,2026-03-05,AMZN,215.9800,220.4700,215.5900,218.9400,60943400
3635,2026-03-06,AMZN,214.9900,217.3200,212.5300,213.2100,51152700
3636,2026-03-09,AMZN,210.4500,213.8200,207.1100,213.4900,54642900
3637,2026-03-10,AMZN,214.1900,215.6500,212.4300,214.3300,35678800
3638,2026-03-11,AMZN,215.7100,217.0000,211.3500,212.6500,34199300
3639,2026-03-12,AMZN,210.3900,211.7100,208.1500,209.5300,44349500
3640,2026-03-13,AMZN,209.6100,210.5600,206.2200,207.6700,35662100
3641,2026-03-16,AMZN,208.3500,212.7200,207.4500,211.7400,42209300
3642,2026-03-17,AMZN,212.8200,215.7000,212.4300,215.2000,44969900
3643,2026-03-18,AMZN,213.9300,215.1400,208.8300,209.8700,37846600
3644,2026-03-19,AMZN,207.0600,209.1200,206.0500,208.7600,36440600
3645,2026-03-20,AMZN,207.4000,207.5400,204.3200,205.3700,63694600
3646,2026-03-23,AMZN,209.7900,212.8000,209.5100,210.1400,44277400
3647,2026-03-24,AMZN,207.9500,209.3500,206.6400,207.2400,35351400
3648,2026-03-25,AMZN,211.5600,213.0700,209.9000,211.7100,36388800
3649,2026-03-26,AMZN,210.6100,212.8900,207.1200,207.5400,46746000
3650,2026-03-27,AMZN,206.4600,206.6000,199.1400,199.3400,56009800
3651,2026-03-30,AMZN,201.4800,203.8000,199.9800,200.9500,46373800
3652,2026-03-31,AMZN,204.8500,210.2800,204.1400,208.2700,58470100
3653,2026-04-01,AMZN,210.4400,213.5800,208.1900,210.5700,45955400
3654,2026-04-02,AMZN,206.5400,212.2100,204.9000,209.7700,31453000
3655,2026-04-06,AMZN,209.8000,212.9500,209.5900,212.7900,25385500
3656,2026-04-07,AMZN,211.2400,213.9700,209.0800,213.7700,28154600
3657,2026-04-08,AMZN,223.7900,226.1000,219.6200,221.2500,51092700
3658,2026-04-09,AMZN,225.2300,233.8000,223.2700,233.6500,65964200
3659,2026-04-10,AMZN,235.3000,240.4300,235.2100,238.3800,56912800
3660,2026-04-13,AMZN,237.4500,240.0000,235.7500,239.8900,42166200
3661,2026-04-14,AMZN,241.7800,252.1800,241.7800,249.0200,72685000
3662,2026-04-15,AMZN,249.2500,250.4400,247.2000,248.5000,43045200
3663,2026-04-16,AMZN,248.5100,250.0000,244.2000,249.7000,41895700
3664,2026-04-17,AMZN,254.9900,256.1800,250.1100,250.5600,52029300
3665,2026-04-20,AMZN,249.1900,250.1800,245.3700,248.2800,39463100
3666,2026-04-21,AMZN,255.0900,255.0900,249.1000,249.9100,42922400
3667,2026-04-22,AMZN,252.4400,255.9400,250.3300,255.3600,36065100
3668,2026-04-23,AMZN,255.3900,258.7900,253.0700,255.0800,39091400
3669,2026-04-24,AMZN,259.9800,264.5000,257.6900,263.9900,53777400
3670,2026-04-27,AMZN,263.4600,264.1500,260.3400,261.1200,44906800
3671,2026-04-28,AMZN,258.3900,261.0300,256.6300,259.7000,42204400
3672,2026-04-29,AMZN,257.9900,265.9100,257.7000,263.0400,72367900
3673,2026-04-30,AMZN,273.1700,273.8800,256.1600,265.0600,100974900
3674,2026-05-01,AMZN,265.5800,273.3200,262.7400,268.2600,50825200
3675,2026-05-04,AMZN,268.8000,276.1000,268.8000,272.0500,49083700
3676,2026-05-05,AMZN,276.0800,278.5600,272.3800,273.5500,41908500
3677,2026-05-06,AMZN,272.8900,277.8000,272.2100,274.9900,44552000
3678,2026-05-07,AMZN,275.0200,276.6300,270.4900,271.1700,35892900
3679,2026-05-08,AMZN,271.6300,274.0000,269.9500,272.6800,34732700
3680,2026-05-11,AMZN,269.8400,273.6300,268.4800,268.9900,38176700
3681,2026-05-12,AMZN,266.7100,267.6500,262.6300,265.8200,36776200
3682,2026-05-13,AMZN,264.4300,270.7200,263.2000,270.1300,39670900
3683,2026-05-14,AMZN,269.1500,270.7800,266.6300,267.2200,31338400
3684,2026-05-15,AMZN,262.5000,264.3600,260.8900,264.1400,40770300
3685,2026-05-18,AMZN,263.8700,268.8500,262.5300,264.8600,33690800
3686,2026-05-19,AMZN,262.0400,262.2500,255.1900,259.3400,40340700
3687,2026-05-20,AMZN,260.0500,265.5800,259.5300,265.0100,34933200
3688,2026-05-21,AMZN,263.5000,269.4900,261.3700,268.4600,36591700
3689,2026-05-22,AMZN,268.6600,269.7900,266.2400,266.3200,27535500
3690,2026-05-26,AMZN,267.9400,269.3000,262.0700,265.2900,38028100
3691,2026-05-27,AMZN,266.1500,272.4100,265.7000,271.8500,40061900
3692,2026-05-28,AMZN,272.2700,274.5000,267.4400,274.0000,40630400
3693,2026-05-29,AMZN,271.2900,274.7500,269.6400,270.6400,54749600
3694,2026-06-01,AMZN,266.2900,266.6300,260.7000,261.2600,53604400
3695,2026-06-02,AMZN,257.1600,261.2000,254.3700,256.5200,41811000
3696,2026-06-03,AMZN,254.7000,257.0900,247.7100,250.0200,51394200
3697,2026-06-04,AMZN,253.1200,255.8300,251.7500,253.7900,35609800
3698,2026-06-05,AMZN,254.2600,256.3800,245.7800,246.0300,55607800
3699,2026-06-08,AMZN,246.6800,249.4200,243.3600,245.2200,33899500
3700,2026-06-09,AMZN,247.7300,250.4300,240.4000,244.1900,44425400
3701,2026-06-10,AMZN,243.6100,244.0700,237.4500,238.0000,38590200
3702,2026-06-11,AMZN,237.9300,242.1400,235.1800,241.5100,41335400
3703,2026-06-12,AMZN,243.2100,243.3600,233.5900,238.5500,51186600
3704,2026-06-15,AMZN,245.0200,247.8100,244.7300,246.0200,41711600
3705,2026-06-16,AMZN,248.0000,249.5100,245.4500,246.0000,35187400
3706,2026-06-17,AMZN,244.9000,245.9100,236.0000,237.5000,44780800
3707,2026-06-18,AMZN,240.1200,245.7300,236.0200,244.3900,75624400
3708,2026-06-22,AMZN,240.0800,242.0000,232.2400,232.7900,68388500
3709,2026-06-23,AMZN,232.5500,236.8700,232.0000,234.1100,60492600
3710,2026-06-24,AMZN,233.8500,242.4200,232.9500,234.2700,70282600
3711,2026-06-25,AMZN,232.0200,232.3200,225.5500,227.0100,77674100
3712,2026-06-26,AMZN,227.2100,233.9000,226.1300,232.6900,248372100
3713,2026-06-29,AMZN,234.2200,249.7100,233.8000,240.1400,77619200
3714,2026-06-30,AMZN,237.3500,241.5400,237.1700,238.3400,66228300
3715,2026-07-01,AMZN,239.7500,244.9000,234.9000,241.7000,53829900
3716,2026-07-02,AMZN,241.6100,246.7200,241.0800,242.6700,48246400
3717,2026-07-06,AMZN,243.8000,246.0400,240.8800,244.1600,40044000
3718,2026-07-07,AMZN,246.9800,248.9300,242.7000,245.9800,40579600
3719,2026-07-08,AMZN,244.2700,244.8000,240.5200,243.6200,29653000
3720,2026-07-09,AMZN,239.8200,247.5000,238.2500,247.0400,38091700
3721,2026-07-10,AMZN,249.5500,251.0300,244.4100,245.3400,31654000
3722,2026-07-13,AMZN,244.6800,249.6500,244.1800,247.3100,34636100
3723,2026-07-14,AMZN,245.5500,248.5600,243.8000,247.4900,30108100
3724,2026-07-15,AMZN,249.7500,256.4800,249.7500,254.9600,45240600
3725,2026-07-16,AMZN,255.1200,258.0800,248.0000,249.8900,45343700
3726,2026-07-17,AMZN,244.4600,250.2400,243.5900,247.2300,43572400
3727,2026-07-20,AMZN,248.7600,252.8900,248.0000,249.9900,32406500
3728,2026-07-21,AMZN,249.1100,249.3400,246.4200,247.5500,27732100
3729,2026-07-22,AMZN,248.2700,248.4500,242.4500,244.8500,34112700
3730,2026-07-23,AMZN,236.2600,238.3500,232.0500,233.6600,47465300
3731,2026-07-24,AMZN,234.3800,234.9500,231.3400,232.1100,35017400
3732,2026-07-27,AMZN,235.6700,235.8900,230.9900,231.3900,34999500
3733,2026-07-28,AMZN,232.8500,233.1100,228.1000,230.8600,44521600
3734,2026-07-29,AMZN,229.3200,232.8200,226.1600,226.6500,44957500
3735,2026-07-30,AMZN,233.3500,239.8200,231.0600,235.5000,101839800
3736,2026-07-31,AMZN,265.0000,273.2300,262.0100,271.5800,129054800
3737,2026-08-03,AMZN,278.2900,287.2000,278.0000,284.0200,90830200
3738,2026-08-04,AMZN,276.0600,281.0700,275.8200,277.4200,69748100
3739,2026-08-05,AMZN,281.5900,282.7900,270.7300,272.6500,45119800
3740,2026-08-06,AMZN,272.7700,275.4800,271.0600,272.2600,30672900
3741,2026-08-07,AMZN,272.8700,278.3100,272.7500,274.4800,33861400
3742,2026-08-10,AMZN,274.0100,280.1400,273.6000,278.0900,35731900
3743,2026-08-11,AMZN,278.6900,278.8400,271.3600,272.2700,31895700
3744,2026-08-12,AMZN,273.1800,273.4600,267.1000,267.2800,29941100
3745,2026-08-13,AMZN,267.2400,269.5800,264.7100,265.1300,32170200
3746,2026-08-14,AMZN,264.8800,265.8100,262.4200,262.6500,27251700
3747,2026-08-17,AMZN,265.4400,265.7500,258.3400,261.3100,43896500
3748,2026-08-18,AMZN,260.6300,262.1800,257.7300,259.4500,33171300
3749,2026-08-19,AMZN,260.8500,266.4000,258.5800,265.8400,35762400
3750,2026-08-20,AMZN,263.1600,263.8400,259.5200,260.1100,28374100
3751,2026-08-21,AMZN,260.7400,261.0900,257.0400,258.6300,35723000
3752,2026-08-24,AMZN,259.6000,263.3200,259.0500,262.0700,28070500
3753,2026-08-25,AMZN,262.5100,263.8900,259.8300,261.0600,25550200
3754,2026-08-26,AMZN,261.2800,262.0500,258.2400,260.2800,21528400
3755,2026-08-27,AMZN,259.2300,259.6600,255.0200,256.2600,35927800
3756,2026-08-28,AMZN,258.3200,267.5600,257.7800,266.4300,49547400
3757,2026-08-31,AMZN,263.8300,264.3600,257.1200,259.7700,46089400
3758,2026-09-01,AMZN,254.8300,255.8200,251.9300,254.9200,31700100
3759,2026-09-02,AMZN,254.2600,256.2400,253.4000,254.9800,24013300
3760,2026-09-03,AMZN,256.2000,259.5000,256.0000,258.9000,26891500
3761,2026-09-04,AMZN,259.0700,261.1200,255.2900,258.5100,30749900
3762,2026-09-08,AMZN,256.6800,257.9900,254.7500,256.9700,29398000
3763,2026-09-09,AMZN,253.1200,254.6900,250.6500,252.4000,33055500
3764,2026-09-10,AMZN,250.1100,253.1500,249.5800,251.8900,25484800
3765,2026-09-11,AMZN,254.0900,257.5900,253.1400,256.7800,26682800
3766,2021-09-13,TSLA,246.7367,248.2600,236.2833,247.6667,68857500
3767,2021-09-14,TSLA,247.5233,251.4900,245.4667,248.1633,55574700
3768,2021-09-15,TSLA,248.3333,252.2867,246.1200,251.9433,46073100
3769,2021-09-16,TSLA,250.9433,252.9700,249.2033,252.3300,41770200
3770,2021-09-17,TSLA,252.3833,253.6800,250.0000,253.1633,84612600
3771,2021-09-20,TSLA,244.8533,247.3333,239.5400,243.3900,74273100
3772,2021-09-21,TSLA,244.9300,248.2467,243.4800,246.4600,48992100
3773,2021-09-22,TSLA,247.8433,251.2233,246.3733,250.6467,45378900
3774,2021-09-23,TSLA,251.6667,252.7333,249.3067,251.2133,35842500
3775,2021-09-24,TSLA,248.6300,258.2667,248.1867,258.1300,64119000
3776,2021-09-27,TSLA,257.7067,266.3333,256.4367,263.7867,84212100
3777,2021-09-28,TSLA,262.4000,265.2133,255.3933,259.1867,76144200
3778,2021-09-29,TSLA,259.9333,264.5000,256.8933,260.4367,62828700
3779,2021-09-30,TSLA,260.3333,263.0433,258.3333,258.4933,53868000
3780,2021-10-01,TSLA,259.4667,260.2600,254.5300,258.4067,51094200
3781,2021-10-04,TSLA,265.5000,268.9900,258.7067,260.5100,91449900
3782,2021-10-05,TSLA,261.6000,265.7700,258.0667,260.1967,55297800
3783,2021-10-06,TSLA,258.7333,262.2200,257.7400,260.9167,43898400
3784,2021-10-07,TSLA,261.8200,268.3333,261.1267,264.5367,57587400
3785,2021-10-08,TSLA,265.4033,265.4600,260.3033,261.8300,50215800
3786,2021-10-11,TSLA,262.5500,267.0800,261.8333,263.9800,42600900
3787,2021-10-12,TSLA,266.9767,270.7733,265.5233,268.5733,66060000
3788,2021-10-13,TSLA,270.1567,271.8033,268.5933,270.3600,42360300
3789,2021-10-14,TSLA,271.8300,273.4167,271.1167,272.7733,36741600
3790,2021-10-15,TSLA,274.5800,281.0700,274.1167,281.0100,56773800
3791,2021-10-18,TSLA,283.9300,291.7533,283.8233,290.0367,72621600
3792,2021-10-19,TSLA,292.5100,292.6500,287.5033,288.0900,52143300
3793,2021-10-20,TSLA,288.4500,289.8300,285.7933,288.6000,42096300
3794,2021-10-21,TSLA,285.3333,300.0000,285.1667,298.0000,94444500
3795,2021-10-22,TSLA,298.5000,303.3333,296.9867,303.2267,68642400
3796,2021-10-25,TSLA,316.8433,348.3400,314.7333,341.6200,188556300
3797,2021-10-26,TSLA,341.5633,364.9800,333.8133,339.4767,187245000
3798,2021-10-27,TSLA,346.5533,356.9600,343.5933,345.9533,115579500
3799,2021-10-28,TSLA,356.1033,360.3333,351.4000,359.0133,81639600
3800,2021-10-29,TSLA,360.6200,371.7367,357.7367,371.3333,89755200
3801,2021-11-01,TSLA,381.6667,403.2500,372.8867,402.8633,168146100
3802,2021-11-02,TSLA,386.4533,402.8633,382.0000,390.6667,128213400
3803,2021-11-03,TSLA,392.4433,405.1300,384.2067,404.6200,103885500
3804,2021-11-04,TSLA,411.4700,414.4967,405.6667,409.9700,76192200
3805,2021-11-05,TSLA,409.3333,413.2900,402.6667,407.3633,64886400
3806,2021-11-08,TSLA,383.2633,399.0000,377.6667,387.6467,100337100
3807,2021-11-09,TSLA,391.2000,391.5000,337.1733,341.1667,177317400
3808,2021-11-10,TSLA,336.8033,359.3667,329.1033,355.9833,128408100
3809,2021-11-11,TSLA,367.5900,368.3233,351.5600,354.5033,67189800
3810,2021-11-12,TSLA,349.1667,351.5000,339.7333,344.4733,76719300
3811,2021-11-15,TSLA,339.2100,343.9933,326.2000,337.7967,104326800
3812,2021-11-16,TSLA,334.4367,352.4000,334.0600,351.5767,79627200
3813,2021-11-17,TSLA,354.5033,373.2133,351.8333,363.0033,94336200
3814,2021-11-18,TSLA,368.8500,370.6667,358.3400,365.4600,62696700
3815,2021-11-19,TSLA,366.2900,379.5733,364.2333,379.0200,64926900
3816,2021-11-22,TSLA,387.4433,400.6500,377.4767,385.6233,99217500
3817,2021-11-23,TSLA,389.1700,393.5000,354.2333,369.6767,108515100
3818,2021-11-24,TSLA,360.1300,377.5900,354.0000,372.0000,67680600
3819,2021-11-26,TSLA,366.4900,369.5933,360.3333,360.6400,35042700
3820,2021-11-29,TSLA,366.9967,380.8900,366.7300,378.9967,58393500
3821,2021-11-30,TSLA,381.4567,389.3333,372.6667,381.5867,81276000
3822,2021-12-01,TSLA,386.9000,390.9467,363.5867,365.0000,68450400
3823,2021-12-02,TSLA,366.3533,371.0000,352.2167,361.5333,73114800
3824,2021-12-03,TSLA,361.5967,363.5267,333.4033,338.3233,92322000
3825,2021-12-06,TSLA,333.8367,340.5467,316.8333,336.3367,81663000
3826,2021-12-07,TSLA,348.0667,352.5567,342.2700,350.5833,56084700
3827,2021-12-08,TSLA,350.9033,357.4600,344.3333,356.3200,41906400
3828,2021-12-09,TSLA,353.5467,354.1633,334.1200,334.6000,59438400
3829,2021-12-10,TSLA,336.2500,340.3267,327.5100,339.0100,59664300
3830,2021-12-13,TSLA,333.6967,335.0000,317.1400,322.1367,78595500
3831,2021-12-14,TSLA,315.0000,322.1367,310.0000,319.5033,70806300
3832,2021-12-15,TSLA,317.7367,326.2500,309.4167,325.3300,75169200
3833,2021-12-16,TSLA,331.5000,331.6600,307.2833,308.9733,82771500
3834,2021-12-17,TSLA,304.9233,320.2200,303.0133,310.8567,100437300
3835,2021-12-20,TSLA,303.5667,307.2300,297.7967,299.9800,56480100
3836,2021-12-21,TSLA,305.6233,313.1667,295.3733,312.8433,71517900
3837,2021-12-22,TSLA,321.8867,338.5533,319.0167,336.2900,93634200
3838,2021-12-23,TSLA,335.6000,357.6600,332.5200,355.6667,92713200
3839,2021-12-27,TSLA,357.8900,372.3333,356.9067,364.6467,71145900
3840,2021-12-28,TSLA,369.8300,373.0000,359.4733,362.8233,60324000
3841,2021-12-29,TSLA,366.2133,368.0000,354.7133,362.0633,56154000
3842,2021-12-30,TSLA,353.7767,365.1833,351.0500,356.7800,47040900
3843,2021-12-31,TSLA,357.8133,360.6667,351.5300,352.2600,40733700
3844,2022-01-03,TSLA,382.5833,400.3567,378.6800,399.9267,103931400
3845,2022-01-04,TSLA,396.5167,402.6667,374.3500,383.1967,100248300
3846,2022-01-05,TSLA,382.2167,390.1133,360.3367,362.7067,80119800
3847,2022-01-06,TSLA,359.0000,362.6667,340.1667,354.9000,90336600
3848,2022-01-07,TSLA,360.1233,360.3100,336.6667,342.3200,84164700
3849,2022-01-10,TSLA,333.3333,353.0333,326.6667,352.7067,91815000
3850,2022-01-11,TSLA,351.2233,358.6167,346.2733,354.8000,66063300
3851,2022-01-12,TSLA,359.6167,371.6133,357.5300,368.7400,83739000
3852,2022-01-13,TSLA,369.6900,371.8667,342.1800,343.8533,97209900
3853,2022-01-14,TSLA,339.9600,350.6667,337.7933,349.8700,72924300
3854,2022-01-18,TSLA,342.2033,356.9300,338.6867,343.5033,66743400
3855,2022-01-19,TSLA,347.2367,351.5567,331.6667,331.8833,75442500
3856,2022-01-20,TSLA,336.5767,347.2200,331.3333,332.0900,70488600
3857,2022-01-21,TSLA,332.1133,334.8500,313.5000,314.6333,103416000
3858,2022-01-24,TSLA,301.5867,311.1700,283.8233,310.0000,151565700
3859,2022-01-25,TSLA,304.7333,317.0867,301.0700,306.1333,86595900
3860,2022-01-26,TSLA,317.4767,329.2300,302.0000,312.4700,104867400
3861,2022-01-27,TSLA,311.1200,311.7967,276.3333,276.3667,147109500
3862,2022-01-28,TSLA,277.1867,285.8333,264.0033,282.1167,134789100
3863,2022-01-31,TSLA,290.9033,312.6633,287.3500,312.2400,104436000
3864,2022-02-01,TSLA,311.7367,314.5667,301.6667,310.4167,73138200
3865,2022-02-02,TSLA,309.3933,310.5000,296.4700,301.8867,66792900
3866,2022-02-03,TSLA,294.0000,312.3333,293.5067,297.0467,78855600
3867,2022-02-04,TSLA,299.0733,312.1667,293.7233,307.7733,73625400
3868,2022-02-07,TSLA,307.9300,315.9233,300.9033,302.4467,60994500
3869,2022-02-08,TSLA,301.8433,308.7633,298.2667,307.3333,50729100
3870,2022-02-09,TSLA,311.6667,315.4233,306.6667,310.6667,52259400
3871,2022-02-10,TSLA,302.7900,314.6033,298.9000,301.5167,66126900
3872,2022-02-11,TSLA,303.2100,305.3200,283.5667,286.6667,79645800
3873,2022-02-14,TSLA,287.1900,299.6267,284.3833,291.9200,67756500
3874,2022-02-15,TSLA,300.0000,307.6667,297.7933,307.4767,57286200
3875,2022-02-16,TSLA,304.6833,308.8100,300.4033,307.7967,51294300
3876,2022-02-17,TSLA,304.4200,306.1667,291.3667,292.1167,55178400
3877,2022-02-18,TSLA,295.3333,295.6233,279.2033,285.6600,68501700
3878,2022-02-22,TSLA,278.0433,285.5767,267.0333,273.8433,83288100
3879,2022-02-23,TSLA,276.8100,278.4333,253.5200,254.6800,95256900
3880,2022-02-24,TSLA,233.4633,267.4933,233.3333,266.9233,135322200
3881,2022-02-25,TSLA,269.7433,273.1667,260.8000,269.9567,76067700
3882,2022-02-28,TSLA,271.6700,292.2867,271.5700,290.1433,99006900
3883,2022-03-01,TSLA,289.8933,296.6267,284.5933,288.1233,74766900
3884,2022-03-02,TSLA,290.7100,295.4933,281.4233,293.2967,74643300
3885,2022-03-03,TSLA,292.9233,295.4800,277.5333,279.7633,61623600
3886,2022-03-04,TSLA,283.0333,285.2167,275.0533,279.4300,66999600
3887,2022-03-07,TSLA,285.4333,288.7133,268.1900,268.1933,72494100
3888,2022-03-08,TSLA,265.1767,283.3300,260.7233,274.8000,80399100
3889,2022-03-09,TSLA,279.8267,286.8533,277.3367,286.3233,59184000
3890,2022-03-10,TSLA,283.8167,284.8167,270.1200,279.4333,58648500
3891,2022-03-11,TSLA,280.0667,281.2667,264.5900,265.1167,67037100
3892,2022-03-14,TSLA,260.2033,266.9000,252.0133,255.4567,71152200
3893,2022-03-15,TSLA,258.4233,268.5233,252.1900,267.2967,66841200
3894,2022-03-16,TSLA,269.6667,280.6667,267.4200,280.0767,84028800
3895,2022-03-17,TSLA,276.9967,291.6667,275.2400,290.5333,66582900
3896,2022-03-18,TSLA,291.4967,302.6167,289.1300,301.7967,100414200
3897,2022-03-21,TSLA,304.9933,314.2833,302.3633,307.0533,81981600
3898,2022-03-22,TSLA,310.0000,332.6200,307.2500,331.3267,105868500
3899,2022-03-23,TSLA,326.6467,346.9000,325.4667,333.0367,120676200
3900,2022-03-24,TSLA,336.5767,341.4967,329.6000,337.9733,68920800
3901,2022-03-25,TSLA,336.0000,340.6000,332.4400,336.8800,62031600
3902,2022-03-28,TSLA,355.0333,365.9600,351.2000,363.9467,102506100
3903,2022-03-29,TSLA,369.3300,371.5900,357.7033,366.5233,73614900
3904,2022-03-30,TSLA,363.7233,371.3167,361.3333,364.6633,59865000
3905,2022-03-31,TSLA,364.8567,367.7133,358.8800,359.2000,48992700
3906,2022-04-01,TSLA,360.3833,364.9167,355.5467,361.5300,54263100
3907,2022-04-04,TSLA,363.1267,383.3033,357.5100,381.8167,82035900
3908,2022-04-05,TSLA,378.7667,384.2900,362.4333,363.7533,80075100
3909,2022-04-06,TSLA,357.8233,359.6667,342.5667,348.5867,89348400
3910,2022-04-07,TSLA,350.7967,358.8633,340.5133,352.4200,79447200
3911,2022-04-08,TSLA,347.7367,349.4800,340.8133,341.8300,55013700
3912,2022-04-11,TSLA,326.8000,336.1567,324.8800,325.3100,59357100
3913,2022-04-12,TSLA,332.5467,340.3967,325.5333,328.9833,65976000
3914,2022-04-13,TSLA,327.0267,342.0800,324.3667,340.7900,55121100
3915,2022-04-14,TSLA,333.0967,337.5700,327.3967,328.3333,58422300
3916,2022-04-18,TSLA,329.6767,338.3067,324.4700,334.7633,51715200
3917,2022-04-19,TSLA,335.0200,344.9800,331.7767,342.7167,49847700
3918,2022-04-20,TSLA,343.3333,344.6667,325.0833,325.7333,70711200
3919,2022-04-21,TSLA,358.2433,364.0733,332.1400,336.2600,105416400
3920,2022-04-22,TSLA,338.3033,344.9500,331.3333,335.0167,69696600
3921,2022-04-25,TSLA,326.3233,336.2067,325.1000,332.6733,68341200
3922,2022-04-26,TSLA,331.8100,333.3333,291.6667,292.1400,136133700
3923,2022-04-27,TSLA,299.5267,306.0000,292.4533,293.8367,76956300
3924,2022-04-28,TSLA,299.9933,300.0000,273.9000,292.5033,124948500
3925,2022-04-29,TSLA,300.7500,311.4667,290.0000,290.2533,88133100
3926,2022-05-02,TSLA,286.9233,302.1200,282.6767,300.9800,75781500
3927,2022-05-03,TSLA,301.0600,308.0267,296.1967,303.0833,63709500
3928,2022-05-04,TSLA,301.3133,318.5000,295.0933,317.5400,81643800
3929,2022-05-05,TSLA,313.0067,315.2000,285.9000,291.0933,92519100
3930,2022-05-06,TSLA,295.6667,296.0000,281.0367,288.5500,72903000
3931,2022-05-09,TSLA,278.8167,281.8767,260.3833,262.3700,90810300
3932,2022-05-10,TSLA,273.1033,275.1200,258.0833,266.6800,84401700
3933,2022-05-11,TSLA,265.0000,269.9233,242.4000,244.6667,97224600
3934,2022-05-12,TSLA,233.6667,253.2200,226.6667,242.6667,140313000
3935,2022-05-13,TSLA,257.8267,262.4500,250.5233,256.5300,92150700
3936,2022-05-16,TSLA,255.7200,256.5867,239.6967,241.4567,86098500
3937,2022-05-17,TSLA,249.1200,254.8267,242.9500,253.8700,80236200
3938,2022-05-18,TSLA,248.1733,253.5000,233.6033,236.6033,87811800
3939,2022-05-19,TSLA,235.6667,244.6667,231.3700,236.4733,90296700
3940,2022-05-20,TSLA,237.9967,240.5267,211.0000,221.3000,144973200
3941,2022-05-23,TSLA,218.3400,226.6533,212.6867,224.9667,88903500
3942,2022-05-24,TSLA,217.8433,217.9733,206.8567,209.3867,89092500
3943,2022-05-25,TSLA,207.9500,223.1067,207.6700,219.6000,92139300
3944,2022-05-26,TSLA,220.4733,239.5567,217.8867,235.9100,106003200
3945,2022-05-27,TSLA,241.0833,253.2667,240.1767,253.2100,89295000
3946,2022-05-31,TSLA,257.9467,259.6000,244.7433,252.7533,101914500
3947,2022-06-01,TSLA,251.7200,257.3267,243.6400,246.7900,77247900
3948,2022-06-02,TSLA,244.1567,264.2100,242.0667,258.3333,93473100
3949,2022-06-03,TSLA,243.2267,247.7967,233.4167,234.5167,112393800
3950,2022-06-06,TSLA,244.3533,244.8667,234.3500,238.2800,84204600
3951,2022-06-07,TSLA,234.0000,239.9967,230.0933,238.8867,72808500
3952,2022-06-08,TSLA,240.0867,249.9633,239.1767,241.8667,76210500
3953,2022-06-09,TSLA,249.3400,255.5467,239.3267,239.7067,96491400
3954,2022-06-10,TSLA,235.1567,239.5000,227.9133,232.2300,97536600
3955,2022-06-13,TSLA,223.1667,226.6333,214.6833,215.7367,102767400
3956,2022-06-14,TSLA,218.2867,226.3300,211.7367,220.8900,97988700
3957,2022-06-15,TSLA,220.9167,235.6633,218.1500,233.0000,119131800
3958,2022-06-16,TSLA,222.7367,225.1667,208.6933,213.1000,107390700
3959,2022-06-17,TSLA,213.4333,220.9700,213.1967,216.7600,92641800
3960,2022-06-21,TSLA,224.6033,243.5767,224.3333,237.0367,122793000
3961,2022-06-22,TSLA,234.5033,246.8333,233.8267,236.0867,101107500
3962,2022-06-23,TSLA,237.9067,239.3167,228.6367,235.0700,104202600
3963,2022-06-24,TSLA,237.4700,246.0667,236.0867,245.7067,95770800
3964,2022-06-27,TSLA,249.3667,252.0700,242.5667,244.9200,89178300
3965,2022-06-28,TSLA,244.4833,249.9700,232.3433,232.6633,90391200
3966,2022-06-29,TSLA,230.5000,231.1733,222.2733,228.4900,82897200
3967,2022-06-30,TSLA,224.5100,229.4567,218.8633,224.4733,94600500
3968,2022-07-01,TSLA,227.0000,230.2300,222.1200,227.2633,74460300
3969,2022-07-05,TSLA,223.0000,233.1467,216.1667,233.0667,84581100
3970,2022-07-06,TSLA,230.7800,234.5633,227.1867,231.7333,71853600
3971,2022-07-07,TSLA,233.9200,245.3633,232.2100,244.5433,81930600
3972,2022-07-08,TSLA,242.3333,254.9800,241.1600,250.7633,101854200
3973,2022-07-11,TSLA,252.1033,253.0633,233.6267,234.3433,99241200
3974,2022-07-12,TSLA,236.8467,239.7733,228.3700,233.0700,87930900
3975,2022-07-13,TSLA,225.5000,242.0600,225.0333,237.0400,97954500
3976,2022-07-14,TSLA,234.8967,238.6533,229.3333,238.3133,78557400
3977,2022-07-15,TSLA,240.0000,243.6233,236.8900,240.0667,69683100
3978,2022-07-18,TSLA,244.9367,250.5167,239.6033,240.5467,82537500
3979,2022-07-19,TSLA,245.0000,247.1400,236.9767,245.5300,80890200
3980,2022-07-20,TSLA,246.7833,250.6633,243.4833,247.5000,88864200
3981,2022-07-21,TSLA,255.1067,273.2667,254.8667,271.7067,142032300
3982,2022-07-22,TSLA,276.2200,280.7867,270.7133,272.2433,103472700
3983,2022-07-25,TSLA,272.2167,274.1467,267.4000,268.4333,64073400
3984,2022-07-26,TSLA,266.5133,267.3100,256.2633,258.8600,66820800
3985,2022-07-27,TSLA,263.8100,275.9267,261.7900,274.8200,88110000
3986,2022-07-28,TSLA,280.0667,283.3000,272.8000,280.9000,84723000
3987,2022-07-29,TSLA,280.7000,298.3200,279.1000,297.1500,95313000
3988,2022-08-01,TSLA,301.2767,311.8767,295.0000,297.2767,117042900
3989,2022-08-02,TSLA,294.0033,307.8333,292.6667,300.5867,95577600
3990,2022-08-03,TSLA,305.0000,309.5500,301.1500,307.3967,80091000
3991,2022-08-04,TSLA,311.0000,313.6067,305.0000,308.6333,72256200
3992,2022-08-05,TSLA,302.6700,304.6067,285.5433,288.1700,113172900
3993,2022-08-08,TSLA,295.0000,305.2000,289.0867,290.4233,98994000
3994,2022-08-09,TSLA,290.2933,292.3967,279.3533,283.3333,86244600
3995,2022-08-10,TSLA,297.0667,297.5100,283.3700,294.3567,94918800
3996,2022-08-11,TSLA,296.5133,298.2367,285.8333,286.6300,70155000
3997,2022-08-12,TSLA,289.4167,300.1600,285.0333,300.0300,79657200
3998,2022-08-15,TSLA,301.7867,313.1333,301.2300,309.3200,89359200
3999,2022-08-16,TSLA,311.6667,314.6667,302.8833,306.5633,88136400
4000,2022-08-17,TSLA,303.3967,309.6567,300.0333,303.9967,68766000
4001,2022-08-18,TSLA,306.0000,306.5000,301.8533,302.8700,47500500
4002,2022-08-19,TSLA,299.0000,300.3600,292.5000,296.6667,61395300
4003,2022-08-22,TSLA,291.9133,292.4000,286.2967,289.9133,55843200
4004,2022-08-23,TSLA,291.4533,298.8267,287.9233,296.4533,63984900
4005,2022-08-24,TSLA,297.5633,303.6467,296.5000,297.0967,57259800
4006,2022-08-25,TSLA,302.3600,302.9600,291.6000,296.0700,53230000
4007,2022-08-26,TSLA,297.4300,302.0000,287.4700,288.0900,57163900
4008,2022-08-29,TSLA,282.8300,287.7400,280.7000,284.8200,41864700
4009,2022-08-30,TSLA,287.8700,288.4800,272.6500,277.7000,50541800
4010,2022-08-31,TSLA,280.6200,281.2500,271.8100,275.6100,52107300
4011,2022-09-01,TSLA,272.5800,277.5800,266.1500,277.1600,54287000
4012,2022-09-02,TSLA,281.0700,282.3500,269.0800,270.2100,50890100
4013,2022-09-06,TSLA,272.6800,275.9900,265.7400,274.4200,55860000
4014,2022-09-07,TSLA,273.1000,283.8400,272.2700,283.7000,50028900
4015,2022-09-08,TSLA,281.3000,289.5000,279.7600,289.2600,53713100
4016,2022-09-09,TSLA,291.6700,299.8500,291.2500,299.6800,54338100
4017,2022-09-12,TSLA,300.7200,305.4900,300.4000,304.4200,48674600
4018,2022-09-13,TSLA,292.9000,297.4000,290.4000,292.1300,68229600
4019,2022-09-14,TSLA,292.2400,306.0000,291.6400,302.6100,72628700
4020,2022-09-15,TSLA,301.8300,309.1200,300.7200,303.7500,64795500
4021,2022-09-16,TSLA,299.6100,303.7100,295.6000,303.3500,87087800
4022,2022-09-19,TSLA,300.0900,309.8400,297.8000,309.0700,60231200
4023,2022-09-20,TSLA,306.9100,313.3300,305.5800,308.7300,61642800
4024,2022-09-21,TSLA,308.2900,313.8000,300.6300,300.8000,62555700
4025,2022-09-22,TSLA,299.8600,301.2900,285.8200,288.5900,70545400
4026,2022-09-23,TSLA,283.0900,284.5000,272.8200,275.3300,63748400
4027,2022-09-26,TSLA,271.8300,284.0900,270.3100,276.0100,58076900
4028,2022-09-27,TSLA,283.8400,288.6700,277.5100,282.9400,61925200
4029,2022-09-28,TSLA,283.0800,289.0000,277.5700,287.8100,54664800
4030,2022-09-29,TSLA,282.7600,283.6500,265.7800,268.2100,77620600
4031,2022-09-30,TSLA,266.1500,275.5700,262.4700,265.2500,67726600
4032,2022-10-03,TSLA,254.5000,255.1600,241.0100,242.4000,98363500
4033,2022-10-04,TSLA,250.5200,257.5000,242.0100,249.4400,109578500
4034,2022-10-05,TSLA,245.0100,246.6700,233.2700,240.8100,86982700
4035,2022-10-06,TSLA,239.4400,244.5800,235.3500,238.1300,69298400
4036,2022-10-07,TSLA,233.9400,234.5700,222.0200,223.0700,83916800
4037,2022-10-10,TSLA,223.9300,226.9900,218.3600,222.9600,67925000
4038,2022-10-11,TSLA,220.9500,225.7500,215.0000,216.5000,77013200
4039,2022-10-12,TSLA,215.3300,219.3000,211.5100,217.2400,66860700
4040,2022-10-13,TSLA,208.3000,222.9900,206.2200,221.7200,91483000
4041,2022-10-14,TSLA,224.0100,226.2600,204.1600,204.9900,94124500
4042,2022-10-17,TSLA,210.0400,221.8600,209.4500,219.3500,79428800
4043,2022-10-18,TSLA,229.5000,229.8200,217.2500,220.1900,75891900
4044,2022-10-19,TSLA,219.8000,222.9300,217.7800,222.0400,66571500
4045,2022-10-20,TSLA,208.2800,215.5500,202.0000,207.2800,117798100
4046,2022-10-21,TSLA,206.4200,214.6600,203.8000,214.4400,75713800
4047,2022-10-24,TSLA,205.8200,213.5000,198.5900,211.2500,100446800
4048,2022-10-25,TSLA,210.1000,224.3500,210.0000,222.4200,96507900
4049,2022-10-26,TSLA,219.4000,230.6000,218.2000,224.6400,85012500
4050,2022-10-27,TSLA,229.7700,233.8100,222.8500,225.0900,61638800
4051,2022-10-28,TSLA,225.4000,228.8600,216.3500,228.5200,69152400
4052,2022-10-31,TSLA,226.1900,229.8500,221.9400,227.5400,61554300
4053,2022-11-01,TSLA,234.0500,237.4000,227.2800,227.8200,62688800
4054,2022-11-02,TSLA,226.0400,227.8700,214.8200,214.9800,63070300
4055,2022-11-03,TSLA,211.3600,221.2000,210.1400,215.3100,56538800
4056,2022-11-04,TSLA,222.6000,223.8000,203.0800,207.4700,98622200
4057,2022-11-07,TSLA,208.6500,208.9000,196.6600,197.0800,93916500
4058,2022-11-08,TSLA,194.0200,195.2000,186.7500,191.3000,128803400
4059,2022-11-09,TSLA,190.7800,195.8900,177.1200,177.5900,127062700
4060,2022-11-10,TSLA,189.9000,191.0000,180.0300,190.7200,132703000
4061,2022-11-11,TSLA,186.0000,196.5200,182.5900,195.9700,114403600
4062,2022-11-14,TSLA,192.7700,195.7300,186.3400,190.9500,92226600
4063,2022-11-15,TSLA,195.8800,200.8200,192.0600,194.4200,91293800
4064,2022-11-16,TSLA,191.5100,192.5700,185.6600,186.9200,66567600
4065,2022-11-17,TSLA,183.9600,186.1600,180.9000,183.1700,64336000
4066,2022-11-18,TSLA,185.0500,185.1900,176.5500,180.1900,76048900
4067,2022-11-21,TSLA,175.8500,176.7700,167.5400,167.8700,92882700
4068,2022-11-22,TSLA,168.6300,170.9200,166.1900,169.9100,78452300
4069,2022-11-23,TSLA,173.5700,183.6200,172.5000,183.2000,109536700
4070,2022-11-25,TSLA,185.0600,185.2000,180.6300,182.8600,50672700
4071,2022-11-28,TSLA,179.9600,188.5000,179.0000,182.9200,92905200
4072,2022-11-29,TSLA,184.9900,186.3800,178.7500,180.8300,83357100
4073,2022-11-30,TSLA,182.4300,194.7600,180.6300,194.7000,109186400
4074,2022-12-01,TSLA,197.0800,198.9200,191.8000,194.7000,80046200
4075,2022-12-02,TSLA,191.7800,196.2500,191.1100,194.8600,73645900
4076,2022-12-05,TSLA,189.4400,191.2700,180.5500,182.4500,93122700
4077,2022-12-06,TSLA,181.2200,183.6500,175.3300,179.8200,92150800
4078,2022-12-07,TSLA,175.0300,179.3800,172.2200,174.0400,84213300
4079,2022-12-08,TSLA,172.2000,175.2000,169.0600,173.4400,97624500
4080,2022-12-09,TSLA,173.8400,182.5000,173.3600,179.0500,104872300
4081,2022-12-12,TSLA,176.1000,177.3700,167.5200,167.8200,109794500
4082,2022-12-13,TSLA,174.8700,175.0500,156.9100,160.9500,175862700
4083,2022-12-14,TSLA,159.2500,161.6200,155.3100,156.8000,140682300
4084,2022-12-15,TSLA,153.4400,160.9300,153.2800,157.6700,122334500
4085,2022-12-16,TSLA,159.6400,160.9900,150.0400,150.2300,139032200
4086,2022-12-19,TSLA,154.0000,155.2500,145.8200,149.8700,139390600
4087,2022-12-20,TSLA,146.0500,148.4700,137.6600,137.8000,159563300
4088,2022-12-21,TSLA,139.3400,141.2600,135.8900,137.5700,145417400
4089,2022-12-22,TSLA,136.0000,136.6300,122.2600,125.3500,210090300
4090,2022-12-23,TSLA,126.3700,128.6200,121.0200,123.1500,166989700
4091,2022-12-27,TSLA,117.5000,119.6700,108.7600,109.1000,208643400
4092,2022-12-28,TSLA,110.3500,116.2700,108.2400,112.7100,221070500
4093,2022-12-29,TSLA,120.3900,123.5700,117.5000,121.8200,221923300
4094,2022-12-30,TSLA,119.9500,124.4800,119.7500,123.1800,157777300
4095,2023-01-03,TSLA,118.4700,118.8000,104.6400,108.1000,231402800
4096,2023-01-04,TSLA,109.1100,114.5900,107.5200,113.6400,180389000
4097,2023-01-05,TSLA,110.5100,111.7500,107.1600,110.3400,157986300
4098,2023-01-06,TSLA,103.0000,114.3900,101.8100,113.0600,220911100
4099,2023-01-09,TSLA,118.9600,123.5200,117.1100,119.7700,190284000
4100,2023-01-10,TSLA,121.0700,122.7600,114.9200,118.8500,167642500
4101,2023-01-11,TSLA,122.0900,125.9500,120.5100,123.2200,183810800
4102,2023-01-12,TSLA,122.5600,124.1300,117.0000,123.5600,169400900
4103,2023-01-13,TSLA,116.5500,122.6300,115.6000,122.4000,180714100
4104,2023-01-17,TSLA,125.7000,131.7000,125.0200,131.4900,186477000
4105,2023-01-18,TSLA,136.5600,136.6800,127.0100,128.7800,195680300
4106,2023-01-19,TSLA,127.2600,129.9900,124.3100,127.1700,170291900
4107,2023-01-20,TSLA,128.6800,133.5100,127.3500,133.4200,138858100
4108,2023-01-23,TSLA,135.8700,145.3800,134.2700,143.7500,203119200
4109,2023-01-24,TSLA,143.0000,146.5000,141.1000,143.8900,158699100
4110,2023-01-25,TSLA,141.9100,146.4100,138.0700,144.4300,192734300
4111,2023-01-26,TSLA,159.9700,161.4200,154.7600,160.2700,234815100
4112,2023-01-27,TSLA,162.4300,180.6800,161.1700,177.9000,306590600
4113,2023-01-30,TSLA,178.0500,179.7700,166.5000,166.6600,230878800
4114,2023-01-31,TSLA,164.5700,174.3000,162.7800,173.2200,196813500
4115,2023-02-01,TSLA,173.8900,183.8100,169.9300,181.4100,213806300
4116,2023-02-02,TSLA,187.3300,196.7500,182.6100,188.2700,217448300
4117,2023-02-03,TSLA,183.9500,199.0000,183.6900,189.9800,232662000
4118,2023-02-06,TSLA,193.0100,198.1700,189.9200,194.7600,186188100
4119,2023-02-07,TSLA,196.4300,197.5000,189.5500,196.8100,186010300
4120,2023-02-08,TSLA,196.1000,203.0000,194.3100,201.2900,180673600
4121,2023-02-09,TSLA,207.7800,214.0000,204.7700,207.3200,215431400
4122,2023-02-10,TSLA,202.2300,206.2000,192.8900,196.8900,204754100
4123,2023-02-13,TSLA,194.4200,196.3000,187.6100,194.6400,172475500
4124,2023-02-14,TSLA,191.9400,209.8200,189.4400,209.2500,216455700
4125,2023-02-15,TSLA,211.7600,214.6600,206.1100,214.2400,181006400
4126,2023-02-16,TSLA,210.7800,217.6500,201.8400,202.0400,229586500
4127,2023-02-17,TSLA,199.9900,208.4400,197.5000,208.3100,213738500
4128,2023-02-21,TSLA,204.9900,209.7100,197.2200,197.3700,180018600
4129,2023-02-22,TSLA,197.9300,201.9900,191.7800,200.8600,191828500
4130,2023-02-23,TSLA,203.9100,205.1400,196.3300,202.0700,146360000
4131,2023-02-24,TSLA,196.3300,197.6700,192.8000,196.8800,142228100
4132,2023-02-27,TSLA,202.0300,209.4200,201.2600,207.6300,161028300
4133,2023-02-28,TSLA,210.5900,211.2300,203.7500,205.7100,153144900
4134,2023-03-01,TSLA,206.2100,207.2000,198.5200,202.7700,156852800
4135,2023-03-02,TSLA,186.7400,193.7500,186.0100,190.9000,181500700
4136,2023-03-03,TSLA,194.8000,200.4800,192.8800,197.7900,154193300
4137,2023-03-06,TSLA,198.5400,198.6000,192.3000,193.8100,128100100
4138,2023-03-07,TSLA,191.3800,194.2000,186.1000,187.7100,148125800
4139,2023-03-08,TSLA,185.0400,186.5000,180.0000,182.0000,151897800
4140,2023-03-09,TSLA,180.2500,185.1800,172.5100,172.9200,170023800
4141,2023-03-10,TSLA,175.1300,178.2900,168.4400,173.4400,191488900
4142,2023-03-13,TSLA,167.4600,177.3500,163.9100,174.4800,167790300
4143,2023-03-14,TSLA,177.3100,183.8000,177.1400,183.2600,143717900
4144,2023-03-15,TSLA,180.8000,182.3400,176.0300,180.4500,145995600
4145,2023-03-16,TSLA,180.3700,185.8100,178.8400,184.1300,121136800
4146,2023-03-17,TSLA,184.5200,186.2200,177.3300,180.1300,133197100
4147,2023-03-20,TSLA,178.0800,186.4400,176.3500,183.2500,129684400
4148,2023-03-21,TSLA,188.2800,198.0000,188.0400,197.5800,153391400
4149,2023-03-22,TSLA,199.3000,200.6600,190.9500,191.1500,150376400
4150,2023-03-23,TSLA,195.2600,199.3100,188.6500,192.2200,144193900
4151,2023-03-24,TSLA,191.6500,192.3600,187.1500,190.4100,116312400
4152,2023-03-27,TSLA,194.4200,197.3900,189.9400,191.8100,120851600
4153,2023-03-28,TSLA,192.0000,192.3500,185.4300,189.1900,98654600
4154,2023-03-29,TSLA,193.1300,195.2900,189.4400,193.8800,123660000
4155,2023-03-30,TSLA,195.5800,197.3300,194.4200,195.2800,110252200
4156,2023-03-31,TSLA,197.5300,207.7900,197.2000,207.4600,170222100
4157,2023-04-03,TSLA,199.9100,202.6900,192.2000,194.7700,169545900
4158,2023-04-04,TSLA,197.3200,198.7400,190.3200,192.5800,126463800
4159,2023-04-05,TSLA,190.5200,190.6800,183.7600,185.5200,133882500
4160,2023-04-06,TSLA,183.0800,186.3900,179.7400,185.0600,123857900
4161,2023-04-10,TSLA,179.9400,185.1000,176.1100,184.5100,142154600
4162,2023-04-11,TSLA,186.6900,189.1900,185.6500,186.7900,115770900
4163,2023-04-12,TSLA,190.7400,191.5800,180.3100,180.5400,150256300
4164,2023-04-13,TSLA,182.9600,186.5000,180.9400,185.9000,112933000
4165,2023-04-14,TSLA,183.9500,186.2800,182.0100,185.0000,96438700
4166,2023-04-17,TSLA,186.3200,189.6900,182.6900,187.0400,116662200
4167,2023-04-18,TSLA,187.1500,187.6900,183.5800,184.3100,92067000
4168,2023-04-19,TSLA,179.1000,183.5000,177.6500,180.5900,125732700
4169,2023-04-20,TSLA,166.1700,169.7000,160.5600,162.9900,210970800
4170,2023-04-21,TSLA,164.8000,166.0000,161.3200,165.0800,123539000
4171,2023-04-24,TSLA,164.6500,165.6500,158.6100,162.5500,140006600
4172,2023-04-25,TSLA,159.8200,163.4700,158.7500,160.6700,121999300
4173,2023-04-26,TSLA,160.2900,160.6700,153.1400,153.7500,153364100
4174,2023-04-27,TSLA,152.6400,160.4800,152.3700,160.1900,127015200
4175,2023-04-28,TSLA,160.9000,165.0000,157.3200,164.3100,122515800
4176,2023-05-01,TSLA,163.1700,163.2800,158.8300,161.8300,109015000
4177,2023-05-02,TSLA,161.8800,165.4900,158.9300,160.3100,128259700
4178,2023-05-03,TSLA,160.0100,165.0000,159.9100,160.6100,119728000
4179,2023-05-04,TSLA,162.7100,162.9500,159.6500,161.2000,95108500
4180,2023-05-05,TSLA,163.9700,170.7900,163.5100,170.0600,107607300
4181,2023-05-08,TSLA,173.7200,173.8000,169.1900,171.7900,112249400
4182,2023-05-09,TSLA,168.9500,169.8200,166.5600,169.1500,88965000
4183,2023-05-10,TSLA,172.5500,174.4300,166.6800,168.5400,119840700
4184,2023-05-11,TSLA,168.7000,173.5700,166.7900,172.0800,103889900
4185,2023-05-12,TSLA,176.0700,177.3800,167.2300,167.9800,157849600
4186,2023-05-15,TSLA,167.6600,169.7600,164.5500,166.3500,105592500
4187,2023-05-16,TSLA,165.6500,169.5200,164.3500,166.5200,98288800
4188,2023-05-17,TSLA,168.4100,174.5000,167.1900,173.8600,125473600
4189,2023-05-18,TSLA,174.2200,177.0600,172.4500,176.8900,109520300
4190,2023-05-19,TSLA,177.1700,181.9500,176.3100,180.1400,136196700
4191,2023-05-22,TSLA,180.7000,189.3200,180.1100,188.8700,132001400
4192,2023-05-23,TSLA,186.2000,192.9600,185.2600,185.7700,156952100
4193,2023-05-24,TSLA,182.2300,184.2200,178.2200,182.9000,137605100
4194,2023-05-25,TSLA,186.5400,186.7800,180.5800,184.4700,96870700
4195,2023-05-26,TSLA,184.6200,198.6000,184.5300,193.1700,162061500
4196,2023-05-30,TSLA,200.1000,204.4800,197.5300,201.1600,128818700
4197,2023-05-31,TSLA,199.7800,203.9500,195.1200,203.9300,150711700
4198,2023-06-01,TSLA,202.5900,209.8000,199.3700,207.5200,148029900
4199,2023-06-02,TSLA,210.1500,217.2500,209.7500,213.9700,164398400
4200,2023-06-05,TSLA,217.8000,221.2900,214.5200,217.6100,151143100
4201,2023-06-06,TSLA,216.1400,221.9100,212.5300,221.3100,146911600
4202,2023-06-07,TSLA,228.0000,230.8300,223.2000,224.5700,185710800
4203,2023-06-08,TSLA,224.2200,235.2300,223.0100,234.8600,164489700
4204,2023-06-09,TSLA,249.0700,252.4200,242.0200,244.4000,200242400
4205,2023-06-12,TSLA,247.9400,250.9700,244.5900,249.8300,150337900
4206,2023-06-13,TSLA,253.5100,259.6800,251.3400,258.7100,162384300
4207,2023-06-14,TSLA,260.1700,261.5700,250.5000,256.7900,170575500
4208,2023-06-15,TSLA,248.4000,258.9500,247.2900,255.9000,160171200
4209,2023-06-16,TSLA,258.9200,263.6000,257.2100,260.5400,167915600
4210,2023-06-20,TSLA,261.5000,274.7500,261.1200,274.4500,165611200
4211,2023-06-21,TSLA,275.1300,276.9900,257.7800,259.4600,211797100
4212,2023-06-22,TSLA,250.7700,265.0000,248.2500,264.6100,166875900
4213,2023-06-23,TSLA,259.2900,262.4500,252.8000,256.6000,177460800
4214,2023-06-26,TSLA,250.0700,258.3700,240.7000,241.0500,179990600
4215,2023-06-27,TSLA,243.2400,250.3900,240.8500,250.2100,164968200
4216,2023-06-28,TSLA,249.7000,259.8800,248.8900,256.2400,159770800
4217,2023-06-29,TSLA,258.0300,260.7400,253.6100,257.5000,131283400
4218,2023-06-30,TSLA,260.6000,264.4500,259.8900,261.7700,112620800
4219,2023-07-03,TSLA,276.4900,284.2500,275.1100,279.8200,119685900
4220,2023-07-05,TSLA,278.8200,283.8500,277.6000,282.4800,131530900
4221,2023-07-06,TSLA,278.0900,279.9700,272.8800,276.5400,120332100
4222,2023-07-07,TSLA,278.4300,280.7800,273.7700,274.4300,113879200
4223,2023-07-10,TSLA,276.4700,277.5200,265.1000,269.6100,119425400
4224,2023-07-11,TSLA,268.6500,270.9000,266.3700,269.7900,91972400
4225,2023-07-12,TSLA,276.3300,276.5200,271.4600,271.9900,95672100
4226,2023-07-13,TSLA,274.5900,279.4500,270.6000,277.9000,112681500
4227,2023-07-14,TSLA,277.0100,285.3000,276.3100,281.3800,120062400
4228,2023-07-17,TSLA,286.6300,292.2300,283.5700,290.3800,131569600
4229,2023-07-18,TSLA,290.1500,295.2600,286.0100,293.3400,112120300
4230,2023-07-19,TSLA,296.0400,299.2900,289.5200,291.2600,142355400
4231,2023-07-20,TSLA,279.5600,280.9300,261.2000,262.9000,175158300
4232,2023-07-21,TSLA,268.0000,268.0000,255.8000,260.0200,161796100
4233,2023-07-24,TSLA,255.8500,269.8500,254.1200,269.0600,136508500
4234,2023-07-25,TSLA,272.3800,272.9000,265.0000,265.2800,112757300
4235,2023-07-26,TSLA,263.2500,268.0400,261.7500,264.3500,95856200
4236,2023-07-27,TSLA,268.3100,269.1300,255.3000,255.7100,103697300
4237,2023-07-28,TSLA,259.8600,267.2500,258.2300,266.4400,111446000
4238,2023-07-31,TSLA,267.4800,269.0800,263.7800,267.4300,84582200
4239,2023-08-01,TSLA,266.2600,266.4700,260.2500,261.0700,83166000
4240,2023-08-02,TSLA,255.5700,259.5200,250.4900,254.1100,101752900
4241,2023-08-03,TSLA,252.0400,260.4900,252.0000,259.3200,97569100
4242,2023-08-04,TSLA,260.9700,264.7700,253.1100,253.8600,99539900
4243,2023-08-07,TSLA,251.4500,253.6500,242.7600,251.4500,111097900
4244,2023-08-08,TSLA,247.4500,250.9200,245.0100,249.7000,96642200
4245,2023-08-09,TSLA,250.8700,251.1000,241.9000,242.1900,101596300
4246,2023-08-10,TSLA,245.4000,251.8000,243.0000,245.3400,109498600
4247,2023-08-11,TSLA,241.7700,243.7900,238.0200,242.6500,99038600
4248,2023-08-14,TSLA,235.7000,240.6600,233.7500,239.7600,98595300
4249,2023-08-15,TSLA,238.7300,240.5000,232.6100,232.9600,88197600
4250,2023-08-16,TSLA,228.0200,233.9700,225.3800,225.6000,112484500
4251,2023-08-17,TSLA,226.0600,226.7400,218.8300,219.2200,120718400
4252,2023-08-18,TSLA,214.1200,217.5800,212.3600,215.4900,136276600
4253,2023-08-21,TSLA,221.5500,232.1300,220.5800,231.2800,135702700
4254,2023-08-22,TSLA,240.2500,240.8200,229.5500,233.1900,130442800
4255,2023-08-23,TSLA,229.3400,238.9800,229.2900,236.8600,101077600
4256,2023-08-24,TSLA,238.6600,238.9200,228.1800,230.0400,99777400
4257,2023-08-25,TSLA,231.3100,239.0000,230.3500,238.5900,106612200
4258,2023-08-28,TSLA,242.5800,244.3800,235.3500,238.8200,107673700
4259,2023-08-29,TSLA,238.5800,257.4800,237.7700,257.1800,134047600
4260,2023-08-30,TSLA,254.2000,260.5100,250.5900,256.9000,121988400
4261,2023-08-31,TSLA,255.9800,261.1800,255.0500,258.0800,108861700
4262,2023-09-01,TSLA,257.2600,259.0800,242.0100,245.0100,132541600
4263,2023-09-05,TSLA,245.0000,258.0000,244.8600,256.4900,129469600
4264,2023-09-06,TSLA,255.1400,255.3900,245.0600,251.9200,116959800
4265,2023-09-07,TSLA,245.0700,252.8100,243.2700,251.4900,115312900
4266,2023-09-08,TSLA,251.2200,256.5200,246.6700,248.5000,118367700
4267,2023-09-11,TSLA,264.2700,274.8500,260.6100,273.5800,174667900
4268,2023-09-12,TSLA,270.7600,278.3900,266.6000,267.4800,135999900
4269,2023-09-13,TSLA,270.0700,274.9800,268.1000,271.3000,111673700
4270,2023-09-14,TSLA,271.3200,276.7100,270.4200,276.0400,107709800
4271,2023-09-15,TSLA,277.5500,278.9800,271.0000,274.3900,133692300
4272,2023-09-18,TSLA,271.1600,271.4400,263.7600,265.2800,101543300
4273,2023-09-19,TSLA,264.3500,267.8500,261.2000,266.5000,103704000
4274,2023-09-20,TSLA,267.0400,273.9300,262.4600,262.5900,122514600
4275,2023-09-21,TSLA,257.8500,260.8600,254.2100,255.7000,119951500
4276,2023-09-22,TSLA,257.4000,257.7900,244.4800,244.8800,127524100
4277,2023-09-25,TSLA,243.3800,247.1000,238.3100,246.9900,104636600
4278,2023-09-26,TSLA,242.9800,249.5500,241.6600,244.1200,101993600
4279,2023-09-27,TSLA,244.2600,245.3300,234.5800,240.5000,136597200
4280,2023-09-28,TSLA,240.0200,247.5500,238.6500,246.3800,117058900
4281,2023-09-29,TSLA,250.0000,254.7700,246.3500,250.2200,128522700
4282,2023-10-02,TSLA,244.8100,254.2800,242.6200,251.6000,123810400
4283,2023-10-03,TSLA,248.6100,250.0200,244.4500,246.5300,101985300
4284,2023-10-04,TSLA,248.1400,261.8600,247.6000,261.1600,129721600
4285,2023-10-05,TSLA,260.0000,263.6000,256.2500,260.0500,119159200
4286,2023-10-06,TSLA,253.9800,261.6500,250.6500,260.5300,118121800
4287,2023-10-09,TSLA,255.3100,261.3600,252.0500,259.6700,101377900
4288,2023-10-10,TSLA,257.7500,268.9400,257.6500,263.6200,122656000
4289,2023-10-11,TSLA,266.2000,268.6000,260.9000,262.9900,103706300
4290,2023-10-12,TSLA,262.9200,265.4100,256.6300,258.8700,111508100
4291,2023-10-13,TSLA,258.9000,259.6000,250.2200,251.1200,102073800
4292,2023-10-16,TSLA,250.0500,255.4000,248.4800,253.9200,88917200
4293,2023-10-17,TSLA,250.1000,257.1800,247.0800,254.8500,93562900
4294,2023-10-18,TSLA,252.7000,254.6300,242.0800,242.6800,125147800
4295,2023-10-19,TSLA,225.9500,230.6100,216.7800,220.1100,170772700
4296,2023-10-20,TSLA,217.0100,218.8600,210.4200,211.9900,138010100
4297,2023-10-23,TSLA,210.0000,216.9800,202.5100,212.0800,150683400
4298,2023-10-24,TSLA,216.5000,222.0500,214.1100,216.5200,118231100
4299,2023-10-25,TSLA,215.8800,220.1000,212.2000,212.4200,107065100
4300,2023-10-26,TSLA,211.3200,214.8000,204.8800,205.7600,115112600
4301,2023-10-27,TSLA,210.6000,212.4100,205.7700,207.3000,94881200
4302,2023-10-30,TSLA,209.2800,210.8800,194.6700,197.3600,136448200
4303,2023-10-31,TSLA,196.1200,202.8000,194.0700,200.8400,118068300
4304,2023-11-01,TSLA,204.0400,205.9900,197.8500,205.6600,121661700
4305,2023-11-02,TSLA,212.9700,219.2000,211.4500,218.5100,125987600
4306,2023-11-03,TSLA,221.1500,226.3700,218.4000,219.9600,119534800
4307,2023-11-06,TSLA,223.9800,226.3200,215.0000,219.2700,117335800
4308,2023-11-07,TSLA,219.9800,223.1200,215.7200,222.1800,116900100
4309,2023-11-08,TSLA,223.1500,224.1500,217.6400,222.1100,106584800
4310,2023-11-09,TSLA,219.7500,220.8000,206.6800,209.9800,142110500
4311,2023-11-10,TSLA,210.0300,215.3800,205.6900,214.6500,130994000
4312,2023-11-13,TSLA,215.6000,225.4000,211.6100,223.7100,140447600
4313,2023-11-14,TSLA,235.0300,238.1400,230.7200,237.4100,149771600
4314,2023-11-15,TSLA,239.2900,246.7000,236.4500,242.8400,150354000
4315,2023-11-16,TSLA,239.4900,240.8800,230.9600,233.5900,136816800
4316,2023-11-17,TSLA,232.0000,237.3900,226.5400,234.3000,142532800
4317,2023-11-20,TSLA,234.0400,237.1000,231.0200,235.6000,116320100
4318,2023-11-21,TSLA,235.0400,243.6200,233.3400,241.2000,122288000
4319,2023-11-22,TSLA,242.0400,244.0100,231.4000,234.2100,117950600
4320,2023-11-24,TSLA,233.7500,238.7500,232.3300,235.4500,65125200
4321,2023-11-27,TSLA,236.8900,238.3300,232.1000,236.0800,112031800
4322,2023-11-28,TSLA,236.6800,247.0000,234.0100,246.7200,148549900
4323,2023-11-29,TSLA,249.2100,252.7500,242.7600,244.1400,135401300
4324,2023-11-30,TSLA,245.1400,245.2200,236.9100,240.0800,132353200
4325,2023-12-01,TSLA,233.1400,240.1900,231.9000,238.8300,121331700
4326,2023-12-04,TSLA,235.7500,239.3700,233.2900,235.5800,104099800
4327,2023-12-05,TSLA,233.8700,246.6600,233.7000,238.7200,137971100
4328,2023-12-06,TSLA,242.9200,246.5700,239.1700,239.3700,126436200
4329,2023-12-07,TSLA,241.5500,244.0800,236.9800,242.6400,107142300
4330,2023-12-08,TSLA,240.2700,245.2700,239.2700,243.8400,103126800
4331,2023-12-11,TSLA,242.7400,243.4400,237.4500,239.7400,97913900
4332,2023-12-12,TSLA,238.5500,238.9900,233.8700,237.0100,95328300
4333,2023-12-13,TSLA,234.1900,240.3000,228.2000,239.2900,146286300
4334,2023-12-14,TSLA,241.2200,253.8800,240.7900,251.0500,160829200
4335,2023-12-15,TSLA,251.2100,254.1300,248.3000,253.5000,135932800
4336,2023-12-18,TSLA,253.7800,258.7400,251.3600,252.0800,116416500
4337,2023-12-19,TSLA,253.4800,258.3400,253.0100,257.2200,106737400
4338,2023-12-20,TSLA,256.4100,259.8400,247.0000,247.1400,125097000
4339,2023-12-21,TSLA,251.9000,254.8000,248.5500,254.5000,109594200
4340,2023-12-22,TSLA,256.7600,258.2200,251.3700,252.5400,93370100
4341,2023-12-26,TSLA,254.4900,257.9700,252.9100,256.6100,86892400
4342,2023-12-27,TSLA,258.3500,263.3400,257.5200,261.4400,106494400
4343,2023-12-28,TSLA,263.6600,265.1300,252.7100,253.1800,113619900
4344,2023-12-29,TSLA,255.1000,255.1900,247.4300,248.4800,100891600
4345,2024-01-02,TSLA,250.0800,251.2500,244.4100,248.4200,104654200
4346,2024-01-03,TSLA,244.9800,245.6800,236.3200,238.4500,121082600
4347,2024-01-04,TSLA,239.2500,242.7000,237.7300,237.9300,102629300
4348,2024-01-05,TSLA,236.8600,240.1200,234.9000,237.4900,92488900
4349,2024-01-08,TSLA,236.1400,241.2500,235.3000,240.4500,85166600
4350,2024-01-09,TSLA,238.1100,238.9600,232.0400,234.9600,96705700
4351,2024-01-10,TSLA,235.1000,235.5000,231.2900,233.9400,91628500
4352,2024-01-11,TSLA,230.5700,230.9300,225.3700,227.2200,105873600
4353,2024-01-12,TSLA,220.0800,225.3400,217.1500,218.8900,123043800
4354,2024-01-16,TSLA,215.1000,223.4900,212.1800,219.9100,115355000
4355,2024-01-17,TSLA,214.8600,215.6700,212.0100,215.5500,103164400
4356,2024-01-18,TSLA,216.8800,217.4500,208.7400,211.8800,108595400
4357,2024-01-19,TSLA,209.9900,213.1900,207.5600,212.1900,102260300
4358,2024-01-22,TSLA,212.2600,217.8000,206.2700,208.8000,117952500
4359,2024-01-23,TSLA,211.3000,215.6500,207.7500,209.1400,106605900
4360,2024-01-24,TSLA,211.8800,212.7300,206.7700,207.8300,123369900
4361,2024-01-25,TSLA,189.7000,193.0000,180.0600,182.6300,198076800
4362,2024-01-26,TSLA,185.5000,186.7800,182.1000,183.2500,107343200
4363,2024-01-29,TSLA,185.6300,191.4800,183.6700,190.9300,125013100
4364,2024-01-30,TSLA,195.3300,196.3600,190.6100,191.5900,109982300
4365,2024-01-31,TSLA,187.0000,193.9700,185.8500,187.2900,103221400
4366,2024-02-01,TSLA,188.5000,189.8800,184.2800,188.8600,91843300
4367,2024-02-02,TSLA,185.0400,188.6900,182.0000,187.9100,110612700
4368,2024-02-05,TSLA,184.2600,184.6800,175.0100,181.0600,134294400
4369,2024-02-06,TSLA,177.2100,186.4900,177.1100,185.1000,122676000
4370,2024-02-07,TSLA,188.1800,189.7900,182.6800,187.5800,111535200
4371,2024-02-08,TSLA,189.0000,191.6200,185.5800,189.5600,83034000
4372,2024-02-09,TSLA,190.1800,194.1200,189.4800,193.5700,84476300
4373,2024-02-12,TSLA,192.1100,194.7300,187.2800,188.1300,95498600
4374,2024-02-13,TSLA,183.9900,187.2600,182.1100,184.0200,86759500
4375,2024-02-14,TSLA,185.3000,188.8900,183.3500,188.7100,81203000
4376,2024-02-15,TSLA,189.1600,200.8800,188.8600,200.4500,120831800
4377,2024-02-16,TSLA,202.0600,203.1700,197.4000,199.9500,111346700
4378,2024-02-20,TSLA,196.1300,198.6000,189.1300,193.7600,104545800
4379,2024-02-21,TSLA,193.3600,199.4400,191.9500,194.7700,103500300
4380,2024-02-22,TSLA,194.0000,198.3200,191.3600,197.4100,92739500
4381,2024-02-23,TSLA,195.3100,197.5700,191.5000,191.9700,78841900
4382,2024-02-26,TSLA,192.2900,201.7800,192.0000,199.4000,111747100
4383,2024-02-27,TSLA,204.0400,205.6000,198.2600,199.7300,108645400
4384,2024-02-28,TSLA,200.4200,205.3000,198.4400,202.0400,99806200
4385,2024-02-29,TSLA,204.1800,205.2800,198.4500,201.8800,85907000
4386,2024-03-01,TSLA,200.5200,204.5200,198.5000,202.6400,82243100
4387,2024-03-04,TSLA,198.7300,199.7500,186.7200,188.1400,134334900
4388,2024-03-05,TSLA,183.0500,184.5900,177.5700,180.7400,119660800
4389,2024-03-06,TSLA,179.9900,181.5800,173.7000,176.5400,107920900
4390,2024-03-07,TSLA,174.3500,180.0400,173.7000,178.6500,102129000
4391,2024-03-08,TSLA,181.5000,182.7300,174.7000,175.3400,85544600
4392,2024-03-11,TSLA,175.4500,182.8700,174.8000,177.7700,85391500
4393,2024-03-12,TSLA,177.7700,179.4300,172.4100,177.5400,87391700
4394,2024-03-13,TSLA,173.0500,176.0500,169.1500,169.4800,106524500
4395,2024-03-14,TSLA,167.7700,171.1700,160.5100,162.5000,126325700
4396,2024-03-15,TSLA,163.1600,165.1800,160.7600,163.5700,97146800
4397,2024-03-18,TSLA,170.0200,174.7200,165.9000,173.8000,108214400
4398,2024-03-19,TSLA,172.3600,172.8200,167.4200,171.3200,77271400
4399,2024-03-20,TSLA,173.0000,176.2500,170.8200,175.6600,83846700
4400,2024-03-21,TSLA,176.3900,178.1800,171.8000,172.8200,73178000
4401,2024-03-22,TSLA,166.6900,171.2000,166.3000,170.8300,75580600
4402,2024-03-25,TSLA,168.7600,175.2400,168.7300,172.6300,74228600
4403,2024-03-26,TSLA,178.5800,184.2500,177.3800,177.6700,113186200
4404,2024-03-27,TSLA,181.4100,181.9100,176.0000,179.8300,81804000
4405,2024-03-28,TSLA,177.4500,179.5700,175.3000,175.7900,77654800
4406,2024-04-01,TSLA,176.1700,176.7500,170.2100,175.2200,81562100
4407,2024-04-02,TSLA,164.7500,167.6900,163.4300,166.6300,116650600
4408,2024-04-03,TSLA,164.0200,168.8200,163.2800,168.3800,82950100
4409,2024-04-04,TSLA,170.0700,177.1900,168.0100,171.1100,123162000
4410,2024-04-05,TSLA,169.0800,170.8600,160.5100,164.9000,143157600
4411,2024-04-08,TSLA,169.3400,174.5000,167.7900,172.9800,104423300
4412,2024-04-09,TSLA,172.9100,179.2200,171.9200,176.8800,102951700
4413,2024-04-10,TSLA,173.0400,174.9300,170.0100,171.7600,84532400
4414,2024-04-11,TSLA,172.5500,175.8800,168.5100,174.6000,94516000
4415,2024-04-12,TSLA,172.3400,173.8100,170.3600,171.0500,64722700
4416,2024-04-15,TSLA,170.2400,170.6900,161.3800,161.4800,100245300
4417,2024-04-16,TSLA,156.7400,158.1900,153.7500,157.1100,97000000
4418,2024-04-17,TSLA,157.6400,158.3300,153.7800,155.4500,82439700
4419,2024-04-18,TSLA,151.2500,152.2000,148.7000,149.9300,96098800
4420,2024-04-19,TSLA,148.9700,150.9400,146.2200,147.0500,87074500
4421,2024-04-22,TSLA,140.5600,144.4400,138.8000,142.0500,107097600
4422,2024-04-23,TSLA,143.3300,147.2600,141.1100,144.6800,124545100
4423,2024-04-24,TSLA,162.8400,167.9700,157.5100,162.1300,181178000
4424,2024-04-25,TSLA,158.9600,170.8800,158.3600,170.1800,126427500
4425,2024-04-26,TSLA,168.8500,172.1200,166.3700,168.2900,109815700
4426,2024-04-29,TSLA,188.4200,198.8700,184.5400,194.0500,243869700
4427,2024-04-30,TSLA,186.9800,190.9500,182.8400,183.2800,127031800
4428,2024-05-01,TSLA,182.0000,185.8600,179.0100,179.9900,92829700
4429,2024-05-02,TSLA,182.8600,184.6000,176.0200,180.0100,89148000
4430,2024-05-03,TSLA,182.1000,184.7800,178.4200,181.1900,75491500
4431,2024-05-06,TSLA,183.8000,187.5600,182.2000,184.7600,84390300
4432,2024-05-07,TSLA,182.4000,183.2600,177.4000,177.8100,75045900
4433,2024-05-08,TSLA,171.5900,176.0600,170.1500,174.7200,79969500
4434,2024-05-09,TSLA,175.0100,175.6200,171.3700,171.9700,65950300
4435,2024-05-10,TSLA,173.0500,173.0600,167.7500,168.4700,72627200
4436,2024-05-13,TSLA,170.0000,175.4000,169.0000,171.8900,67018900
4437,2024-05-14,TSLA,174.5000,179.4900,174.0700,177.5500,86407400
4438,2024-05-15,TSLA,179.9000,180.0000,173.1100,173.9900,79663000
4439,2024-05-16,TSLA,174.1000,175.7900,171.4300,174.8400,59812200
4440,2024-05-17,TSLA,173.5500,179.6300,172.7500,177.4600,77445800
4441,2024-05-20,TSLA,177.5600,177.7500,173.5200,174.9500,61727400
4442,2024-05-21,TSLA,175.5100,186.8800,174.7100,186.6000,115266500
4443,2024-05-22,TSLA,182.8500,183.8000,178.1200,180.1100,88313500
4444,2024-05-23,TSLA,181.8000,181.9000,173.2600,173.7400,71975500
4445,2024-05-24,TSLA,174.8400,180.0800,173.7300,179.2400,65584500
4446,2024-05-28,TSLA,176.4000,178.2500,173.1600,176.7500,59736600
4447,2024-05-29,TSLA,174.1900,178.1500,173.9300,176.1900,54782600
4448,2024-05-30,TSLA,178.5800,182.6700,175.3800,178.7900,77618400
4449,2024-05-31,TSLA,178.5000,180.3200,173.8200,178.0800,67314600
4450,2024-06-03,TSLA,178.1300,182.6400,174.4900,176.2900,68568900
4451,2024-06-04,TSLA,174.7800,177.7600,174.0000,174.7700,60056300
4452,2024-06-05,TSLA,175.3500,176.1500,172.1300,175.0000,57953800
4453,2024-06-06,TSLA,174.6000,179.7300,172.7300,177.9400,69887000
4454,2024-06-07,TSLA,176.1300,179.3500,175.5800,177.4800,56244900
4455,2024-06-10,TSLA,176.0600,178.5700,173.1700,173.7900,50774600
4456,2024-06-11,TSLA,173.9200,174.7500,167.4100,170.6600,64761900
4457,2024-06-12,TSLA,171.1200,180.5500,169.8000,177.2900,90389400
4458,2024-06-13,TSLA,188.3900,191.0800,181.2300,182.4700,118984100
4459,2024-06-14,TSLA,185.8000,186.0000,176.9200,178.0100,82038200
4460,2024-06-17,TSLA,177.9200,188.8100,177.0000,187.4400,109786100
4461,2024-06-18,TSLA,186.5600,187.2000,182.3700,184.8600,68982300
4462,2024-06-20,TSLA,184.6800,185.2100,179.6600,181.5700,55893100
4463,2024-06-21,TSLA,182.3000,183.9500,180.6900,183.0100,61937300
4464,2024-06-24,TSLA,184.9700,188.8000,182.5500,182.5800,61992100
4465,2024-06-25,TSLA,184.4000,187.9700,182.0100,187.3500,62905700
4466,2024-06-26,TSLA,186.5400,197.7600,186.3600,196.3700,95737100
4467,2024-06-27,TSLA,195.1700,198.7200,194.0500,197.4200,72746500
4468,2024-06-28,TSLA,199.5500,203.2000,195.2600,197.8800,95438100
4469,2024-07-01,TSLA,201.0200,213.2300,200.8500,209.8600,135691400
4470,2024-07-02,TSLA,218.8900,231.3000,218.0600,231.2600,205047900
4471,2024-07-03,TSLA,234.5600,248.3500,234.2500,246.3900,166561500
4472,2024-07-05,TSLA,249.8100,252.3700,242.4600,251.5200,154501200
4473,2024-07-08,TSLA,247.7100,259.4400,244.5700,252.9400,157219600
4474,2024-07-09,TSLA,251.0000,265.6100,250.3000,262.3300,160210900
4475,2024-07-10,TSLA,262.8000,267.5900,257.8600,263.2600,128519400
4476,2024-07-11,TSLA,263.3000,271.0000,239.6500,241.0300,221707300
4477,2024-07-12,TSLA,235.8000,251.8400,233.0900,248.2300,155955800
4478,2024-07-15,TSLA,255.9700,265.6000,251.7300,252.6400,146912900
4479,2024-07-16,TSLA,255.3100,258.6200,245.8000,256.5600,126332500
4480,2024-07-17,TSLA,252.7300,258.4700,246.1800,248.5000,115584800
4481,2024-07-18,TSLA,251.0900,257.1400,247.2000,249.2300,110869000
4482,2024-07-19,TSLA,247.7900,249.4400,236.8300,239.2000,87403900
4483,2024-07-22,TSLA,244.2100,253.2100,243.7500,251.5100,101225400
4484,2024-07-23,TSLA,253.6000,255.7600,245.6300,246.3800,111928200
4485,2024-07-24,TSLA,225.4200,225.9900,214.7100,215.9900,167942900
4486,2024-07-25,TSLA,216.8000,226.0000,216.2300,220.2500,100636500
4487,2024-07-26,TSLA,221.1900,222.2800,215.3300,219.8000,94604100
4488,2024-07-29,TSLA,224.9000,234.2700,224.7000,232.1000,129201800
4489,2024-07-30,TSLA,232.2500,232.4100,220.0000,222.6200,100560300
4490,2024-07-31,TSLA,227.9000,234.6800,226.7900,232.0700,67497000
4491,2024-08-01,TSLA,227.6900,231.8700,214.3300,216.8600,83861900
4492,2024-08-02,TSLA,214.8800,216.1300,205.7800,207.6700,82880100
4493,2024-08-05,TSLA,185.2200,203.8800,182.0000,198.8800,100308800
4494,2024-08-06,TSLA,200.7500,202.9000,192.6700,200.6400,73783900
4495,2024-08-07,TSLA,200.7700,203.4900,191.4800,191.7600,71159800
4496,2024-08-08,TSLA,195.7000,200.7000,192.0400,198.8400,65033900
4497,2024-08-09,TSLA,197.0500,200.8800,195.1100,200.0000,58648300
4498,2024-08-12,TSLA,199.0200,199.2600,194.6700,197.4900,64044900
4499,2024-08-13,TSLA,198.4700,208.4900,197.0600,207.8300,76247400
4500,2024-08-14,TSLA,207.3900,208.4400,198.7500,201.3800,70250000
4501,2024-08-15,TSLA,205.0200,215.8800,204.8200,214.1400,89848500
4502,2024-08-16,TSLA,211.1500,219.8000,210.8000,216.1200,88765100
4503,2024-08-19,TSLA,217.0700,222.9800,214.0900,222.7200,76435200
4504,2024-08-20,TSLA,224.8800,228.2200,219.5600,221.1000,74001200
4505,2024-08-21,TSLA,222.6700,224.6600,218.8600,223.2700,70146000
4506,2024-08-22,TSLA,223.8200,224.8000,210.3200,210.6600,79514500
4507,2024-08-23,TSLA,214.4600,221.4800,214.2100,220.3200,81525200
4508,2024-08-26,TSLA,218.7500,219.0900,211.0100,213.2100,59301200
4509,2024-08-27,TSLA,213.2500,215.6600,206.9400,209.2100,62821400
4510,2024-08-28,TSLA,209.7200,211.8400,202.5900,205.7500,64116400
4511,2024-08-29,TSLA,209.8000,214.8900,205.9700,206.2800,62308800
4512,2024-08-30,TSLA,208.6300,214.5700,207.0300,214.1100,63370600
4513,2024-09-03,TSLA,215.2600,219.9000,209.6400,210.6000,76714200
4514,2024-09-04,TSLA,210.5900,222.2200,210.5700,219.4100,80651800
4515,2024-09-05,TSLA,223.4900,235.0000,222.2500,230.1700,119355000
4516,2024-09-06,TSLA,232.6000,233.6000,210.5100,210.7300,112177000
4517,2024-09-09,TSLA,216.2000,219.8700,213.6700,216.2700,67443500
4518,2024-09-10,TSLA,220.0700,226.4000,218.6400,226.1700,78891100
4519,2024-09-11,TSLA,224.5500,228.4700,216.8000,228.1300,83548600
4520,2024-09-12,TSLA,224.6600,231.4500,223.8300,229.8100,71894900
4521,2024-09-13,TSLA,228.0000,232.6700,226.3200,230.2900,59515100
4522,2024-09-16,TSLA,229.3000,229.9600,223.5300,226.7800,54323000
4523,2024-09-17,TSLA,229.4500,234.5700,226.5500,227.8700,66761600
4524,2024-09-18,TSLA,230.0900,235.6800,226.8800,227.2000,78010200
4525,2024-09-19,TSLA,234.0000,244.2400,232.1300,243.9200,102694600
4526,2024-09-20,TSLA,241.5200,243.9900,235.9200,238.2500,99879100
4527,2024-09-23,TSLA,242.6100,250.0000,241.9200,250.0000,86927200
4528,2024-09-24,TSLA,254.0800,257.1900,249.0500,254.2700,88491000
4529,2024-09-25,TSLA,252.5400,257.0500,252.2800,257.0200,65034300
4530,2024-09-26,TSLA,260.6000,261.7500,251.5300,254.2200,67142200
4531,2024-09-27,TSLA,257.3800,260.7000,254.1200,260.4600,70988100
4532,2024-09-30,TSLA,259.0400,264.8600,255.7700,261.6300,80705700
4533,2024-10-01,TSLA,262.6700,263.9800,248.5300,258.0200,87397600
4534,2024-10-02,TSLA,247.5500,251.1600,241.5000,249.0200,93983900
4535,2024-10-03,TSLA,244.4800,249.7900,237.8100,240.6600,80729200
4536,2024-10-04,TSLA,246.6900,250.9600,244.5800,250.0800,86573200
4537,2024-10-07,TSLA,249.0000,249.8300,240.7000,240.8300,68113300
4538,2024-10-08,TSLA,243.5600,246.2100,240.5600,244.5000,56303200
4539,2024-10-09,TSLA,243.8200,247.4300,239.5100,241.0500,66289500
4540,2024-10-10,TSLA,241.8100,242.7900,232.3400,238.7700,83087100
4541,2024-10-11,TSLA,220.1300,223.3400,214.3800,217.8000,142628900
4542,2024-10-14,TSLA,220.1300,221.9100,213.7400,219.1600,86291900
4543,2024-10-15,TSLA,220.0100,224.2600,217.1200,219.5700,62988800
4544,2024-10-16,TSLA,221.4000,222.8200,218.9300,221.3300,49632800
4545,2024-10-17,TSLA,221.5900,222.0800,217.9000,220.8900,50791800
4546,2024-10-18,TSLA,220.7100,222.2800,219.2300,220.7000,49611900
4547,2024-10-21,TSLA,218.9000,220.4800,215.7300,218.8500,47329000
4548,2024-10-22,TSLA,217.3100,218.2200,215.2600,217.9700,43268700
4549,2024-10-23,TSLA,217.1300,218.7200,212.1100,213.6500,80938900
4550,2024-10-24,TSLA,244.6800,262.1200,242.6500,260.4800,204491900
4551,2024-10-25,TSLA,256.0100,269.4900,255.3200,269.1900,161611900
4552,2024-10-28,TSLA,270.0000,273.5400,262.2400,262.5100,107653600
4553,2024-10-29,TSLA,264.5100,264.9800,255.5100,259.5200,80521800
4554,2024-10-30,TSLA,258.0400,263.3500,255.8200,257.5500,53993600
4555,2024-10-31,TSLA,257.9900,259.7500,249.2500,249.8500,66575300
4556,2024-11-01,TSLA,252.0400,254.0000,246.6300,248.9800,57544800
4557,2024-11-04,TSLA,244.5600,248.9000,238.8800,242.8400,68802400
4558,2024-11-05,TSLA,247.3400,255.2800,246.2100,251.4400,69282500
4559,2024-11-06,TSLA,284.6700,289.5900,275.6200,288.5300,165228700
4560,2024-11-07,TSLA,288.8900,299.7500,285.5200,296.9100,117309200
4561,2024-11-08,TSLA,299.1400,328.7100,297.6600,321.2200,204782800
4562,2024-11-11,TSLA,346.3000,358.6400,336.0000,350.0000,210521600
4563,2024-11-12,TSLA,342.7400,345.8400,323.3100,328.4900,155726000
4564,2024-11-13,TSLA,335.8500,344.6000,322.5000,330.2400,125405600
4565,2024-11-14,TSLA,327.6900,329.9800,310.3700,311.1800,120726100
4566,2024-11-15,TSLA,310.5700,324.6800,309.2200,320.7200,114440300
4567,2024-11-18,TSLA,340.7300,348.5500,330.0100,338.7400,126085600
4568,2024-11-19,TSLA,335.7600,347.3800,332.7500,346.0000,88852500
4569,2024-11-20,TSLA,345.0000,346.6000,334.3000,342.0300,66340700
4570,2024-11-21,TSLA,343.8100,347.9900,335.2800,339.6400,58011700
4571,2024-11-22,TSLA,341.0900,361.5300,337.7000,352.5600,89140700
4572,2024-11-25,TSLA,360.1400,361.9300,338.2000,338.5900,95890900
4573,2024-11-26,TSLA,341.0000,346.9600,335.6600,338.2300,62295900
4574,2024-11-27,TSLA,341.8000,342.5500,326.5900,332.8900,57896400
4575,2024-11-29,TSLA,336.0800,345.4500,334.6500,345.1600,37167600
4576,2024-12-02,TSLA,352.3800,360.0000,351.1500,357.0900,77986500
4577,2024-12-03,TSLA,351.8000,355.6900,348.2000,351.4200,58267200
4578,2024-12-04,TSLA,353.0000,358.1000,348.6000,357.9300,50810900
4579,2024-12-05,TSLA,359.8700,375.4300,359.5000,369.4900,81403600
4580,2024-12-06,TSLA,377.4200,389.4900,370.8000,389.2200,81455800
4581,2024-12-09,TSLA,397.6100,404.8000,378.0100,389.7900,96359200
4582,2024-12-10,TSLA,392.6800,409.7300,390.8500,400.9900,97563600
4583,2024-12-11,TSLA,409.7000,424.8800,402.3800,424.7700,104287600
4584,2024-12-12,TSLA,424.8400,429.3000,415.0000,418.1000,87752200
4585,2024-12-13,TSLA,420.0000,436.3000,415.7100,436.2300,89000200
4586,2024-12-16,TSLA,441.0900,463.1900,436.1500,463.0200,114083800
4587,2024-12-17,TSLA,475.9000,483.9900,457.5100,479.8600,131223000
4588,2024-12-18,TSLA,466.5000,488.5400,427.0100,440.1300,149340800
4589,2024-12-19,TSLA,451.8800,456.3600,420.0200,436.1700,118566100
4590,2024-12-20,TSLA,425.5100,447.0800,417.6400,421.0600,132216200
4591,2024-12-23,TSLA,431.0000,434.5100,415.4100,430.6000,72698100
4592,2024-12-24,TSLA,435.9000,462.7800,435.1400,462.2800,59551800
4593,2024-12-26,TSLA,465.1600,465.3300,451.0200,454.1300,76366400
4594,2024-12-27,TSLA,449.5200,450.0000,426.5000,431.6600,82666800
4595,2024-12-30,TSLA,419.4000,427.0000,415.7500,417.4100,64941000
4596,2024-12-31,TSLA,423.7900,427.9300,402.5400,403.8400,76825100
4597,2025-01-02,TSLA,390.1000,392.7300,373.0400,379.2800,109710700
4598,2025-01-03,TSLA,381.4800,411.8800,379.4500,410.4400,95423300
4599,2025-01-06,TSLA,423.2000,426.4300,401.7000,411.0500,85516500
4600,2025-01-07,TSLA,405.8300,414.3300,390.0000,394.3600,75699500
4601,2025-01-08,TSLA,392.9500,402.5000,387.4000,394.9400,73038800
4602,2025-01-10,TSLA,391.4000,399.2800,377.2900,394.7400,62287300
4603,2025-01-13,TSLA,383.2100,403.7900,380.0700,403.3100,67580500
4604,2025-01-14,TSLA,414.3400,422.6400,394.5400,396.3600,84565000
4605,2025-01-15,TSLA,409.9000,429.8000,405.6600,428.2200,81375500
4606,2025-01-16,TSLA,423.4900,424.0000,409.1300,413.8200,68335200
4607,2025-01-17,TSLA,421.5000,439.7400,419.7500,426.5000,94991400
4608,2025-01-21,TSLA,432.6400,433.2000,406.3100,424.0700,87320900
4609,2025-01-22,TSLA,416.8100,428.0000,414.5900,415.1100,60963300
4610,2025-01-23,TSLA,416.0600,420.7300,408.9500,412.3800,50690600
4611,2025-01-24,TSLA,414.4500,418.8800,405.7800,406.5800,56427100
4612,2025-01-27,TSLA,394.8000,406.6900,389.0000,397.1500,58125500
4613,2025-01-28,TSLA,396.9100,400.5900,386.5000,398.0900,48910700
4614,2025-01-29,TSLA,395.2100,398.5900,384.4800,389.1000,68033600
4615,2025-01-30,TSLA,410.7800,412.5000,384.4100,400.2800,98092900
4616,2025-01-31,TSLA,401.5300,419.9900,401.3400,404.6000,83283600
4617,2025-02-03,TSLA,386.6800,389.1700,374.3600,383.6800,93732100
4618,2025-02-04,TSLA,382.6300,394.0000,381.4000,392.2100,57072200
4619,2025-02-05,TSLA,387.5100,388.3900,375.5300,378.1700,57223300
4620,2025-02-06,TSLA,373.0300,375.4000,363.1800,374.3200,77918200
4621,2025-02-07,TSLA,370.1900,380.5500,360.3400,361.6200,70298300
4622,2025-02-10,TSLA,356.2100,362.7000,350.5100,350.7300,77514900
4623,2025-02-11,TSLA,345.8000,349.3700,325.1000,328.5000,118543400
4624,2025-02-12,TSLA,329.9400,346.4000,329.1200,336.5100,105382700
4625,2025-02-13,TSLA,345.0000,358.6900,342.8500,355.9400,89441500
4626,2025-02-14,TSLA,360.6200,362.0000,347.5000,355.8400,68277300
4627,2025-02-18,TSLA,355.0100,359.1000,350.0200,354.1100,51631700
4628,2025-02-19,TSLA,354.0000,367.3400,353.6700,360.5600,67094400
4629,2025-02-20,TSLA,361.5100,362.3000,348.0000,354.4000,45965400
4630,2025-02-21,TSLA,353.4400,354.9800,334.4200,337.8000,74058600
4631,2025-02-24,TSLA,338.1400,342.4000,324.7000,330.5300,76052300
4632,2025-02-25,TSLA,327.0200,328.8900,297.2500,302.8000,134228800
4633,2025-02-26,TSLA,303.7100,309.0000,288.0400,290.8000,100118300
4634,2025-02-27,TSLA,291.1600,297.2300,280.8800,281.9500,101748200
4635,2025-02-28,TSLA,279.5000,293.8800,273.6000,292.9800,115697000
4636,2025-03-03,TSLA,300.3400,303.9400,277.3000,284.6500,115551400
4637,2025-03-04,TSLA,270.9300,284.3500,261.8400,272.0400,126706600
4638,2025-03-05,TSLA,272.9200,279.5500,267.7100,279.1000,94042900
4639,2025-03-06,TSLA,272.0600,272.6500,260.0200,263.4500,98451600
4640,2025-03-07,TSLA,259.3200,266.2500,250.7300,262.6700,102369600
4641,2025-03-10,TSLA,252.5400,253.3700,220.0000,222.1500,189076900
4642,2025-03-11,TSLA,225.3100,237.0600,217.0200,230.5800,174896400
4643,2025-03-12,TSLA,247.2200,251.8400,241.1000,248.0900,142215700
4644,2025-03-13,TSLA,248.1300,248.2900,232.6000,240.6800,114813500
4645,2025-03-14,TSLA,247.3100,251.5800,240.7300,249.9800,100242300
4646,2025-03-17,TSLA,245.0600,245.4000,232.8000,238.0100,111900600
4647,2025-03-18,TSLA,228.1600,230.1000,222.2800,225.3100,111477600
4648,2025-03-19,TSLA,231.6100,241.4100,229.2000,235.8600,111993800
4649,2025-03-20,TSLA,233.3500,238.0000,230.0500,236.2600,99028300
4650,2025-03-21,TSLA,234.9900,249.5200,234.5500,248.7100,132728700
4651,2025-03-24,TSLA,258.0800,278.6400,256.3300,278.3900,169079900
4652,2025-03-25,TSLA,283.6000,288.2000,271.2800,288.1400,150361500
4653,2025-03-26,TSLA,282.6600,284.9000,266.5100,272.0600,153629800
4654,2025-03-27,TSLA,272.4800,291.8500,271.8200,273.1300,162572100
4655,2025-03-28,TSLA,275.5800,276.1000,260.5700,263.5500,123809400
4656,2025-03-31,TSLA,249.3100,260.5600,243.3600,259.1600,134008900
4657,2025-04-01,TSLA,263.8000,277.4500,259.2500,268.4600,146486900
4658,2025-04-02,TSLA,254.6000,284.9900,251.2700,282.7600,212787800
4659,2025-04-03,TSLA,265.2900,276.3000,261.5100,267.2800,136174300
4660,2025-04-04,TSLA,255.3800,261.0000,236.0000,239.4300,181229400
4661,2025-04-07,TSLA,223.7800,252.0000,214.2500,233.2900,183453800
4662,2025-04-08,TSLA,245.0000,250.4400,217.8000,221.8600,171603500
4663,2025-04-09,TSLA,224.6900,274.6900,223.8800,272.2000,219433400
4664,2025-04-10,TSLA,260.0000,262.4900,239.3300,252.4000,181722600
4665,2025-04-11,TSLA,251.8400,257.7400,241.3600,252.3100,128948100
4666,2025-04-14,TSLA,258.3600,261.8000,245.9300,252.3500,100135200
4667,2025-04-15,TSLA,249.9100,258.7500,247.5400,254.1100,79594300
4668,2025-04-16,TSLA,247.6100,251.9700,233.8900,241.5500,112378700
4669,2025-04-17,TSLA,243.4700,244.3400,237.6800,241.3700,83404800
4670,2025-04-21,TSLA,230.2600,232.2100,222.7900,227.5000,97768000
4671,2025-04-22,TSLA,230.9600,242.7900,229.8500,237.9700,120858500
4672,2025-04-23,TSLA,254.8600,259.4500,244.4300,250.7400,150381900
4673,2025-04-24,TSLA,250.5000,259.5400,249.2000,259.5100,94464200
4674,2025-04-25,TSLA,261.6900,286.8500,259.6300,284.9500,167560700
4675,2025-04-28,TSLA,288.9800,294.8600,272.4200,285.8800,151731800
4676,2025-04-29,TSLA,285.5000,293.3200,279.4700,292.0300,108906600
4677,2025-04-30,TSLA,279.9000,284.4500,270.7800,282.1600,128961100
4678,2025-05-01,TSLA,280.0100,290.8700,279.8100,280.5200,99659000
4679,2025-05-02,TSLA,284.9000,294.7800,279.8100,287.2100,114454700
4680,2025-05-05,TSLA,284.5700,284.8500,274.4000,280.2600,94618900
4681,2025-05-06,TSLA,273.1100,277.7300,271.3500,275.3500,76715800
4682,2025-05-07,TSLA,276.8800,277.9200,271.0000,276.2200,71592600
4683,2025-05-08,TSLA,279.6300,289.8000,279.4100,284.8200,97539400
4684,2025-05-09,TSLA,290.2100,307.0400,290.0000,298.2600,132387800
4685,2025-05-12,TSLA,321.9900,322.2100,311.5000,318.3800,112826700
4686,2025-05-13,TSLA,320.0000,337.5900,316.8000,334.0700,136992600
4687,2025-05-14,TSLA,342.5000,350.0000,337.0000,347.6800,136997300
4688,2025-05-15,TSLA,340.3400,346.1400,334.7200,342.8200,97882600
4689,2025-05-16,TSLA,346.2400,351.6200,342.3300,349.9800,95895700
4690,2025-05-19,TSLA,336.3000,343.0000,333.3700,342.0900,88869900
4691,2025-05-20,TSLA,347.8700,354.9900,341.6300,343.8200,131715500
4692,2025-05-21,TSLA,344.4300,347.3500,332.2000,334.6200,102354800
4693,2025-05-22,TSLA,331.9000,347.2700,331.3900,341.0400,97113400
4694,2025-05-23,TSLA,337.9200,343.1800,333.2100,339.3400,84654800
4695,2025-05-27,TSLA,347.3500,363.7900,347.3200,362.8900,120146400
4696,2025-05-28,TSLA,364.8400,365.0000,355.9100,356.9000,91404300
4697,2025-05-29,TSLA,365.2900,367.7100,356.0000,358.4300,88087800
4698,2025-05-30,TSLA,355.5200,363.6800,345.2900,346.4600,123474900
4699,2025-06-02,TSLA,343.5000,348.0200,333.3300,342.6900,81873800
4700,2025-06-03,TSLA,346.6000,355.4000,343.0400,344.2700,99324500
4701,2025-06-04,TSLA,345.1000,345.6000,327.3300,332.0500,98912100
4702,2025-06-05,TSLA,322.4900,324.5500,273.2100,284.7000,287499800
4703,2025-06-06,TSLA,298.8300,305.5000,291.1400,295.1400,164747700
4704,2025-06-09,TSLA,285.9600,309.8300,281.8500,308.5800,140908900
4705,2025-06-10,TSLA,314.9400,327.8300,310.6700,326.0900,151256500
4706,2025-06-11,TSLA,334.4000,335.5000,322.5000,326.4300,122611400
4707,2025-06-12,TSLA,323.0800,332.5600,316.8600,319.1100,105127500
4708,2025-06-13,TSLA,313.9700,332.9900,313.3000,325.3100,128964300
4709,2025-06-16,TSLA,331.2900,332.0500,326.4100,329.1300,83925900
4710,2025-06-17,TSLA,326.0900,327.2600,314.7400,316.3500,88282700
4711,2025-06-18,TSLA,317.3100,329.3200,315.4500,322.0500,95137700
4712,2025-06-20,TSLA,327.9500,332.3600,317.7800,322.1600,108688000
4713,2025-06-23,TSLA,327.5400,357.5400,327.4800,348.6800,190716800
4714,2025-06-24,TSLA,356.1700,356.2600,340.4400,340.4700,114736200
4715,2025-06-25,TSLA,342.7000,343.0000,320.4000,327.5500,119845100
4716,2025-06-26,TSLA,324.6100,331.0500,323.6100,325.7800,80440900
4717,2025-06-27,TSLA,324.5100,329.3400,317.5000,323.6300,89067000
4718,2025-06-30,TSLA,319.9000,325.5800,316.6000,317.6600,76695100
4719,2025-07-01,TSLA,298.4600,305.8900,293.2100,300.7100,145085700
4720,2025-07-02,TSLA,312.6300,316.8300,303.8200,315.6500,119483700
4721,2025-07-03,TSLA,317.9900,318.4500,312.7600,315.3500,58042300
4722,2025-07-07,TSLA,291.3700,296.1500,288.7700,293.9400,131177900
4723,2025-07-08,TSLA,297.0000,304.0500,294.3500,297.8100,103246700
4724,2025-07-09,TSLA,297.5500,300.1500,293.5500,295.8800,75586800
4725,2025-07-10,TSLA,300.0500,310.4800,300.0000,309.8700,104365300
4726,2025-07-11,TSLA,307.8900,314.0900,305.6500,313.5100,79236400
4727,2025-07-14,TSLA,317.7300,322.6000,312.6700,316.9000,78043400
4728,2025-07-15,TSLA,319.6800,321.2000,310.5000,310.7800,77556300
4729,2025-07-16,TSLA,312.8000,323.5000,312.6200,321.6700,97284800
4730,2025-07-17,TSLA,323.1500,324.3400,317.0600,319.4100,73922900
4731,2025-07-18,TSLA,321.6600,330.9000,321.4200,329.6500,94255000
4732,2025-07-21,TSLA,334.4000,338.0000,326.8800,328.4900,75768800
4733,2025-07-22,TSLA,329.7400,335.4100,321.5500,332.1100,77370400
4734,2025-07-23,TSLA,330.9000,336.2000,328.6700,332.5600,92553800
4735,2025-07-24,TSLA,310.0000,310.1500,300.4100,305.3000,156966000
4736,2025-07-25,TSLA,308.7400,323.6300,308.0100,316.0600,148227000
4737,2025-07-28,TSLA,318.4500,330.4900,315.6900,325.5900,112673800
4738,2025-07-29,TSLA,325.5500,326.2500,318.2500,321.2000,87358900
4739,2025-07-30,TSLA,322.1800,324.4500,311.6200,319.0400,83931900
4740,2025-07-31,TSLA,319.6100,321.3700,306.1000,308.2700,85270900
4741,2025-08-01,TSLA,306.2100,309.3100,297.8200,302.6300,89121400
4742,2025-08-04,TSLA,309.0800,312.1200,303.0000,309.2600,78683900
4743,2025-08-05,TSLA,308.9500,312.4500,305.5000,308.7200,57961300
4744,2025-08-06,TSLA,307.8900,320.4700,306.9300,319.9100,78523600
4745,2025-08-07,TSLA,319.7900,322.4000,316.1600,322.2700,66658700
4746,2025-08-08,TSLA,321.4300,335.1500,320.9800,329.6500,91200300
4747,2025-08-11,TSLA,335.0000,346.6400,334.1500,339.0300,105320200
4748,2025-08-12,TSLA,345.0000,345.2600,332.9400,340.8400,80522100
4749,2025-08-13,TSLA,341.5000,348.9800,338.2000,339.3800,67838900
4750,2025-08-14,TSLA,335.7600,340.4700,330.4000,335.5800,75000700
4751,2025-08-15,TSLA,337.6600,339.3000,327.0200,330.5600,74319800
4752,2025-08-18,TSLA,329.6200,336.2700,329.5900,335.1600,56956600
4753,2025-08-19,TSLA,335.7900,340.5500,327.8500,329.3100,75956000
4754,2025-08-20,TSLA,329.2200,331.3700,314.6000,323.9000,77481800
4755,2025-08-21,TSLA,322.0800,324.9000,318.6800,320.1100,55744400
4756,2025-08-22,TSLA,321.6600,340.2500,319.6900,340.0100,94016300
4757,2025-08-25,TSLA,338.9000,349.5300,335.0300,346.6000,86670000
4758,2025-08-26,TSLA,344.9300,351.9000,343.7200,351.6700,76651600
4759,2025-08-27,TSLA,351.9400,355.3900,349.1600,349.6000,65519000
4760,2025-08-28,TSLA,350.9100,353.5500,340.2600,345.9800,67903200
4761,2025-08-29,TSLA,347.2300,348.7500,331.7000,333.8700,81145700
4762,2025-09-02,TSLA,328.2300,333.3300,325.6000,329.3600,58392000
4763,2025-09-03,TSLA,335.2000,343.3300,328.5100,334.0900,88733300
4764,2025-09-04,TSLA,336.1500,338.8900,331.4800,338.5300,60711000
4765,2025-09-05,TSLA,348.0000,355.8700,344.6800,350.8400,108989800
4766,2025-09-08,TSLA,354.6400,358.4400,344.8400,346.4000,75208300
4767,2025-09-09,TSLA,348.4400,350.7700,343.8200,346.9700,53816000
4768,2025-09-10,TSLA,350.5500,356.3300,346.0700,347.7900,72121700
4769,2025-09-11,TSLA,350.1700,368.9900,347.6000,368.8100,103756000
4770,2025-09-12,TSLA,370.9400,396.6900,370.2400,395.9400,168156400
4771,2025-09-15,TSLA,423.1300,425.7000,402.4300,410.0400,163823700
4772,2025-09-16,TSLA,414.5000,423.2500,411.4300,421.6200,104285700
4773,2025-09-17,TSLA,415.7500,428.3100,409.6700,425.8600,106133500
4774,2025-09-18,TSLA,428.8700,432.2200,416.5600,416.8500,90454500
4775,2025-09-19,TSLA,421.8200,429.4700,421.7200,426.0700,93131000
4776,2025-09-22,TSLA,431.1100,444.9800,429.1300,434.2100,97108800
4777,2025-09-23,TSLA,439.8800,440.9700,423.7200,425.8500,83422700
4778,2025-09-24,TSLA,429.8300,444.2100,429.0300,442.7900,93133600
4779,2025-09-25,TSLA,435.2400,435.3500,419.0800,423.3900,96746400
4780,2025-09-26,TSLA,428.3000,440.4700,421.0200,440.4000,101628200
4781,2025-09-29,TSLA,444.3500,450.9800,439.5000,443.2100,79491500
4782,2025-09-30,TSLA,441.5200,445.0000,433.1200,444.7200,74358000
4783,2025-10-01,TSLA,443.8000,462.2900,440.7500,459.4600,98122300
4784,2025-10-02,TSLA,470.5400,470.7500,435.5700,436.0000,137009000
4785,2025-10-03,TSLA,443.2900,446.7700,416.5800,429.8300,133188200
4786,2025-10-06,TSLA,440.7500,453.5500,436.6900,453.2500,85324900
4787,2025-10-07,TSLA,447.8200,452.6800,432.4500,433.0900,102296100
4788,2025-10-08,TSLA,437.5700,441.3300,425.2300,438.6900,71192100
4789,2025-10-09,TSLA,431.8100,436.3500,426.1800,435.5400,69339900
4790,2025-10-10,TSLA,436.5400,443.1300,411.4500,413.4900,112107900
4791,2025-10-13,TSLA,423.5300,436.8900,419.7000,435.9000,79552800
4792,2025-10-14,TSLA,426.7900,434.2000,417.8600,429.2400,72669400
4793,2025-10-15,TSLA,434.9000,440.5100,426.3300,435.1500,71558200
4794,2025-10-16,TSLA,434.7300,439.3500,421.3100,428.7500,77189900
4795,2025-10-17,TSLA,425.5000,441.4600,423.6000,439.3100,89331600
4796,2025-10-20,TSLA,443.8700,449.8000,440.6100,447.4300,63719000
4797,2025-10-21,TSLA,445.7600,449.3000,442.0500,442.6000,54412200
4798,2025-10-22,TSLA,443.4500,445.5400,429.0000,438.9700,84023500
4799,2025-10-23,TSLA,420.0000,449.4000,413.9000,448.9800,126709800
4800,2025-10-24,TSLA,446.8300,451.6800,430.1700,433.7200,94727800
4801,2025-10-27,TSLA,439.9800,460.1600,438.6900,452.4200,105867500
4802,2025-10-28,TSLA,454.7800,467.0000,451.6000,460.5500,80185700
4803,2025-10-29,TSLA,462.5000,465.7000,452.6500,461.5100,67983500
4804,2025-10-30,TSLA,451.0500,455.0600,439.6100,440.1000,72447900
4805,2025-10-31,TSLA,446.7500,458.0000,443.6900,456.5600,83135800
4806,2025-11-03,TSLA,455.9900,474.0700,453.8000,468.3700,84595200
4807,2025-11-04,TSLA,454.4600,460.2200,443.6000,444.2600,87756600
4808,2025-11-05,TSLA,452.0500,466.3300,440.7100,462.0700,85573000
4809,2025-11-06,TSLA,461.9600,467.4500,435.0900,445.9100,109622900
4810,2025-11-07,TSLA,437.9200,439.3600,421.8800,429.5200,103471500
4811,2025-11-10,TSLA,439.6000,449.6700,433.3600,445.2300,76515900
4812,2025-11-11,TSLA,439.4000,442.4900,432.3600,439.6200,60533200
4813,2025-11-12,TSLA,442.1500,442.3300,426.5600,430.6000,58513500
4814,2025-11-13,TSLA,423.1300,424.5000,396.3400,401.9900,118948000
4815,2025-11-14,TSLA,386.3000,412.1900,382.7800,404.3500,105506700
4816,2025-11-17,TSLA,398.7400,423.9600,398.7400,408.9200,102214300
4817,2025-11-18,TSLA,405.3800,408.9000,393.7100,401.2500,80688600
4818,2025-11-19,TSLA,406.1800,411.7800,398.5000,403.9900,72047700
4819,2025-11-20,TSLA,414.6300,428.9400,394.7400,395.2300,113548800
4820,2025-11-21,TSLA,402.3200,402.8000,383.7600,391.0900,100460600
4821,2025-11-24,TSLA,402.1700,421.7200,401.0900,417.7800,96806400
4822,2025-11-25,TSLA,414.4200,420.4800,405.9500,419.4000,71915600
4823,2025-11-26,TSLA,423.9500,426.9400,416.8900,426.5800,63463000
4824,2025-11-28,TSLA,426.5900,432.9300,426.2000,430.1700,36252900
4825,2025-12-01,TSLA,425.3200,433.6600,425.2900,430.1400,57463600
4826,2025-12-02,TSLA,430.8100,436.8000,422.1200,429.2400,69336600
4827,2025-12-03,TSLA,432.1000,447.9200,431.1100,446.7400,87483000
4828,2025-12-04,TSLA,449.9400,454.6300,445.3900,454.5300,71906500
4829,2025-12-05,TSLA,453.0300,458.8700,451.6600,455.0000,56427500
4830,2025-12-08,TSLA,447.4500,449.7500,435.2500,439.5800,69165800
4831,2025-12-09,TSLA,437.5400,452.3900,435.7000,445.1700,62367400
4832,2025-12-10,TSLA,446.0700,456.8800,443.6100,451.4500,63257500
4833,2025-12-11,TSLA,448.9500,449.2700,440.3300,446.8900,55979500
4834,2025-12-12,TSLA,448.0900,463.0100,441.6700,458.9600,95656700
4835,2025-12-15,TSLA,469.4400,481.7700,467.6600,475.3100,114542200
4836,2025-12-16,TSLA,472.2100,491.5000,465.8300,489.8800,107608100
4837,2025-12-17,TSLA,488.2200,495.2800,466.2000,467.2600,106490400
4838,2025-12-18,TSLA,478.1600,490.8600,473.1200,483.3700,95168400
4839,2025-12-19,TSLA,488.1200,490.4900,474.7200,481.2000,103305400
4840,2025-12-22,TSLA,489.8800,498.8300,485.3300,488.7300,86916100
4841,2025-12-23,TSLA,489.4000,491.9700,482.8400,485.5600,58223600
4842,2025-12-24,TSLA,488.4800,490.9000,476.8000,485.4000,41285400
4843,2025-12-26,TSLA,485.2300,489.0900,473.8200,475.1900,58780700
4844,2025-12-29,TSLA,469.0000,469.4000,459.0000,459.6400,66263000
4845,2025-12-30,TSLA,461.0900,463.1200,453.8300,454.4300,59238500
4846,2025-12-31,TSLA,456.1000,456.5500,449.3000,449.7200,49078000
4847,2026-01-02,TSLA,457.8000,458.3400,435.3000,438.0700,85535400
4848,2026-01-05,TSLA,447.9900,457.5500,444.5700,451.6700,67940800
4849,2026-01-06,TSLA,446.3800,448.2500,428.7800,432.9600,89093800
4850,2026-01-07,TSLA,435.9000,438.3700,431.2900,431.4100,59828800
4851,2026-01-08,TSLA,427.8900,436.8900,424.3700,435.8000,57041100
4852,2026-01-09,TSLA,435.9500,449.0500,430.3900,445.0100,67331500
4853,2026-01-12,TSLA,441.2300,454.3000,438.0000,448.9600,61649600
4854,2026-01-13,TSLA,450.2000,451.8100,443.9500,447.2000,53719200
4855,2026-01-14,TSLA,442.8100,443.9100,434.2200,439.2000,57259500
4856,2026-01-15,TSLA,441.1300,445.3600,437.6500,438.5700,49465800
4857,2026-01-16,TSLA,439.5000,447.2500,435.2600,437.5000,60220600
4858,2026-01-20,TSLA,429.3600,430.7300,417.4400,419.2500,63187300
4859,2026-01-21,TSLA,421.6600,438.2000,419.6200,431.4400,68124000
4860,2026-01-22,TSLA,435.1600,449.5000,432.6300,449.3600,71546700
4861,2026-01-23,TSLA,447.4300,452.4300,444.0400,449.0600,56771400
4862,2026-01-26,TSLA,445.0000,445.0400,434.2800,435.2000,49397400
4863,2026-01-27,TSLA,437.4100,437.5200,430.6900,430.9000,37733100
4864,2026-01-28,TSLA,431.9100,438.2600,430.1000,431.4600,54857400
4865,2026-01-29,TSLA,437.8000,440.2300,414.6200,416.5600,81686100
4866,2026-01-30,TSLA,425.3500,439.8800,422.7000,430.4100,82626100
4867,2026-02-02,TSLA,421.2900,427.1500,414.5000,421.8100,58739500
4868,2026-02-03,TSLA,424.2700,428.5600,413.6900,421.9600,56886500
4869,2026-02-04,TSLA,420.4600,423.9000,399.1800,406.0100,74606900
4870,2026-02-05,TSLA,397.0200,402.1000,387.5300,397.2100,72819800
4871,2026-02-06,TSLA,400.8700,414.5500,397.7500,411.1100,62677100
4872,2026-02-09,TSLA,409.9100,421.2500,407.2900,417.3200,54484300
4873,2026-02-10,TSLA,418.0800,427.2500,417.0000,425.2100,64450200
4874,2026-02-11,TSLA,427.9600,436.3500,420.0300,428.2700,57362000
4875,2026-02-12,TSLA,430.3000,436.2300,414.0000,417.0700,61933400
4876,2026-02-13,TSLA,414.3100,424.0600,410.8800,417.4400,51434100
4877,2026-02-17,TSLA,412.3600,413.7200,400.5100,410.6300,59678800
4878,2026-02-18,TSLA,411.1100,416.9000,409.5800,411.3200,45921400
4879,2026-02-19,TSLA,407.2500,415.2500,404.1100,411.7100,51019600
4880,2026-02-20,TSLA,408.3000,414.7000,405.5000,411.8200,57912200
4881,2026-02-23,TSLA,407.2900,407.7000,394.0400,399.8300,69680000
4882,2026-02-24,TSLA,399.5000,410.8200,397.6400,409.3800,58579500
4883,2026-02-25,TSLA,412.1500,420.3400,412.1500,417.4000,54809700
4884,2026-02-26,TSLA,414.4200,416.8100,403.6600,408.5800,53602500
4885,2026-02-27,TSLA,402.9400,407.1200,398.1100,402.5100,56890100
4886,2026-03-02,TSLA,390.6000,404.5400,388.2500,403.3200,55088300
4887,2026-03-03,TSLA,395.0900,396.3400,385.3900,392.4300,62617300
4888,2026-03-04,TSLA,397.8500,408.3300,394.5800,405.9400,68305500
4889,2026-03-05,TSLA,401.5700,408.6200,399.4200,405.5500,51925900
4890,2026-03-06,TSLA,398.0900,402.3500,394.2100,396.7300,64054600
4891,2026-03-09,TSLA,390.0500,401.5900,381.4000,398.6800,67018900
4892,2026-03-10,TSLA,402.2200,406.5900,398.1900,399.2400,59258700
4893,2026-03-11,TSLA,402.2800,416.3800,402.1500,407.8200,62559900
4894,2026-03-12,TSLA,405.1800,406.5000,394.6500,395.0100,60973800
4895,2026-03-13,TSLA,399.1700,400.2000,389.9500,391.2000,58504100
4896,2026-03-16,TSLA,396.2200,403.7300,394.4200,395.5600,58068300
4897,2026-03-17,TSLA,395.6900,400.1200,393.0000,399.2700,46890500
4898,2026-03-18,TSLA,399.0000,403.0700,392.3100,392.7800,50853100
4899,2026-03-19,TSLA,387.2700,387.2700,378.7300,380.3000,67078300
4900,2026-03-20,TSLA,379.8500,379.8900,364.4600,367.9600,78628600
4901,2026-03-23,TSLA,373.0900,385.3300,372.7300,380.8500,74606000
4902,2026-03-24,TSLA,376.5600,387.4800,376.3100,383.0300,60004900
4903,2026-03-25,TSLA,389.9900,396.2300,385.0100,385.9500,55157300
4904,2026-03-26,TSLA,381.6000,384.4400,371.8700,372.1100,55522900
4905,2026-03-27,TSLA,369.6900,369.8600,359.4700,361.8300,62065700
4906,2026-03-30,TSLA,365.8600,367.2900,352.1400,355.2800,67954400
4907,2026-03-31,TSLA,361.5100,373.3300,361.0000,371.7500,75534900
4908,2026-04-01,TSLA,378.6300,383.1400,374.0800,381.2600,58683800
4909,2026-04-02,TSLA,364.2000,370.2800,359.0300,360.5900,83031200
4910,2026-04-06,TSLA,362.5900,367.7200,346.6400,352.8200,77697600
4911,2026-04-07,TSLA,346.4400,348.0200,337.2400,346.6500,74515400
4912,2026-04-08,TSLA,363.7900,364.5000,339.6700,343.2500,78838600
4913,2026-04-09,TSLA,343.1500,348.8800,337.2500,345.6200,62164000
4914,2026-04-10,TSLA,346.2900,350.3600,342.7400,348.9500,51336000
4915,2026-04-13,TSLA,350.0700,356.3500,348.5700,352.4200,53617500
4916,2026-04-14,TSLA,357.6700,367.6300,354.7700,364.2000,59979600
4917,2026-04-15,TSLA,366.8300,394.6500,362.5000,391.9500,113810400
4918,2026-04-16,TSLA,393.8100,394.0600,381.8000,388.9000,63515100
4919,2026-04-17,TSLA,395.9200,409.2800,391.6500,400.6200,90640000
4920,2026-04-20,TSLA,402.5800,406.8000,388.3300,392.5000,64603900
4921,2026-04-21,TSLA,393.0000,393.9500,385.2200,386.4200,50530600
4922,2026-04-22,TSLA,387.5700,393.0100,385.3000,387.5100,62362800
4923,2026-04-23,TSLA,375.2800,386.0000,368.3900,373.7200,93969500
4924,2026-04-24,TSLA,373.5000,382.7600,370.7300,376.3000,62893300
4925,2026-04-27,TSLA,372.0900,380.7800,364.0200,378.6700,66735800
4926,2026-04-28,TSLA,374.6800,382.2900,372.5400,376.0200,50864400
4927,2026-04-29,TSLA,375.4000,376.4000,370.0400,372.8000,45384800
4928,2026-04-30,TSLA,372.7500,384.7500,368.1700,381.6300,51076000
4929,2026-05-01,TSLA,382.4900,397.8200,378.8000,390.8200,65338300
4930,2026-05-04,TSLA,390.2300,394.6400,384.8000,392.5100,48765100
4931,2026-05-05,TSLA,395.1900,402.1200,389.0000,389.3700,47780600
4932,2026-05-06,TSLA,386.2500,401.6800,384.0200,398.7300,53465400
4933,2026-05-07,TSLA,407.4800,415.8300,402.1200,411.7900,64294200
4934,2026-05-08,TSLA,416.4800,431.2000,416.3900,428.3500,65050000
4935,2026-05-11,TSLA,422.1600,449.1600,416.8000,445.0000,78376100
4936,2026-05-12,TSLA,441.4100,447.8000,422.2600,433.4500,60569300
4937,2026-05-13,TSLA,436.6700,453.4000,430.2100,445.2700,68283200
4938,2026-05-14,TSLA,446.4900,451.9800,441.1600,443.3000,46070400
4939,2026-05-15,TSLA,433.9800,434.6600,422.0000,422.2400,52688700
4940,2026-05-18,TSLA,419.2700,421.1300,405.3300,409.9900,52474200
4941,2026-05-19,TSLA,403.1600,405.6300,393.6300,404.1100,46500600
4942,2026-05-20,TSLA,407.6000,417.4600,406.3900,417.2600,45294700
4943,2026-05-21,TSLA,422.1800,426.9500,412.9000,417.8500,42636900
4944,2026-05-22,TSLA,422.6700,431.5100,420.5100,426.0100,46104700
4945,2026-05-26,TSLA,430.2600,435.2000,426.1200,433.5900,45658900
4946,2026-05-27,TSLA,442.8900,445.6000,435.5200,440.3600,44656500
4947,2026-05-28,TSLA,437.6200,443.9600,436.3000,442.1000,32435000
4948,2026-05-29,TSLA,439.8500,441.0700,428.1400,435.7900,45176800
4949,2026-06-01,TSLA,427.4900,429.6000,415.4300,415.8800,44937900
4950,2026-06-02,TSLA,418.2200,424.4200,413.6500,423.7400,37596000
4951,2026-06-03,TSLA,418.7000,433.6000,416.0000,423.7000,44500700
4952,2026-06-04,TSLA,419.8400,426.3500,417.1600,418.4500,35323300
4953,2026-06-05,TSLA,420.5000,424.6800,388.5900,391.0000,63420200
4954,2026-06-08,TSLA,396.3300,412.9400,394.7200,408.9500,50328800
4955,2026-06-09,TSLA,411.0300,418.5000,384.2400,396.6800,59940200
4956,2026-06-10,TSLA,391.5400,397.0900,380.1500,381.5900,49695600
4957,2026-06-11,TSLA,388.2800,399.5400,380.6600,399.1500,45324300
4958,2026-06-12,TSLA,399.4900,406.6800,386.7600,406.4300,63514500
4959,2026-06-15,TSLA,412.3700,416.0000,407.1000,411.1500,45620500
4960,2026-06-16,TSLA,404.1100,412.4200,400.5400,404.6600,40255500
4961,2026-06-17,TSLA,401.5300,405.9400,393.7600,396.3800,43534300
4962,2026-06-18,TSLA,398.1000,402.5200,384.7000,400.4900,58384700
4963,2026-06-22,TSLA,394.8500,414.7500,394.4000,405.0500,47819500
4964,2026-06-23,TSLA,392.6100,392.8700,379.0600,381.6100,50420200
4965,2026-06-24,TSLA,380.0800,384.5800,373.0500,375.5300,37081400
4966,2026-06-25,TSLA,375.2700,379.1200,371.2200,375.1200,30138800
4967,2026-06-26,TSLA,370.1500,387.8000,368.6000,379.7100,53434100
4968,2026-06-29,TSLA,381.7900,413.2700,379.3000,411.8400,57645800
4969,2026-06-30,TSLA,406.0000,424.5400,406.0000,420.6000,43385600
4970,2026-07-01,TSLA,421.4600,432.8600,418.0900,425.3000,40127900
4971,2026-07-02,TSLA,428.0100,432.3500,389.3000,393.4500,73717700
4972,2026-07-06,TSLA,397.5000,420.0000,390.5000,419.7700,54727900
4973,2026-07-07,TSLA,416.9600,419.5600,401.8800,402.9000,38149900
4974,2026-07-08,TSLA,399.3800,399.6300,390.5100,394.0600,33844900
4975,2026-07-09,TSLA,393.9900,407.8600,390.8600,406.5500,37835000
4976,2026-07-10,TSLA,410.4900,413.1600,402.8100,407.7600,33410000
4977,2026-07-13,TSLA,404.6100,405.5700,391.3700,394.7600,32809200
4978,2026-07-14,TSLA,399.0500,402.2200,394.7600,396.1800,23385000
4979,2026-07-15,TSLA,399.4000,406.5900,390.6600,394.4600,31549800
4980,2026-07-16,TSLA,392.3500,395.3100,385.3200,391.0600,29269100
4981,2026-07-17,TSLA,381.7800,385.6900,377.2200,380.8400,31394600
4982,2026-07-20,TSLA,386.0500,386.6100,369.4300,369.5700,33901500
4983,2026-07-21,TSLA,371.1700,384.0700,369.9800,378.9300,32735300
4984,2026-07-22,TSLA,375.5300,380.1700,372.9000,374.0100,30646100
4985,2026-07-23,TSLA,341.0000,342.1100,315.7400,319.6900,115606400
4986,2026-07-24,TSLA,320.7200,322.9600,306.5100,313.0300,62760000
4987,2026-07-27,TSLA,313.2400,317.0000,304.2800,309.2200,44919400
4988,2026-07-28,TSLA,305.9300,311.1600,300.6900,307.4400,39802400
4989,2026-07-29,TSLA,307.1400,309.0600,297.3800,298.3200,39478000
4990,2026-07-30,TSLA,302.7000,310.8700,301.3300,308.8500,38005400
4991,2026-07-31,TSLA,309.6900,315.5000,301.9700,311.2100,36630600
4992,2026-08-03,TSLA,310.9600,324.6500,310.4300,322.0800,38281400
4993,2026-08-04,TSLA,324.0000,329.5700,320.7900,327.3500,33318300
4994,2026-08-05,TSLA,323.4200,327.1400,320.2800,321.5500,27820800
4995,2026-08-06,TSLA,317.0500,323.0000,315.5200,319.5300,26033800
4996,2026-08-07,TSLA,322.3400,333.7300,321.2500,328.5800,39492300
4997,2026-08-10,TSLA,326.6000,332.0500,326.1500,330.8800,25003800
4998,2026-08-11,TSLA,332.8000,336.2000,329.5300,332.8100,23345200
4999,2026-08-12,TSLA,335.0000,335.5000,323.6400,327.5100,28698900
5000,2026-08-13,TSLA,327.2000,341.6400,325.2400,339.9600,34708300
5001,2026-08-14,TSLA,342.3300,351.2600,335.3300,342.2700,45437100
5002,2026-08-17,TSLA,340.6900,345.4500,337.4800,339.3000,26037100
5003,2026-08-18,TSLA,333.2200,340.5300,331.1200,336.8700,27994500
5004,2026-08-19,TSLA,338.8900,351.6200,335.7000,351.1200,36735400
5005,2026-08-20,TSLA,346.2000,347.5000,338.9600,345.1300,30766400
5006,2026-08-21,TSLA,349.8800,366.5000,346.9000,362.8600,59224000
5007,2026-08-24,TSLA,361.4100,363.2400,348.2600,348.9500,39190500
5008,2026-08-25,TSLA,349.5800,357.0000,349.2000,350.2500,29816700
5009,2026-08-26,TSLA,345.2700,351.9300,342.5300,345.8200,28573000
5010,2026-08-27,TSLA,346.1600,355.7400,345.4500,354.8100,30136200
5011,2026-08-28,TSLA,357.1000,358.8000,345.2000,348.7500,32972200
5012,2026-08-31,TSLA,347.2100,368.9200,347.1500,367.9500,61732300
5013,2026-09-01,TSLA,360.9000,362.7000,352.9600,356.0900,36193900
5014,2026-09-02,TSLA,360.4100,360.6200,349.9200,357.0100,33951900
5015,2026-09-03,TSLA,365.8200,384.0400,365.8200,376.3700,63601000
5016,2026-09-04,TSLA,362.0700,364.6900,351.3200,354.0800,65018200
5017,2026-09-08,TSLA,357.1000,370.0000,355.7500,368.1600,51078800
5018,2026-09-09,TSLA,368.2500,375.4400,366.0000,367.8100,32564300
5019,2026-09-10,TSLA,360.6000,369.2100,357.6800,363.5600,29667200
5020,2026-09-11,TSLA,364.2000,368.6600,361.6000,365.4400,30091300
5021,2021-09-13,JPM,158.5300,160.0500,158.0700,159.8600,10052800
5022,2021-09-14,JPM,160.4500,161.3400,156.2600,157.0700,11685600
5023,2021-09-15,JPM,156.7200,158.6900,156.4700,158.1600,11691500
5024,2021-09-16,JPM,159.4100,160.8500,157.2200,158.0900,10880900
5025,2021-09-17,JPM,157.3800,159.0100,157.0000,157.6800,25581600
5026,2021-09-20,JPM,153.8900,154.5600,150.4900,152.9600,15819900
5027,2021-09-21,JPM,153.5300,154.5500,152.5800,152.9800,8999900
5028,2021-09-22,JPM,155.2000,157.2500,155.1000,155.9100,11236200
5029,2021-09-23,JPM,158.0000,161.7100,157.6700,161.1800,12336100
5030,2021-09-24,JPM,161.4400,163.5900,160.8200,163.0400,10102400
5031,2021-09-27,JPM,165.0000,167.4000,164.6100,166.9800,13220900
5032,2021-09-28,JPM,167.7000,169.3000,165.6600,166.0800,13387900
5033,2021-09-29,JPM,166.2100,166.9000,165.0400,165.9500,7777100
5034,2021-09-30,JPM,166.9200,166.9900,162.7900,163.6900,13161200
5035,2021-10-01,JPM,164.0000,168.3000,163.6000,167.1300,11285000
5036,2021-10-04,JPM,166.9700,170.4400,165.7300,166.9500,14120000
5037,2021-10-05,JPM,167.2100,170.1400,166.6700,168.6600,12292900
5038,2021-10-06,JPM,167.9900,169.1000,166.0000,169.0200,8692600
5039,2021-10-07,JPM,171.2000,171.5100,169.5400,170.0900,10195400
5040,2021-10-08,JPM,170.0200,171.3400,169.3000,170.2200,8190100
5041,2021-10-11,JPM,170.8000,171.2900,166.4600,166.6400,12154700
5042,2021-10-12,JPM,165.7500,166.6900,164.7700,165.3600,13032600
5043,2021-10-13,JPM,164.0700,165.4100,160.6000,161.0000,22753500
5044,2021-10-14,JPM,161.7500,164.0100,160.0600,163.4700,15176800
5045,2021-10-15,JPM,165.3500,167.1700,164.1400,166.6100,14267400
5046,2021-10-18,JPM,166.4800,168.6100,165.9100,166.5500,12672900
5047,2021-10-19,JPM,167.4000,168.6500,166.5800,168.5700,8053900
5048,2021-10-20,JPM,168.3000,170.8700,167.4600,170.8400,8185600
5049,2021-10-21,JPM,170.7600,171.3300,168.6800,169.5000,8415200
5050,2021-10-22,JPM,170.0300,172.0900,169.7000,171.7800,8817900
5051,2021-10-25,JPM,172.7100,172.9600,170.4800,170.9400,10159200
5052,2021-10-26,JPM,171.0000,172.4900,170.5400,171.4000,8015100
5053,2021-10-27,JPM,170.3200,170.7000,167.3400,167.8300,9847000
5054,2021-10-28,JPM,168.3000,170.5100,167.9600,170.3600,7212900
5055,2021-10-29,JPM,171.1800,172.2400,169.3900,169.8900,8140100
5056,2021-11-01,JPM,172.0400,172.3300,169.0100,169.8000,7435500
5057,2021-11-02,JPM,169.8000,171.6900,168.9200,170.4700,7173800
5058,2021-11-03,JPM,170.1300,171.1300,169.1500,170.5300,8402700
5059,2021-11-04,JPM,170.0000,170.2000,166.4900,168.2900,9574200
5060,2021-11-05,JPM,168.9000,170.0900,167.4100,168.0500,7975600
5061,2021-11-08,JPM,169.0500,170.9200,168.7400,169.0600,6413700
5062,2021-11-09,JPM,167.3500,168.4700,166.6000,167.7800,7990300
5063,2021-11-10,JPM,167.4500,168.9500,167.0900,167.6200,6999200
5064,2021-11-11,JPM,167.5200,168.6800,166.9000,167.6100,5815300
5065,2021-11-12,JPM,167.6500,167.7400,165.7200,166.8600,8113400
5066,2021-11-15,JPM,167.2100,167.7900,166.0000,166.5600,6492500
5067,2021-11-16,JPM,167.0600,167.0700,165.1200,165.3600,9706100
5068,2021-11-17,JPM,165.2100,165.5600,163.3900,164.4700,9909600
5069,2021-11-18,JPM,164.3900,164.8500,162.5600,163.0500,8122500
5070,2021-11-19,JPM,161.3000,162.1100,159.4500,160.9200,12193600
5071,2021-11-22,JPM,164.1600,165.9800,162.9900,164.3500,14549900
5072,2021-11-23,JPM,165.5000,168.5600,165.3700,168.2800,12354400
5073,2021-11-24,JPM,168.4600,169.4400,166.4400,166.9600,9629800
5074,2021-11-26,JPM,162.1400,162.6500,158.8200,161.9300,13619300
5075,2021-11-29,JPM,163.3100,164.7800,159.8200,161.2300,12104400
5076,2021-11-30,JPM,159.1600,160.6300,158.2900,158.8300,18922600
5077,2021-12-01,JPM,161.0000,163.2700,157.8000,157.8900,12253400
5078,2021-12-02,JPM,159.8300,163.2500,158.8000,161.2100,12969900
5079,2021-12-03,JPM,161.5000,161.8300,157.1900,158.2900,12681800
5080,2021-12-06,JPM,161.0100,162.6100,159.4600,160.1600,11186500
5081,2021-12-07,JPM,161.8800,163.3900,161.1600,162.5700,9851600
5082,2021-12-08,JPM,162.6600,163.2700,160.1700,160.7100,11705700
5083,2021-12-09,JPM,159.6500,160.9300,158.6500,160.4600,11189600
5084,2021-12-10,JPM,161.3200,161.7000,159.1300,159.8200,10405400
5085,2021-12-13,JPM,159.5000,159.7900,157.2800,157.9200,12069000
5086,2021-12-14,JPM,157.4500,160.8900,157.3000,159.1300,12563600
5087,2021-12-15,JPM,159.8500,159.8500,157.3500,157.9400,14014200
5088,2021-12-16,JPM,160.3900,161.8200,158.7000,160.4100,19542800
5089,2021-12-17,JPM,159.3200,159.3800,155.1800,156.7600,28082000
5090,2021-12-20,JPM,154.5100,154.7000,151.8400,153.9400,15148000
5091,2021-12-21,JPM,155.4100,157.1800,155.0900,156.0900,11291300
5092,2021-12-22,JPM,155.7500,157.0600,155.2400,156.7000,7273000
5093,2021-12-23,JPM,157.6100,159.1200,157.2100,157.2600,8055200
5094,2021-12-27,JPM,157.6000,158.2000,156.3400,158.1600,6188100
5095,2021-12-28,JPM,158.2000,160.1500,158.0800,158.6400,6342300
5096,2021-12-29,JPM,158.8500,159.6300,158.1500,158.5600,6398900
5097,2021-12-30,JPM,159.1100,160.2400,158.3700,158.4800,6948200
5098,2021-12-31,JPM,158.4500,159.2900,157.9600,158.3500,5805900
5099,2022-01-03,JPM,159.8600,162.6400,159.5100,161.7000,13120900
5100,2022-01-04,JPM,164.3100,168.5800,164.2300,167.8300,20195800
5101,2022-01-05,JPM,167.8200,168.3600,163.7300,163.7800,17539400
5102,2022-01-06,JPM,166.9100,167.3700,163.8700,165.5200,14047500
5103,2022-01-07,JPM,165.6700,167.5300,165.0600,167.1600,13913300
5104,2022-01-10,JPM,169.0700,169.3100,165.5300,167.3200,12922500
5105,2022-01-11,JPM,168.2600,168.5200,166.3100,167.4900,11854100
5106,2022-01-12,JPM,168.4600,169.5900,167.1800,168.4400,12568000
5107,2022-01-13,JPM,168.3400,169.8100,167.8900,168.2300,13623400
5108,2022-01-14,JPM,160.7600,161.0300,156.9000,157.8900,40158400
5109,2022-01-18,JPM,155.7800,155.7800,150.5400,151.2700,32324800
5110,2022-01-19,JPM,151.5700,152.2300,148.5500,148.9300,22380000
5111,2022-01-20,JPM,148.9900,150.6100,147.3600,147.6600,14860800
5112,2022-01-21,JPM,147.5000,147.5100,144.2700,145.0800,20705400
5113,2022-01-24,JPM,142.2800,145.4800,139.5700,144.9500,28471400
5114,2022-01-25,JPM,143.6500,146.8500,140.7900,146.5300,18915900
5115,2022-01-26,JPM,148.7200,150.5700,145.9600,147.9200,20709100
5116,2022-01-27,JPM,149.4200,150.3800,144.1300,145.3100,17536800
5117,2022-01-28,JPM,144.1900,146.7600,142.1700,146.6100,14117000
5118,2022-01-31,JPM,145.6400,148.7900,144.6700,148.6000,13985700
5119,2022-02-01,JPM,148.6900,151.4700,148.3000,151.1500,14584900
5120,2022-02-02,JPM,150.5000,150.9400,148.0700,149.9400,12441100
5121,2022-02-03,JPM,150.0000,151.6500,148.2900,148.7000,12474900
5122,2022-02-04,JPM,149.1000,153.5000,148.7700,152.5600,16654400
5123,2022-02-07,JPM,153.2700,153.6200,150.8500,153.0700,12572300
5124,2022-02-08,JPM,155.0000,158.4800,154.8000,155.9500,20411400
5125,2022-02-09,JPM,156.5900,157.4300,155.8200,156.6000,9131100
5126,2022-02-10,JPM,156.6600,159.0300,155.2200,155.9500,16455600
5127,2022-02-11,JPM,155.6100,158.1900,152.9700,153.9200,16830000
5128,2022-02-14,JPM,152.7300,153.6800,150.3200,152.4900,17026500
5129,2022-02-15,JPM,154.5100,155.9400,153.8500,154.7200,9500000
5130,2022-02-16,JPM,153.7400,156.1000,153.7400,155.0000,9076500
5131,2022-02-17,JPM,153.0000,153.7300,150.6700,151.4300,11367500
5132,2022-02-18,JPM,152.1300,154.1400,151.1300,152.1400,11733300
5133,2022-02-22,JPM,150.6000,153.2400,150.4100,151.8700,11333500
5134,2022-02-23,JPM,153.1200,153.3000,147.9700,148.6900,11799000
5135,2022-02-24,JPM,142.9400,144.9900,139.7800,144.5500,25655100
5136,2022-02-25,JPM,145.2500,150.1300,144.9100,147.9700,18367700
5137,2022-02-28,JPM,143.5500,145.0600,140.8800,141.8000,31315300
5138,2022-03-01,JPM,140.0400,140.4800,133.5800,136.4500,36840400
5139,2022-03-02,JPM,137.2900,140.0400,136.6100,139.2800,19405600
5140,2022-03-03,JPM,139.8400,140.9800,137.0600,138.2900,16640800
5141,2022-03-04,JPM,134.9400,135.4200,132.4000,134.4000,21016000
5142,2022-03-07,JPM,132.1700,132.6900,128.9500,129.2100,27560100
5143,2022-03-08,JPM,129.6400,131.7900,127.2700,128.3000,19207800
5144,2022-03-09,JPM,132.9000,135.2400,132.4400,133.4400,17536200
5145,2022-03-10,JPM,131.8600,133.4500,130.3200,131.8600,15604200
5146,2022-03-11,JPM,132.4900,134.0800,128.4200,128.8900,20061800
5147,2022-03-14,JPM,129.4600,132.9200,129.2300,130.1700,15786900
5148,2022-03-15,JPM,131.8000,133.5500,131.1300,132.4800,15096600
5149,2022-03-16,JPM,134.8700,138.4900,134.4300,138.4000,20354900
5150,2022-03-17,JPM,136.8600,140.1900,135.9200,140.1500,17050500
5151,2022-03-18,JPM,140.1900,140.8500,138.4600,140.1000,23656500
5152,2022-03-21,JPM,140.3500,140.7600,138.7300,139.6500,12676100
5153,2022-03-22,JPM,142.2700,143.9300,141.7200,142.6200,13548600
5154,2022-03-23,JPM,140.9800,141.5900,139.2000,139.7800,12093200
5155,2022-03-24,JPM,140.3000,140.7100,139.1100,140.6900,10017600
5156,2022-03-25,JPM,141.0900,143.1800,140.8000,141.9200,8383500
5157,2022-03-28,JPM,140.0000,140.9700,137.9000,140.8700,10818100
5158,2022-03-29,JPM,143.3500,143.6000,140.2400,141.1800,11316500
5159,2022-03-30,JPM,141.9000,142.1200,139.9100,140.5400,8771000
5160,2022-03-31,JPM,139.8300,140.3500,136.2600,136.3200,17353900
5161,2022-04-01,JPM,137.4000,137.4100,133.8000,135.3100,15721300
5162,2022-04-04,JPM,134.1200,136.9400,132.8900,135.9100,17416400
5163,2022-04-05,JPM,134.0700,135.4000,133.0100,133.3400,12110300
5164,2022-04-06,JPM,131.5800,132.5600,130.9600,131.4900,12914700
5165,2022-04-07,JPM,130.9500,131.9200,128.7300,131.0900,12994200
5166,2022-04-08,JPM,131.6700,133.9000,131.4900,133.4900,13126900
5167,2022-04-11,JPM,133.0000,134.9000,132.5700,133.0000,10466400
5168,2022-04-12,JPM,132.1400,134.5800,130.7000,131.5400,12989900
5169,2022-04-13,JPM,126.9400,129.2500,126.0100,127.3000,30838000
5170,2022-04-14,JPM,126.5000,128.3000,125.0200,126.1200,18835200
5171,2022-04-18,JPM,125.6700,129.2400,125.5400,128.4600,11834400
5172,2022-04-19,JPM,128.4500,131.3200,128.2300,131.1200,15015400
5173,2022-04-20,JPM,132.5200,133.5100,131.3400,131.5800,13430200
5174,2022-04-21,JPM,132.2200,132.8100,129.9600,130.5600,12174200
5175,2022-04-22,JPM,130.2800,130.5200,126.6900,126.8100,14318800
5176,2022-04-25,JPM,126.0100,127.1200,123.1100,126.7700,17149000
5177,2022-04-26,JPM,124.6400,126.4100,122.8700,123.0200,17209500
5178,2022-04-27,JPM,122.3300,123.5600,121.2200,121.4200,17215200
5179,2022-04-28,JPM,122.8100,123.6500,121.1400,123.3400,13015600
5180,2022-04-29,JPM,123.0500,123.6100,118.9000,119.3600,14874800
5181,2022-05-02,JPM,119.8800,120.7100,118.2200,120.4500,18545000
5182,2022-05-03,JPM,121.5300,124.1700,120.7800,123.0300,15720900
5183,2022-05-04,JPM,122.8000,127.4000,122.7400,127.1000,17128500
5184,2022-05-05,JPM,125.2500,126.1000,122.1600,123.9200,15055400
5185,2022-05-06,JPM,123.8000,124.2900,121.1800,123.7200,14417900
5186,2022-05-09,JPM,122.1100,123.3300,120.5000,121.8600,14312300
5187,2022-05-10,JPM,123.1100,123.7800,117.5600,118.8900,16382400
5188,2022-05-11,JPM,119.3000,122.8900,117.9400,118.1400,14630300
5189,2022-05-12,JPM,117.0000,118.3200,115.3700,118.0400,16318800
5190,2022-05-13,JPM,119.4100,120.2500,117.9600,119.0900,10443200
5191,2022-05-16,JPM,118.5400,119.4600,117.2300,118.2600,10269000
5192,2022-05-17,JPM,121.0400,122.9700,120.8100,122.1800,11160200
5193,2022-05-18,JPM,121.3000,121.9700,119.5300,120.0900,12664900
5194,2022-05-19,JPM,118.1900,119.6500,117.6300,118.3100,12765800
5195,2022-05-20,JPM,119.4600,119.6700,115.0200,117.3400,13150100
5196,2022-05-23,JPM,120.4600,126.5700,120.4500,124.6000,24376700
5197,2022-05-24,JPM,124.3600,127.4900,123.1100,126.3600,19324900
5198,2022-05-25,JPM,126.2800,127.8600,125.1700,127.2400,12780400
5199,2022-05-26,JPM,128.3700,130.1900,128.2100,129.4400,15990900
5200,2022-05-27,JPM,130.1600,131.2700,129.1400,131.2700,11177800
5201,2022-05-31,JPM,130.1800,133.1500,129.7100,132.2300,17015000
5202,2022-06-01,JPM,132.8700,132.8700,128.6700,129.9100,10768000
5203,2022-06-02,JPM,129.9000,132.0100,128.6700,132.0000,8374800
5204,2022-06-03,JPM,131.2100,131.7700,129.9900,130.1600,8596000
5205,2022-06-06,JPM,131.0900,132.3900,129.4600,129.7300,11323500
5206,2022-06-07,JPM,128.8300,130.3200,128.6200,130.0700,6722200
5207,2022-06-08,JPM,129.0000,129.4500,126.9000,128.0000,8422100
5208,2022-06-09,JPM,127.3700,128.1000,125.2700,125.3100,13560100
5209,2022-06-10,JPM,122.5900,123.4000,119.3200,119.5500,12945200
5210,2022-06-13,JPM,116.8600,117.9500,115.0600,115.9900,16805600
5211,2022-06-14,JPM,115.5500,117.3200,113.2200,114.0600,13357900
5212,2022-06-15,JPM,115.6200,116.9500,113.1700,115.4100,14083500
5213,2022-06-16,JPM,113.8600,114.2600,111.8700,113.4300,16724900
5214,2022-06-17,JPM,113.5400,114.6300,112.1600,113.0300,30919900
5215,2022-06-21,JPM,115.8700,117.0300,115.0400,115.8300,11680500
5216,2022-06-22,JPM,114.8800,116.2000,114.3900,115.1800,9842700
5217,2022-06-23,JPM,115.0100,115.1800,111.4800,113.9200,11851500
5218,2022-06-24,JPM,113.2300,117.8200,112.8300,117.3200,14841100
5219,2022-06-27,JPM,118.0600,118.5000,115.6400,116.3800,11280500
5220,2022-06-28,JPM,117.6700,119.2900,115.6000,115.8200,11590900
5221,2022-06-29,JPM,116.0000,116.8200,114.7300,115.3000,9338400
5222,2022-06-30,JPM,113.1700,114.0800,110.9300,112.6100,15172600
5223,2022-07-01,JPM,112.6500,114.4200,111.1600,114.0500,10573600
5224,2022-07-05,JPM,110.7700,112.7100,109.3000,112.6200,12514200
5225,2022-07-06,JPM,111.7300,112.9900,110.7900,111.8900,10656200
5226,2022-07-07,JPM,113.5000,114.9000,113.4000,114.7200,10347400
5227,2022-07-08,JPM,115.1600,115.6500,113.6100,114.3600,8807800
5228,2022-07-11,JPM,113.5500,114.2300,112.2200,112.8600,7939500
5229,2022-07-12,JPM,112.5800,115.1800,112.2600,112.9700,11250900
5230,2022-07-13,JPM,111.7500,112.4800,110.3800,111.9100,12979900
5231,2022-07-14,JPM,107.9900,108.2300,106.0600,108.0000,26204800
5232,2022-07-15,JPM,109.1600,113.8800,107.6700,112.9500,18863900
5233,2022-07-18,JPM,114.7700,115.8400,111.2900,111.7900,13977900
5234,2022-07-19,JPM,113.1300,114.9400,112.6700,114.5600,11862300
5235,2022-07-20,JPM,114.1000,114.7400,113.4800,114.5400,11667500
5236,2022-07-21,JPM,114.4400,115.5300,113.3700,115.3200,11595900
5237,2022-07-22,JPM,115.2400,116.2500,113.6700,114.7600,7645500
5238,2022-07-25,JPM,115.8400,116.4600,114.7700,115.2200,9394000
5239,2022-07-26,JPM,114.5800,115.5800,113.0300,113.4200,10675100
5240,2022-07-27,JPM,114.0100,115.7400,113.3000,115.2400,9337400
5241,2022-07-28,JPM,115.2500,115.9800,113.5300,114.8100,10384800
5242,2022-07-29,JPM,115.5900,116.5000,114.7900,115.3600,12944500
5243,2022-08-01,JPM,114.5000,115.1100,113.0700,114.2100,14740400
5244,2022-08-02,JPM,113.9200,114.4000,112.2700,112.4300,14942900
5245,2022-08-03,JPM,113.4500,114.1000,111.7100,113.6100,14394500
5246,2022-08-04,JPM,112.8500,113.3200,111.0200,112.3600,18033900
5247,2022-08-05,JPM,112.5300,116.1900,112.0500,115.7600,14174600
5248,2022-08-08,JPM,116.2500,116.7000,114.1800,114.3500,10332500
5249,2022-08-09,JPM,114.7500,115.9900,114.3700,115.3800,10233800
5250,2022-08-10,JPM,117.9600,119.3700,117.5000,118.3900,12847300
5251,2022-08-11,JPM,119.9000,121.2000,119.3100,120.1400,11684900
5252,2022-08-12,JPM,120.6700,122.2500,119.4400,122.1300,9906700
5253,2022-08-15,JPM,121.1400,122.7200,120.6000,122.4600,8456200
5254,2022-08-16,JPM,122.2900,124.2400,121.8700,123.6300,9555000
5255,2022-08-17,JPM,122.3000,123.1600,121.6900,122.5900,8149300
5256,2022-08-18,JPM,122.2400,122.4700,120.5500,121.6400,9531800
5257,2022-08-19,JPM,120.6200,120.9900,118.1100,118.6300,13464500
5258,2022-08-22,JPM,116.7500,117.1600,115.5000,116.6700,8967600
5259,2022-08-23,JPM,116.6900,117.2900,115.3800,115.5200,7607000
5260,2022-08-24,JPM,115.2900,116.4100,114.4500,115.8000,9771300
5261,2022-08-25,JPM,116.1600,118.7400,115.6800,118.5500,10758900
5262,2022-08-26,JPM,119.4600,119.9900,114.6000,114.6700,11276200
5263,2022-08-29,JPM,114.0000,114.8600,113.4600,114.3900,8117300
5264,2022-08-30,JPM,115.0000,115.5800,113.3600,114.4100,10745400
5265,2022-08-31,JPM,114.4800,115.0300,113.3400,113.7300,10738300
5266,2022-09-01,JPM,113.2900,114.6300,111.9100,114.5100,9979800
5267,2022-09-02,JPM,115.8700,117.4500,113.1900,113.7100,10666600
5268,2022-09-06,JPM,114.3300,114.7500,112.0700,113.7400,9751900
5269,2022-09-07,JPM,113.1300,116.1100,112.7600,115.9000,10647900
5270,2022-09-08,JPM,115.2800,118.7900,114.6300,118.6000,11435000
5271,2022-09-09,JPM,119.1400,120.0500,118.6700,119.1700,9299700
5272,2022-09-12,JPM,120.6200,121.5500,119.7900,120.5800,8614600
5273,2022-09-13,JPM,118.0700,118.9200,115.7800,116.3900,12904600
5274,2022-09-14,JPM,116.7000,117.8400,114.8800,116.1200,9345700
5275,2022-09-15,JPM,116.1200,119.3800,115.7600,117.8700,10821400
5276,2022-09-16,JPM,117.3900,117.4000,115.3700,117.0800,14844100
5277,2022-09-19,JPM,116.0000,118.7300,115.5100,118.1600,8201300
5278,2022-09-20,JPM,117.4100,117.6900,114.6400,115.8300,9619000
5279,2022-09-21,JPM,116.5400,116.6000,112.4200,112.4900,12606300
5280,2022-09-22,JPM,113.3800,113.6000,111.0700,111.2100,11684500
5281,2022-09-23,JPM,110.0500,110.3400,107.1600,109.1400,18138600
5282,2022-09-26,JPM,108.0000,109.6100,106.0600,106.7900,15753600
5283,2022-09-27,JPM,107.7500,108.1700,104.6500,105.8500,12793600
5284,2022-09-28,JPM,105.9500,108.7300,105.6400,107.9900,12762600
5285,2022-09-29,JPM,106.9500,107.2800,104.4000,106.1600,12713900
5286,2022-09-30,JPM,106.0600,107.6200,104.4000,104.5000,15973400
5287,2022-10-03,JPM,105.6200,108.3600,104.4600,107.7300,12248100
5288,2022-10-04,JPM,110.6100,112.9900,109.8600,112.7700,16013600
5289,2022-10-05,JPM,109.7500,110.9500,108.8300,110.3900,10943500
5290,2022-10-06,JPM,109.4600,110.1900,107.9400,108.1400,11521400
5291,2022-10-07,JPM,107.5200,107.7100,105.2700,105.9800,11681100
5292,2022-10-10,JPM,106.7300,107.3100,104.5200,104.9900,8931700
5293,2022-10-11,JPM,104.3700,104.5400,101.8500,101.9600,12739700
5294,2022-10-12,JPM,101.8000,104.7300,101.2800,103.6100,13181000
5295,2022-10-13,JPM,101.9800,109.9000,101.7600,109.3700,22398700
5296,2022-10-14,JPM,111.9600,115.2400,110.7200,111.1900,33387100
5297,2022-10-17,JPM,115.4100,117.0100,114.3200,115.8600,22276300
5298,2022-10-18,JPM,119.6600,120.1400,116.9600,118.8400,21539700
5299,2022-10-19,JPM,117.9900,118.8300,115.6700,116.5100,17072000
5300,2022-10-20,JPM,117.1600,118.7100,115.6500,116.1300,12207400
5301,2022-10-21,JPM,116.4600,122.3900,116.3300,122.2300,20593300
5302,2022-10-24,JPM,122.0700,123.1000,121.3300,122.3800,12624200
5303,2022-10-25,JPM,121.8500,123.2700,120.8900,122.7000,11289100
5304,2022-10-26,JPM,123.0000,125.2000,122.8800,124.1100,11667000
5305,2022-10-27,JPM,125.2000,126.2000,124.2100,124.6000,10727600
5306,2022-10-28,JPM,125.2900,126.2800,124.0500,126.0800,11859500
5307,2022-10-31,JPM,125.7000,127.4300,125.5900,125.8800,13295200
5308,2022-11-01,JPM,126.8700,128.2800,126.3300,128.1500,13386900
5309,2022-11-02,JPM,127.6500,130.3600,126.6400,126.9700,16546100
5310,2022-11-03,JPM,126.3100,128.1800,125.9100,127.2000,12474400
5311,2022-11-04,JPM,129.4900,130.8300,128.4600,130.6800,14953200
5312,2022-11-07,JPM,131.0000,132.2900,130.4800,131.3700,12011200
5313,2022-11-08,JPM,131.2400,132.0600,130.1400,131.4500,9884100
5314,2022-11-09,JPM,131.3200,131.4300,129.2200,129.7400,9494000
5315,2022-11-10,JPM,132.6300,135.2500,132.5300,135.0800,16351600
5316,2022-11-11,JPM,135.1900,136.1700,133.7800,135.3000,10704700
5317,2022-11-14,JPM,134.8000,135.7300,133.9100,133.9100,11085600
5318,2022-11-15,JPM,134.6800,135.7100,131.6000,132.9400,14038300
5319,2022-11-16,JPM,133.0000,133.5600,132.0300,133.1200,7893400
5320,2022-11-17,JPM,132.0000,132.8900,131.2800,132.5400,8820200
5321,2022-11-18,JPM,134.5700,134.6700,132.2800,133.8400,9468500
5322,2022-11-21,JPM,133.7400,134.5600,132.7500,133.0500,7800500
5323,2022-11-22,JPM,134.0000,135.2700,133.6900,135.0400,9185700
5324,2022-11-23,JPM,134.9400,136.5000,134.8600,136.4800,7316200
5325,2022-11-25,JPM,136.4800,137.1400,136.0600,136.7400,3220500
5326,2022-11-28,JPM,136.0700,136.7100,134.1900,134.3500,9906900
5327,2022-11-29,JPM,134.6600,136.6400,134.4100,136.5600,7925300
5328,2022-11-30,JPM,136.0900,138.1800,133.1900,138.1800,14761200
5329,2022-12-01,JPM,138.1800,138.6600,135.4300,136.2400,8858500
5330,2022-12-02,JPM,134.4900,135.3500,133.3400,135.1600,8931900
5331,2022-12-05,JPM,134.2400,134.5700,130.6000,131.3700,10154500
5332,2022-12-06,JPM,133.3900,135.1100,129.8700,131.5900,13966700
5333,2022-12-07,JPM,131.3100,133.0800,130.3300,131.5000,11739400
5334,2022-12-08,JPM,132.3300,132.9800,131.4300,132.8800,8907300
5335,2022-12-09,JPM,132.2000,133.7600,132.0000,132.1600,7957800
5336,2022-12-12,JPM,132.4000,134.6500,131.6000,134.2100,8841600
5337,2022-12-13,JPM,136.8900,137.0900,133.0800,134.0800,10025400
5338,2022-12-14,JPM,133.7800,135.7100,132.7600,133.4100,9966100
5339,2022-12-15,JPM,131.1500,132.0800,129.0500,130.1000,12087800
5340,2022-12-16,JPM,129.1500,129.9000,128.4300,129.2900,21133700
5341,2022-12-19,JPM,129.6500,131.3300,129.0900,130.0600,9017200
5342,2022-12-20,JPM,130.9700,132.0500,130.2000,130.6900,8549900
5343,2022-12-21,JPM,132.1800,132.9800,131.7700,132.1600,8051700
5344,2022-12-22,JPM,131.1000,131.3000,128.4100,130.6600,8648200
5345,2022-12-23,JPM,130.5800,131.4400,129.6400,131.2800,5091900
5346,2022-12-27,JPM,131.5700,132.2200,130.5500,131.7400,5411000
5347,2022-12-28,JPM,131.8500,133.4100,131.0100,132.4600,8827700
5348,2022-12-29,JPM,132.9300,133.2700,132.3100,133.2200,6585200
5349,2022-12-30,JPM,132.8100,134.3300,132.4400,134.1000,9292500
5350,2023-01-03,JPM,135.2400,136.7400,133.8900,135.1200,11054800
5351,2023-01-04,JPM,135.9900,137.6800,135.5700,136.3800,11687600
5352,2023-01-05,JPM,135.6600,135.7100,133.7000,135.3500,8381300
5353,2023-01-06,JPM,136.1300,138.3800,134.4900,137.9400,10029100
5354,2023-01-09,JPM,138.6000,138.8800,136.8800,137.3700,8482300
5355,2023-01-10,JPM,137.7900,138.7200,137.3100,138.6000,9048700
5356,2023-01-11,JPM,138.9000,139.7500,138.1000,139.6300,8703700
5357,2023-01-12,JPM,140.0000,140.8600,139.2200,139.4900,11001700
5358,2023-01-13,JPM,135.6000,143.4900,134.8000,143.0100,20200000
5359,2023-01-17,JPM,141.1700,141.5400,139.2300,140.8000,14292900
5360,2023-01-18,JPM,138.9200,140.7300,136.4100,136.5700,13392600
5361,2023-01-19,JPM,135.3200,135.9000,133.5900,134.7500,13303400
5362,2023-01-20,JPM,135.1600,135.4900,133.5500,135.0800,13092500
5363,2023-01-23,JPM,135.1200,137.9600,134.8200,137.2700,10487100
5364,2023-01-24,JPM,136.4200,140.2900,135.0000,138.4500,6945000
5365,2023-01-25,JPM,138.0500,139.1200,137.2500,139.1200,8967000
5366,2023-01-26,JPM,139.4200,140.0600,138.3600,139.9800,7487600
5367,2023-01-27,JPM,140.6100,141.2600,139.7500,140.3200,7489900
5368,2023-01-30,JPM,139.2300,140.0900,138.9100,139.1300,6729300
5369,2023-01-31,JPM,139.8800,140.0700,138.2500,139.9600,9188700
5370,2023-02-01,JPM,138.2100,140.8800,138.1200,139.5900,8841800
5371,2023-02-02,JPM,140.0000,140.4600,138.0000,138.9400,11822100
5372,2023-02-03,JPM,138.1800,142.3300,138.1300,141.0900,11501200
5373,2023-02-06,JPM,140.2300,142.2400,140.0300,141.9200,8406200
5374,2023-02-07,JPM,141.3800,144.3400,141.1800,143.6500,10447900
5375,2023-02-08,JPM,142.6500,144.0400,142.2800,142.6400,6958000
5376,2023-02-09,JPM,143.1200,143.3400,139.8700,140.4200,6443100
5377,2023-02-10,JPM,139.7800,141.2800,138.5900,141.0400,6582900
5378,2023-02-13,JPM,141.3000,142.7300,140.7400,142.5700,7134600
5379,2023-02-14,JPM,142.5000,143.8100,141.6000,143.2000,9249400
5380,2023-02-15,JPM,141.6100,143.8900,141.3000,143.8000,6728300
5381,2023-02-16,JPM,142.9100,143.3900,141.6800,141.8200,8165300
5382,2023-02-17,JPM,140.9800,142.8300,140.0700,142.2400,7948800
5383,2023-02-21,JPM,140.6900,141.3400,138.7500,139.6300,9996300
5384,2023-02-22,JPM,138.9200,139.4300,137.4400,138.5600,11107500
5385,2023-02-23,JPM,138.7300,140.1700,137.9400,139.6700,8068000
5386,2023-02-24,JPM,139.1100,141.3600,138.9300,140.9300,9126900
5387,2023-02-27,JPM,142.1100,143.3100,141.7200,142.1600,10014700
5388,2023-02-28,JPM,142.9400,143.7600,141.9000,143.3500,11019800
5389,2023-03-01,JPM,142.1000,143.4600,141.8000,142.5500,7139200
5390,2023-03-02,JPM,142.2400,142.4300,139.5400,141.0700,11106800
5391,2023-03-03,JPM,141.5100,143.7400,141.0800,143.6600,9513100
5392,2023-03-06,JPM,143.4400,144.0400,142.6600,142.8200,9261300
5393,2023-03-07,JPM,142.0100,142.3100,137.8100,138.6200,11747600
5394,2023-03-08,JPM,138.0000,138.5900,136.8900,137.8000,10002500
5395,2023-03-09,JPM,136.7600,137.3500,129.2200,130.3400,25888100
5396,2023-03-10,JPM,128.9600,135.2600,127.8200,133.6500,37599700
5397,2023-03-13,JPM,131.2100,133.8800,129.4100,131.2500,42901100
5398,2023-03-14,JPM,135.2800,135.5300,131.2900,134.6200,29648100
5399,2023-03-15,JPM,130.9800,130.9900,126.7300,128.2600,34280600
5400,2023-03-16,JPM,128.0100,131.9500,126.0200,130.7500,24558500
5401,2023-03-17,JPM,128.3800,128.4800,125.4500,125.8100,38396000
5402,2023-03-20,JPM,126.9900,129.4700,126.0100,127.1400,22875500
5403,2023-03-21,JPM,130.5900,131.7300,130.1900,130.5500,17807800
5404,2023-03-22,JPM,130.5600,130.6600,127.0800,127.1800,17250200
5405,2023-03-23,JPM,127.9000,129.5300,126.0200,126.8400,16677600
5406,2023-03-24,JPM,125.6300,125.6800,123.1100,124.9100,22311100
5407,2023-03-27,JPM,126.7900,129.3800,126.2900,128.4900,18853900
5408,2023-03-28,JPM,128.7100,129.3400,127.7400,128.8800,10820500
5409,2023-03-29,JPM,130.1000,130.2200,127.7700,129.1400,14595300
5410,2023-03-30,JPM,129.9500,130.1200,127.6500,128.7500,12134700
5411,2023-03-31,JPM,129.6600,130.3400,128.8500,130.3100,13105200
5412,2023-04-03,JPM,129.9100,131.4400,129.4100,130.1600,11775400
5413,2023-04-04,JPM,130.5000,130.5900,127.4100,128.4200,11579900
5414,2023-04-05,JPM,126.8000,128.1500,126.4600,127.6100,9614700
5415,2023-04-06,JPM,127.0000,128.0800,126.8600,127.4700,8760200
5416,2023-04-10,JPM,126.5400,128.2300,126.2200,127.8900,9477300
5417,2023-04-11,JPM,128.3000,128.9400,127.5400,128.5200,10516300
5418,2023-04-12,JPM,129.1800,130.4300,128.0600,128.5000,11821000
5419,2023-04-13,JPM,128.4600,129.0400,126.8300,128.9900,12450200
5420,2023-04-14,JPM,135.1500,139.1200,134.9000,138.7300,43931300
5421,2023-04-17,JPM,139.9500,140.0600,137.6600,139.8300,16050500
5422,2023-04-18,JPM,140.2700,141.7800,139.0300,141.4000,13760100
5423,2023-04-19,JPM,141.2300,141.5000,140.4000,141.2200,9158100
5424,2023-04-20,JPM,139.9100,141.4300,139.8400,140.8100,10586200
5425,2023-04-21,JPM,139.7400,141.1100,138.7800,140.5400,11842500
5426,2023-04-24,JPM,140.4600,141.1000,140.0400,140.7300,7567500
5427,2023-04-25,JPM,139.6000,139.9600,137.6300,137.6700,10629300
5428,2023-04-26,JPM,137.6200,137.8100,134.0000,135.2300,14416100
5429,2023-04-27,JPM,136.0000,137.9100,135.6600,137.0500,9041100
5430,2023-04-28,JPM,136.5600,138.3200,135.6700,138.2400,9887300
5431,2023-05-01,JPM,142.2600,143.3700,140.8300,141.2000,20415800
5432,2023-05-02,JPM,141.4000,142.4100,138.4300,138.9200,14113400
5433,2023-05-03,JPM,138.4400,138.6700,135.7600,135.9800,12930900
5434,2023-05-04,JPM,134.9600,135.7200,131.8100,134.1200,17089200
5435,2023-05-05,JPM,136.4400,137.8800,135.9100,136.7400,11261400
5436,2023-05-08,JPM,137.4900,137.9700,136.4800,137.0700,7484900
5437,2023-05-09,JPM,135.9300,136.9500,135.2100,136.4100,7343600
5438,2023-05-10,JPM,137.9500,138.0600,134.8700,136.4800,8133400
5439,2023-05-11,JPM,135.0000,136.8100,134.9000,136.0500,7057300
5440,2023-05-12,JPM,136.8200,136.9900,133.1300,134.1000,9988600
5441,2023-05-15,JPM,134.2700,135.6700,133.9600,135.2300,7639500
5442,2023-05-16,JPM,135.4600,135.9400,133.9600,134.3200,6477200
5443,2023-05-17,JPM,135.9000,138.5900,135.4600,138.4500,12711500
5444,2023-05-18,JPM,138.2700,139.7300,137.7600,139.5000,10999600
5445,2023-05-19,JPM,139.7900,140.4900,138.1300,139.1800,13492200
5446,2023-05-22,JPM,141.0000,141.6400,137.6600,138.0300,11402500
5447,2023-05-23,JPM,137.5400,139.0300,136.4600,136.5900,9514900
5448,2023-05-24,JPM,135.4000,136.3500,135.0800,135.3400,8578000
5449,2023-05-25,JPM,134.8200,136.2700,134.5800,135.6700,8472500
5450,2023-05-26,JPM,136.1100,137.6000,135.6300,136.9400,8579900
5451,2023-05-30,JPM,136.8000,137.7200,136.0200,137.4600,7399900
5452,2023-05-31,JPM,136.7300,136.8400,134.4000,135.7100,14219900
5453,2023-06-01,JPM,136.5200,138.2300,135.4500,137.5800,12248100
5454,2023-06-02,JPM,139.5600,141.4800,139.3400,140.4700,12922500
5455,2023-06-05,JPM,140.1100,140.1100,138.1300,139.0900,8511900
5456,2023-06-06,JPM,138.6800,140.1000,138.2100,139.3400,9329500
5457,2023-06-07,JPM,139.5500,141.2700,138.8300,140.6900,9281400
5458,2023-06-08,JPM,140.6700,140.8900,139.4800,140.7300,7368100
5459,2023-06-09,JPM,140.3500,141.8000,140.2100,141.0100,7249100
5460,2023-06-12,JPM,141.0700,141.3200,139.7600,141.0000,7596600
5461,2023-06-13,JPM,140.4800,142.8700,140.1400,142.0200,7701600
5462,2023-06-14,JPM,143.0000,143.6100,140.7000,141.4900,9068700
5463,2023-06-15,JPM,140.5900,143.4000,140.0300,143.0900,9343100
5464,2023-06-16,JPM,143.0500,143.9700,142.5000,143.2600,13813500
5465,2023-06-20,JPM,142.6100,143.0000,141.0400,142.5300,8428600
5466,2023-06-21,JPM,142.9000,144.0200,141.6900,142.3200,9926500
5467,2023-06-22,JPM,142.3100,142.6000,138.9500,139.5800,10075200
5468,2023-06-23,JPM,138.5400,139.1800,137.6200,138.8500,9919500
5469,2023-06-26,JPM,138.8700,140.0100,137.6900,139.1900,8429700
5470,2023-06-27,JPM,139.0000,139.8400,138.5400,139.2000,8154000
5471,2023-06-28,JPM,139.1600,139.2100,137.9600,138.5900,7558600
5472,2023-06-29,JPM,140.0700,143.5600,139.8500,143.4300,15423200
5473,2023-06-30,JPM,144.6000,146.0000,143.6600,145.4400,14212800
5474,2023-07-03,JPM,146.1900,147.4800,146.0000,146.6100,8021600
5475,2023-07-05,JPM,144.9400,145.4300,144.3600,144.6400,8934900
5476,2023-07-06,JPM,143.0200,143.3900,141.4400,143.2100,9709500
5477,2023-07-07,JPM,143.9100,145.8400,143.0000,144.3400,8981500
5478,2023-07-10,JPM,144.5000,145.9900,144.5000,145.1500,9100100
5479,2023-07-11,JPM,146.3400,147.8200,145.7100,147.4200,11260900
5480,2023-07-12,JPM,147.4500,149.8700,147.0000,148.1500,11323200
5481,2023-07-13,JPM,148.7000,149.3700,147.7500,148.8700,11234900
5482,2023-07-14,JPM,151.5500,152.8900,148.4100,149.7700,27028400
5483,2023-07-17,JPM,150.3500,153.7500,150.3500,153.3800,17262400
5484,2023-07-18,JPM,153.3800,154.4000,152.8200,153.6600,13491700
5485,2023-07-19,JPM,152.7500,155.2100,152.2200,154.2500,12510000
5486,2023-07-20,JPM,154.5300,156.5900,154.4100,156.1500,9935900
5487,2023-07-21,JPM,155.8000,156.1400,154.6900,154.9500,10636400
5488,2023-07-24,JPM,154.9700,158.7900,154.7300,158.0000,14381400
5489,2023-07-25,JPM,157.3000,157.7200,155.9600,156.8200,9944700
5490,2023-07-26,JPM,156.7100,158.2500,156.2800,157.7600,8728600
5491,2023-07-27,JPM,157.7700,158.7800,155.5500,156.0200,10778400
5492,2023-07-28,JPM,157.2800,157.6000,156.4400,156.9100,9103800
5493,2023-07-31,JPM,157.1800,159.3800,157.1500,157.9600,8892700
5494,2023-08-01,JPM,157.4300,158.0000,156.1500,157.1800,6853900
5495,2023-08-02,JPM,155.5600,155.6900,153.9400,155.4000,8299400
5496,2023-08-03,JPM,155.0000,156.9200,154.3500,156.3500,6084000
5497,2023-08-04,JPM,156.4000,157.8000,155.7000,156.0200,6209400
5498,2023-08-07,JPM,156.6000,157.7000,156.6000,156.7600,7251800
5499,2023-08-08,JPM,154.3200,155.9800,152.5900,155.8800,8623400
5500,2023-08-09,JPM,155.3200,155.5200,153.4700,153.7900,6277800
5501,2023-08-10,JPM,154.3800,155.4400,153.0900,153.5600,5995100
5502,2023-08-11,JPM,153.0300,154.5200,152.6300,154.4500,5180700
5503,2023-08-14,JPM,153.6100,154.9200,152.9200,154.7700,5044300
5504,2023-08-15,JPM,152.8500,153.2700,150.2300,150.8300,10300300
5505,2023-08-16,JPM,150.6000,150.9600,149.6800,150.1900,6978200
5506,2023-08-17,JPM,150.8800,151.2600,148.4000,148.6300,9953900
5507,2023-08-18,JPM,147.6500,149.5000,147.4400,148.9700,8517500
5508,2023-08-21,JPM,149.6500,150.1000,148.0200,149.4800,8327000
5509,2023-08-22,JPM,149.2600,149.6400,145.8500,146.3800,9673300
5510,2023-08-23,JPM,146.3500,147.5900,145.4600,147.3700,7858000
5511,2023-08-24,JPM,147.5000,149.4100,146.9900,147.2300,6534000
5512,2023-08-25,JPM,147.2800,148.6200,145.8500,147.0500,6695500
5513,2023-08-28,JPM,147.5700,148.6100,147.1300,147.5600,5094100
5514,2023-08-29,JPM,147.7100,148.8500,147.1800,148.7600,6337000
5515,2023-08-30,JPM,148.6200,149.1500,147.1900,148.1600,6277300
5516,2023-08-31,JPM,148.2600,148.3500,145.9600,146.3300,10933900
5517,2023-09-01,JPM,146.0900,148.0800,145.7000,146.8200,7903500
5518,2023-09-05,JPM,147.1600,148.2100,145.0100,145.2000,7854700
5519,2023-09-06,JPM,144.7000,145.5400,144.1100,144.9600,8629200
5520,2023-09-07,JPM,144.1300,145.2700,143.3900,143.7200,8373700
5521,2023-09-08,JPM,143.3700,144.1200,142.6500,143.8300,7107900
5522,2023-09-11,JPM,144.7500,145.0500,143.6900,144.4600,6854200
5523,2023-09-12,JPM,144.5000,147.3200,144.0500,146.3400,8363200
5524,2023-09-13,JPM,147.3400,147.7000,145.8200,146.4100,8325900
5525,2023-09-14,JPM,147.8400,149.9000,147.5200,149.2500,10034900
5526,2023-09-15,JPM,148.9200,149.7300,148.3100,148.8100,19863400
5527,2023-09-18,JPM,148.1600,149.1400,147.7500,149.1200,6512400
5528,2023-09-19,JPM,149.5000,149.7200,147.2100,148.9300,7943400
5529,2023-09-20,JPM,149.6500,150.2500,148.1400,148.3000,7332000
5530,2023-09-21,JPM,147.5800,148.8500,146.6300,147.1400,8052400
5531,2023-09-22,JPM,147.2900,147.5100,145.1900,145.7300,7071700
5532,2023-09-25,JPM,145.3500,146.5200,143.7000,146.4500,7044700
5533,2023-09-26,JPM,144.6000,145.8400,144.2300,144.9300,7468400
5534,2023-09-27,JPM,145.1900,146.0900,144.5100,145.7800,6717800
5535,2023-09-28,JPM,146.2800,148.8700,146.0100,147.5900,8868100
5536,2023-09-29,JPM,148.6000,148.7600,144.8600,145.0200,11917800
5537,2023-10-02,JPM,144.8300,145.6200,142.6300,143.7700,9170600
5538,2023-10-03,JPM,143.2000,143.5900,142.3500,142.7100,9431100
5539,2023-10-04,JPM,143.1900,143.4700,141.9300,143.3500,8128700
5540,2023-10-05,JPM,142.0400,143.1000,140.8300,142.9000,8576200
5541,2023-10-06,JPM,142.9100,145.8800,142.1400,145.1000,10270600
5542,2023-10-09,JPM,143.6600,145.4000,143.5000,144.7700,6964900
5543,2023-10-10,JPM,145.4200,146.7700,145.2800,145.6500,11288800
5544,2023-10-11,JPM,146.5100,147.2300,145.0200,146.1500,8698200
5545,2023-10-12,JPM,146.3000,146.9600,145.1300,145.8100,10484400
5546,2023-10-13,JPM,148.5000,153.1100,147.8400,148.0000,29427000
5547,2023-10-16,JPM,149.4500,149.5200,146.7200,147.8500,12663500
5548,2023-10-17,JPM,147.5700,149.3100,146.7900,147.5300,11482700
5549,2023-10-18,JPM,146.5900,147.4800,145.3700,145.9100,9620300
5550,2023-10-19,JPM,145.4800,147.0200,144.8800,145.2900,11143600
5551,2023-10-20,JPM,144.5700,145.1400,142.1200,142.9500,13332900
5552,2023-10-23,JPM,142.9400,143.6800,140.7300,141.0000,10133400
5553,2023-10-24,JPM,141.1900,141.7300,140.3600,141.1700,8881400
5554,2023-10-25,JPM,140.5700,141.1800,139.5100,140.4000,8242600
5555,2023-10-26,JPM,139.7600,141.6700,139.4300,140.7600,9109400
5556,2023-10-27,JPM,138.9500,139.1000,135.1900,135.6900,17434700
5557,2023-10-30,JPM,136.4400,138.0400,136.0400,137.4200,9855500
5558,2023-10-31,JPM,137.7100,139.2400,137.4700,139.0600,9672500
5559,2023-11-01,JPM,139.2500,140.5300,138.4700,138.9400,9432000
5560,2023-11-02,JPM,140.0900,141.4800,139.2300,141.4200,10186200
5561,2023-11-03,JPM,142.1900,143.7700,141.8500,143.0000,9538700
5562,2023-11-06,JPM,143.1700,144.1900,142.7900,144.0800,7625100
5563,2023-11-07,JPM,143.5100,144.2600,142.8200,144.0100,6297900
5564,2023-11-08,JPM,144.1100,144.8400,143.6200,144.7200,7618200
5565,2023-11-09,JPM,145.4400,145.6500,143.7000,144.2900,7992500
5566,2023-11-10,JPM,144.9400,146.4800,144.0800,146.4300,7983300
5567,2023-11-13,JPM,145.7000,146.2500,145.1600,145.7800,6676300
5568,2023-11-14,JPM,146.6800,149.2500,146.5200,148.4400,9927700
5569,2023-11-15,JPM,148.4600,150.1600,148.4600,149.7400,8365300
5570,2023-11-16,JPM,150.0900,151.5300,150.0900,151.4500,8126200
5571,2023-11-17,JPM,152.2000,152.8600,151.5400,152.8200,7812400
5572,2023-11-20,JPM,152.0800,153.7500,151.9200,153.2900,7019000
5573,2023-11-21,JPM,153.2000,153.6300,152.5700,152.9700,7083500
5574,2023-11-22,JPM,153.4100,153.8800,152.9000,153.3300,5174500
5575,2023-11-24,JPM,153.5900,154.4400,153.2800,153.5400,3496900
5576,2023-11-27,JPM,153.4300,153.5300,152.7100,153.1900,6259100
5577,2023-11-28,JPM,153.2200,153.8700,152.7200,153.5400,6582700
5578,2023-11-29,JPM,154.1700,155.6300,154.0000,154.3200,9126100
5579,2023-11-30,JPM,154.9100,156.1300,154.3800,156.0800,9869800
5580,2023-12-01,JPM,155.8200,157.8600,155.8200,156.8400,8916000
5581,2023-12-04,JPM,156.0200,158.0500,155.8800,157.9900,9607500
5582,2023-12-05,JPM,157.2600,158.5000,156.9700,157.9700,9135600
5583,2023-12-06,JPM,158.8400,159.2200,156.0000,156.3100,9366000
5584,2023-12-07,JPM,156.6900,157.3100,156.1500,156.7900,8130900
5585,2023-12-08,JPM,157.2600,158.7800,156.9800,158.5200,7369400
5586,2023-12-11,JPM,158.5200,159.3000,158.1500,159.1000,8093900
5587,2023-12-12,JPM,159.2300,160.6500,158.8800,160.5200,10223000
5588,2023-12-13,JPM,160.5200,162.0300,159.7700,161.0600,12379100
5589,2023-12-14,JPM,161.8300,164.8400,161.7100,163.9900,13643000
5590,2023-12-15,JPM,163.0800,165.2800,162.3900,165.2300,20309300
5591,2023-12-18,JPM,165.9200,167.1300,165.6300,166.2300,8469600
5592,2023-12-19,JPM,166.0000,168.4700,165.5500,168.4500,10345700
5593,2023-12-20,JPM,167.9900,169.4100,166.4500,166.5500,10734700
5594,2023-12-21,JPM,166.8400,168.0900,165.6800,167.5000,7601700
5595,2023-12-22,JPM,167.5000,168.2300,167.2300,167.4000,6576300
5596,2023-12-26,JPM,167.4600,168.7700,167.1800,168.3900,4683600
5597,2023-12-27,JPM,167.8400,169.4700,167.5800,169.4000,6428600
5598,2023-12-28,JPM,169.3500,170.6600,169.0000,170.3000,6320100
5599,2023-12-29,JPM,170.0000,170.6900,169.6300,170.1000,6435100
5600,2024-01-02,JPM,169.0900,172.1700,168.9100,172.0800,9977400
5601,2024-01-03,JPM,171.8600,172.0400,170.3700,171.3300,9852300
5602,2024-01-04,JPM,170.6400,173.3500,170.5400,171.4100,11972500
5603,2024-01-05,JPM,171.4700,173.3800,171.4700,172.2700,10066000
5604,2024-01-08,JPM,172.0200,172.3600,169.4900,172.0200,11229900
5605,2024-01-09,JPM,171.6200,171.7900,170.1000,170.6600,9923600
5606,2024-01-10,JPM,170.0000,171.0800,168.9500,171.0200,9670200
5607,2024-01-11,JPM,170.3300,170.3600,168.6400,170.3000,11919500
5608,2024-01-12,JPM,173.8000,176.3100,168.9000,169.0500,19436500
5609,2024-01-16,JPM,164.8700,168.0900,164.3000,167.9900,17206400
5610,2024-01-17,JPM,167.3400,169.0700,166.4900,167.0900,11107500
5611,2024-01-18,JPM,167.1200,167.5300,165.2400,167.4200,9382300
5612,2024-01-19,JPM,167.5500,170.5700,167.0800,170.3100,13115700
5613,2024-01-22,JPM,170.4600,171.9800,169.7100,170.1100,12837500
5614,2024-01-23,JPM,169.6700,169.7500,168.4400,168.9900,8360800
5615,2024-01-24,JPM,169.3600,171.0100,168.8600,170.5000,9967100
5616,2024-01-25,JPM,172.3100,172.9900,170.9100,172.9400,8873500
5617,2024-01-26,JPM,172.6100,173.0600,171.7800,172.2800,7443000
5618,2024-01-29,JPM,172.2400,172.8400,171.3000,172.7300,6971200
5619,2024-01-30,JPM,172.8300,176.7600,172.8300,176.2700,10822100
5620,2024-01-31,JPM,176.2000,178.3000,174.3400,174.3600,11521800
5621,2024-02-01,JPM,173.6400,174.8400,171.4300,173.7300,9354800
5622,2024-02-02,JPM,173.3000,175.8200,173.2600,174.7300,8607600
5623,2024-02-05,JPM,173.8600,175.0900,172.9200,174.5000,7820200
5624,2024-02-06,JPM,174.6100,175.8700,173.7600,175.1000,6764800
5625,2024-02-07,JPM,175.6900,175.8700,173.9600,175.4300,7225500
5626,2024-02-08,JPM,175.0000,175.3100,173.5700,174.8000,6060300
5627,2024-02-09,JPM,175.0000,175.1000,173.6700,175.0100,6296700
5628,2024-02-12,JPM,174.7800,176.8100,173.7000,175.7900,8539300
5629,2024-02-13,JPM,175.3200,176.2300,172.6200,174.2600,8397600
5630,2024-02-14,JPM,175.0700,176.1000,174.4200,176.0300,7056700
5631,2024-02-15,JPM,176.1500,180.2100,176.1500,179.8700,8723400
5632,2024-02-16,JPM,179.6100,179.9800,178.1600,179.0300,8152600
5633,2024-02-20,JPM,179.1900,180.4600,178.4100,179.7300,9668000
5634,2024-02-21,JPM,179.9500,180.9900,178.5200,180.9000,7024000
5635,2024-02-22,JPM,181.8200,183.4200,181.2400,183.0700,9296500
5636,2024-02-23,JPM,183.8100,185.2000,183.1900,183.9900,7105800
5637,2024-02-26,JPM,183.7500,184.4600,182.4800,183.3600,7145400
5638,2024-02-27,JPM,183.3100,183.5400,182.2400,183.4500,5717100
5639,2024-02-28,JPM,183.4300,185.2000,182.9600,184.3800,6131600
5640,2024-02-29,JPM,185.6600,186.4300,183.8500,186.0600,9643000
5641,2024-03-01,JPM,185.7000,186.4400,185.1000,185.2900,6311800
5642,2024-03-04,JPM,184.7100,187.5900,184.2700,186.6800,7063600
5643,2024-03-05,JPM,186.3600,189.3000,186.3600,188.5500,6617800
5644,2024-03-06,JPM,189.2500,190.0700,187.6300,189.5300,7572900
5645,2024-03-07,JPM,189.9100,190.5000,186.6300,187.8700,7618300
5646,2024-03-08,JPM,188.4400,190.4600,187.9200,188.2200,6172200
5647,2024-03-11,JPM,187.2800,188.4400,186.2200,188.2900,5762600
5648,2024-03-12,JPM,188.9500,190.1600,187.9100,189.8400,5708400
5649,2024-03-13,JPM,190.3600,191.7300,189.8400,191.3800,7795500
5650,2024-03-14,JPM,191.0300,191.6300,187.1000,187.9700,10310900
5651,2024-03-15,JPM,186.4800,190.9400,186.4800,190.3000,17214200
5652,2024-03-18,JPM,190.6300,192.7000,189.8900,192.6600,9013800
5653,2024-03-19,JPM,192.7100,193.9300,192.3800,193.7900,8478700
5654,2024-03-20,JPM,194.1900,196.5600,193.6100,196.3300,9367000
5655,2024-03-21,JPM,196.5200,199.4300,196.3300,199.0600,11203800
5656,2024-03-22,JPM,199.0100,200.4800,196.5400,196.6200,8108800
5657,2024-03-25,JPM,196.6000,196.9400,194.3600,194.8200,8620000
5658,2024-03-26,JPM,194.5900,196.6600,194.0600,195.7300,5961500
5659,2024-03-27,JPM,196.5000,199.6000,196.3800,199.5200,8725800
5660,2024-03-28,JPM,199.4900,200.7200,198.5400,200.3000,8628300
5661,2024-04-01,JPM,199.9900,200.9400,198.5700,198.9400,7309000
5662,2024-04-02,JPM,198.3900,199.7800,198.0800,198.8600,7014700
5663,2024-04-03,JPM,199.0400,199.5600,197.7000,198.3000,9353400
5664,2024-04-04,JPM,199.1500,199.6800,195.5500,195.6500,9243800
5665,2024-04-05,JPM,196.1600,198.1200,195.1100,197.4500,6532300
5666,2024-04-08,JPM,197.6200,198.9800,197.6200,198.4800,8001000
5667,2024-04-09,JPM,198.0700,198.8800,194.9100,197.1500,7351500
5668,2024-04-10,JPM,195.5500,197.0700,194.1800,195.4700,7681400
5669,2024-04-11,JPM,196.0000,196.5700,193.2400,195.4300,10137700
5670,2024-04-12,JPM,188.3200,188.9300,182.5400,182.7900,31532300
5671,2024-04-15,JPM,184.5000,187.4600,182.2000,182.8900,14766600
5672,2024-04-16,JPM,182.9000,183.1600,179.6500,180.8000,16451800
5673,2024-04-17,JPM,181.3700,182.4200,179.2000,180.0800,9017100
5674,2024-04-18,JPM,181.1000,183.3600,179.9700,181.2500,9557700
5675,2024-04-19,JPM,182.4000,185.8800,181.4100,185.8000,13402300
5676,2024-04-22,JPM,185.9900,190.1300,185.9800,189.4100,11529700
5677,2024-04-23,JPM,191.1300,192.2300,190.5200,192.1400,9144400
5678,2024-04-24,JPM,190.5300,193.2300,190.1700,193.0800,6964900
5679,2024-04-25,JPM,192.2500,193.9400,191.1800,193.3700,9802300
5680,2024-04-26,JPM,193.5700,194.8700,193.0600,193.4900,6413700
5681,2024-04-29,JPM,193.4800,194.2600,192.4300,193.2800,5387800
5682,2024-04-30,JPM,192.8100,194.9900,191.6400,191.7400,8153700
5683,2024-05-01,JPM,192.2700,194.4600,190.7900,191.8600,7445300
5684,2024-05-02,JPM,193.0700,193.5000,189.5200,191.6600,6501700
5685,2024-05-03,JPM,192.0000,192.5300,188.4600,190.5100,8922800
5686,2024-05-06,JPM,191.7300,192.2000,189.8200,192.0000,7911100
5687,2024-05-07,JPM,191.7000,192.9300,191.6500,191.7500,7688800
5688,2024-05-08,JPM,191.0000,196.6500,191.0000,195.6500,9227600
5689,2024-05-09,JPM,195.1700,197.5900,195.1000,197.5000,7977300
5690,2024-05-10,JPM,198.5400,199.3400,198.2700,198.7700,7529800
5691,2024-05-13,JPM,198.8000,199.8500,198.0400,198.7300,7049200
5692,2024-05-14,JPM,199.0000,201.5800,198.1600,201.5100,8596200
5693,2024-05-15,JPM,202.0100,202.6900,199.7700,202.1100,8370000
5694,2024-05-16,JPM,202.2200,204.4800,201.9900,202.4700,8497900
5695,2024-05-17,JPM,203.8100,205.0500,202.8100,204.7900,9260500
5696,2024-05-20,JPM,204.3900,205.8800,195.4000,195.5800,17373300
5697,2024-05-21,JPM,197.0000,199.9000,196.6000,199.5200,14420800
5698,2024-05-22,JPM,199.0000,200.9400,197.6900,198.3100,9425300
5699,2024-05-23,JPM,197.8100,198.3000,196.0700,196.9200,8069400
5700,2024-05-24,JPM,197.7500,200.7600,197.5600,200.7100,7356200
5701,2024-05-28,JPM,199.8600,200.4100,198.6600,199.5000,6910200
5702,2024-05-29,JPM,198.0000,198.9900,196.8900,198.1100,6120000
5703,2024-05-30,JPM,198.5600,199.8500,198.4000,199.3300,6829100
5704,2024-05-31,JPM,199.3000,203.3000,198.3500,202.6300,14417900
5705,2024-06-03,JPM,202.3100,202.4200,199.1900,201.8200,6444300
5706,2024-06-04,JPM,200.1600,201.9800,198.2800,199.1600,6848300
5707,2024-06-05,JPM,199.7600,199.8200,196.9200,197.2600,8351600
5708,2024-06-06,JPM,197.2600,198.0200,195.3300,196.9100,7640300
5709,2024-06-07,JPM,197.4300,200.9200,197.0100,199.9500,6964500
5710,2024-06-10,JPM,199.2400,200.8400,198.4400,199.6100,6070800
5711,2024-06-11,JPM,197.9100,197.9400,193.6000,194.3600,9235300
5712,2024-06-12,JPM,196.0000,196.7200,191.3100,191.5300,12751300
5713,2024-06-13,JPM,192.3200,194.5800,190.8800,193.6600,8587800
5714,2024-06-14,JPM,191.4500,194.8600,191.4200,193.7800,6874000
5715,2024-06-17,JPM,193.4800,195.5800,192.6400,194.9800,8725400
5716,2024-06-18,JPM,194.6000,197.9600,194.1300,197.0000,9023000
5717,2024-06-20,JPM,196.3900,199.4500,196.1100,198.6700,8731100
5718,2024-06-21,JPM,196.7100,197.1700,194.2200,196.3000,20972100
5719,2024-06-24,JPM,197.8100,199.2300,197.1000,198.8800,9785900
5720,2024-06-25,JPM,198.0900,200.0700,197.7400,198.0700,6862500
5721,2024-06-26,JPM,197.4500,197.9400,196.2800,197.4300,7758600
5722,2024-06-27,JPM,197.4400,199.8600,196.9000,199.1700,7913500
5723,2024-06-28,JPM,200.0100,202.6000,199.3000,202.2600,15307600
5724,2024-07-01,JPM,202.8400,207.0900,202.6600,205.4500,10205800
5725,2024-07-02,JPM,205.2900,208.8600,204.7700,208.8300,7802900
5726,2024-07-03,JPM,209.5500,210.3800,207.6500,208.6900,5560900
5727,2024-07-05,JPM,206.9900,207.3700,204.5200,204.7900,8093100
5728,2024-07-08,JPM,205.0400,206.9000,203.9700,205.1700,8707000
5729,2024-07-09,JPM,205.6300,209.7600,205.4500,207.6300,9058900
5730,2024-07-10,JPM,206.1400,207.9700,205.5800,207.8000,8328500
5731,2024-07-11,JPM,206.2100,208.1000,205.3800,207.4500,10658100
5732,2024-07-12,JPM,204.0000,207.4500,202.1000,204.9400,15443400
5733,2024-07-15,JPM,207.1900,211.6100,206.7200,210.0500,10719700
5734,2024-07-16,JPM,210.0000,213.7400,208.0800,213.6200,11557000
5735,2024-07-17,JPM,213.8000,217.5600,213.2700,216.8700,11572500
5736,2024-07-18,JPM,215.6300,216.6400,209.2400,209.9800,12415100
5737,2024-07-19,JPM,211.2000,212.3500,208.9200,209.7800,8095900
5738,2024-07-22,JPM,210.4600,212.1700,209.7100,210.2800,7663200
5739,2024-07-23,JPM,211.0200,211.4800,209.3500,210.3300,5557300
5740,2024-07-24,JPM,209.5500,212.0300,208.0700,208.5900,7119000
5741,2024-07-25,JPM,208.6500,210.1900,208.0500,208.6700,6403800
5742,2024-07-26,JPM,209.2400,213.1600,208.6200,212.2400,8027800
5743,2024-07-29,JPM,212.6500,213.6100,210.5500,210.8500,6533600
5744,2024-07-30,JPM,213.2300,215.7900,212.9600,215.1900,8850700
5745,2024-07-31,JPM,214.7800,216.3900,212.6700,212.8000,9071600
5746,2024-08-01,JPM,213.2000,213.8300,206.3800,207.9600,10918600
5747,2024-08-02,JPM,203.8800,204.6700,196.8900,199.1400,18041700
5748,2024-08-05,JPM,194.0500,196.1700,190.9000,194.9000,13927000
5749,2024-08-06,JPM,195.4000,202.6000,194.0000,200.3400,10605800
5750,2024-08-07,JPM,203.5100,205.7500,200.2000,200.4000,9204400
5751,2024-08-08,JPM,202.4700,204.9100,201.7900,204.0600,7761200
5752,2024-08-09,JPM,203.4700,206.4700,202.9000,205.8000,5540200
5753,2024-08-12,JPM,206.4100,207.1400,203.6600,206.1900,6936000
5754,2024-08-13,JPM,207.7300,208.0900,205.4000,207.9400,6387800
5755,2024-08-14,JPM,207.7400,210.7600,207.1200,210.2400,6999800
5756,2024-08-15,JPM,213.0000,213.8900,211.1000,211.5500,7001000
5757,2024-08-16,JPM,211.6900,214.0900,211.5900,213.9700,7931200
5758,2024-08-19,JPM,214.0000,215.5300,213.8200,215.4500,6090800
5759,2024-08-20,JPM,215.0000,216.0000,213.6800,214.5200,5640000
5760,2024-08-21,JPM,214.4300,215.0000,212.8400,214.6000,5202300
5761,2024-08-22,JPM,214.5800,216.8000,214.3400,216.6300,5247100
5762,2024-08-23,JPM,217.6000,219.1900,216.5000,218.3100,7214000
5763,2024-08-26,JPM,219.0100,219.6800,218.0500,219.1700,5105200
5764,2024-08-27,JPM,219.5100,220.4200,219.1900,220.1800,5185200
5765,2024-08-28,JPM,219.2500,222.2100,219.1900,221.2900,6506400
5766,2024-08-29,JPM,222.1500,222.9800,218.9400,222.2100,6416100
5767,2024-08-30,JPM,222.5000,225.4800,221.9300,224.8000,8574100
5768,2024-09-03,JPM,222.3000,224.1000,219.2400,220.3000,8956100
5769,2024-09-04,JPM,221.0400,222.0700,217.2100,219.3300,7389500
5770,2024-09-05,JPM,220.1500,220.8000,216.0300,217.6300,8067900
5771,2024-09-06,JPM,217.6000,218.7400,211.0900,212.4600,7777000
5772,2024-09-09,JPM,215.1900,218.1500,214.1800,216.8100,8935100
5773,2024-09-10,JPM,218.6000,218.6400,200.6100,205.5600,28406900
5774,2024-09-11,JPM,205.2500,207.7000,201.8300,207.2300,13658700
5775,2024-09-12,JPM,207.6500,208.7800,204.8900,206.6000,9054400
5776,2024-09-13,JPM,206.8600,207.8500,203.0200,204.3200,10226700
5777,2024-09-16,JPM,205.8300,208.2100,205.5900,207.8600,8634900
5778,2024-09-17,JPM,207.7300,209.9300,207.6600,209.2500,7573300
5779,2024-09-18,JPM,209.0100,211.3400,206.7000,207.5300,8259900
5780,2024-09-19,JPM,209.7800,211.9100,207.3400,210.4800,11635200
5781,2024-09-20,JPM,209.9300,211.4200,209.5000,211.0900,20885000
5782,2024-09-23,JPM,211.0000,211.8000,209.9900,211.4400,7223500
5783,2024-09-24,JPM,211.1500,212.9500,210.3700,211.5900,7323200
5784,2024-09-25,JPM,211.6800,212.2400,208.6100,210.1900,8976500
5785,2024-09-26,JPM,211.1300,211.7000,209.0100,209.7800,7807500
5786,2024-09-27,JPM,210.6500,212.4400,209.3300,210.5000,7032500
5787,2024-09-30,JPM,206.3100,210.9600,205.2600,210.8600,8663800
5788,2024-10-01,JPM,208.9000,209.0900,206.1900,207.0400,8540100
5789,2024-10-02,JPM,207.0800,208.9500,205.6900,207.2900,5810900
5790,2024-10-03,JPM,206.1700,206.4900,204.3400,205.2300,7251300
5791,2024-10-04,JPM,209.3000,211.6700,206.9100,211.2200,10211700
5792,2024-10-07,JPM,211.0300,213.3300,209.6900,210.9300,6718900
5793,2024-10-08,JPM,210.5800,211.3300,208.3800,210.7500,6021800
5794,2024-10-09,JPM,209.7000,214.2400,209.3800,213.4200,7024000
5795,2024-10-10,JPM,214.8100,214.8100,211.4700,212.8400,7927100
5796,2024-10-11,JPM,215.6700,224.6300,215.1600,222.2900,18320700
5797,2024-10-14,JPM,223.2000,223.7000,218.8800,221.4800,9048900
5798,2024-10-15,JPM,223.6600,225.4500,221.8200,222.3900,9235800
5799,2024-10-16,JPM,222.3300,223.6800,221.0400,223.6400,6382500
5800,2024-10-17,JPM,224.2700,225.8500,223.3100,224.4200,6470200
5801,2024-10-18,JPM,225.0000,225.9200,223.1000,225.3700,7000500
5802,2024-10-21,JPM,225.2200,225.7000,222.9000,223.0000,5870000
5803,2024-10-22,JPM,223.0200,225.2800,221.1000,224.1200,9586800
5804,2024-10-23,JPM,223.6600,224.8000,222.5300,223.4100,6180500
5805,2024-10-24,JPM,221.8300,225.0600,221.6600,224.9800,6002200
5806,2024-10-25,JPM,225.0000,225.6200,220.8800,222.3100,6369700
5807,2024-10-28,JPM,223.3500,225.6400,222.9500,225.5000,6843000
5808,2024-10-29,JPM,225.2100,226.7500,222.8100,222.9000,6580000
5809,2024-10-30,JPM,222.5400,226.3100,221.5800,224.4100,7110900
5810,2024-10-31,JPM,224.7000,225.6900,221.8200,221.9200,7829900
5811,2024-11-01,JPM,223.5600,226.1500,222.7000,222.9400,6923500
5812,2024-11-04,JPM,222.6500,223.7600,219.1700,219.7800,8229600
5813,2024-11-05,JPM,220.0300,221.9600,220.0000,221.4900,5600700
5814,2024-11-06,JPM,235.0000,248.0000,234.7700,247.0600,23987800
5815,2024-11-07,JPM,244.5000,244.5700,235.2200,236.3800,16451100
5816,2024-11-08,JPM,239.3400,239.3400,235.7800,236.9800,9502100
5817,2024-11-11,JPM,240.0000,242.1000,239.0000,239.2900,9017100
5818,2024-11-12,JPM,240.5500,241.4600,238.7600,239.5600,6861000
5819,2024-11-13,JPM,240.5800,244.0900,240.3100,241.1600,11472600
5820,2024-11-14,JPM,242.4200,244.2900,241.0500,241.8700,10172200
5821,2024-11-15,JPM,241.4600,246.4200,241.4600,245.3100,11518800
5822,2024-11-18,JPM,247.7600,247.9300,242.6800,245.0300,9051400
5823,2024-11-19,JPM,242.2500,245.1500,241.5500,243.0900,6792700
5824,2024-11-20,JPM,244.4000,244.6100,238.6400,240.7800,9015300
5825,2024-11-21,JPM,243.2300,245.4900,242.1100,244.7600,8783500
5826,2024-11-22,JPM,243.6100,249.1500,243.0300,248.5500,7997300
5827,2024-11-25,JPM,249.5900,254.3100,249.0600,250.2900,10295400
5828,2024-11-26,JPM,250.4900,251.0000,248.3400,249.9700,6212100
5829,2024-11-27,JPM,249.3500,251.1900,248.7700,249.7900,5472300
5830,2024-11-29,JPM,249.8600,251.7700,249.4500,249.7200,5494800
5831,2024-12-02,JPM,249.5500,250.2500,245.0300,246.2500,8899700
5832,2024-12-03,JPM,248.2300,249.0400,244.6300,244.8200,6657700
5833,2024-12-04,JPM,244.7000,245.3500,242.2300,243.4000,7346300
5834,2024-12-05,JPM,245.3900,247.1800,244.6200,245.4800,6572500
5835,2024-12-06,JPM,245.7000,247.7400,244.8400,247.3600,5519700
5836,2024-12-09,JPM,247.1300,247.8700,243.7600,243.8100,7076500
5837,2024-12-10,JPM,243.8900,247.9600,242.2200,242.8600,9108300
5838,2024-12-11,JPM,244.0000,244.2700,242.1800,243.5300,7884400
5839,2024-12-12,JPM,243.0000,244.1000,241.0400,241.5300,6113800
5840,2024-12-13,JPM,242.0700,242.7200,239.1400,239.9400,10392700
5841,2024-12-16,JPM,240.6100,240.6700,237.5200,239.5800,9032000
5842,2024-12-17,JPM,238.6500,239.0200,236.6300,238.3600,8083600
5843,2024-12-18,JPM,239.0000,239.0700,229.5300,230.3700,11322400
5844,2024-12-19,JPM,232.2700,236.3600,232.2700,232.9600,11790800
5845,2024-12-20,JPM,231.9200,239.2100,231.5900,237.6000,32348400
5846,2024-12-23,JPM,236.0700,238.6200,234.8800,238.3900,8611500
5847,2024-12-24,JPM,239.4300,242.4900,239.0700,242.3100,3729100
5848,2024-12-26,JPM,241.4300,243.2600,240.7900,243.1400,4451800
5849,2024-12-27,JPM,242.7200,243.3900,240.0400,241.1700,5730200
5850,2024-12-30,JPM,238.7700,240.8400,237.1100,239.3200,5723800
5851,2024-12-31,JPM,240.0500,241.4400,239.0300,239.7100,4871000
5852,2025-01-02,JPM,240.9200,243.2800,239.4500,240.0000,9220900
5853,2025-01-03,JPM,243.8900,244.8800,240.2600,243.2800,9491100
5854,2025-01-06,JPM,243.7000,245.6900,240.5800,240.8500,9917800
5855,2025-01-07,JPM,242.1400,245.2600,240.9000,243.1700,8753400
5856,2025-01-08,JPM,242.7500,244.2500,240.5000,243.1300,8675300
5857,2025-01-10,JPM,243.0900,243.8100,238.7400,239.8700,10256800
5858,2025-01-13,JPM,239.6700,244.5400,239.0000,244.2100,10005300
5859,2025-01-14,JPM,242.6600,247.7200,242.1900,247.4700,12407400
5860,2025-01-15,JPM,250.4000,253.6700,243.6800,252.3500,18448500
5861,2025-01-16,JPM,254.0000,257.0400,252.3300,254.2700,15292300
5862,2025-01-17,JPM,254.1400,260.6200,252.1400,259.1600,17678100
5863,2025-01-21,JPM,260.0700,264.2500,259.5000,263.0300,13712100
5864,2025-01-22,JPM,262.9000,263.3800,260.2500,262.8400,9021900
5865,2025-01-23,JPM,264.6900,266.8600,263.8100,265.9500,10749700
5866,2025-01-24,JPM,263.6900,267.1000,263.0100,264.8400,7666300
5867,2025-01-27,JPM,264.1700,265.9700,262.2600,265.8500,7522300
5868,2025-01-28,JPM,265.8500,267.3300,264.8300,267.1400,7375400
5869,2025-01-29,JPM,267.2100,270.6800,265.6100,266.5800,7684900
5870,2025-01-30,JPM,268.6300,269.7000,266.6200,268.2300,8753500
5871,2025-01-31,JPM,269.2300,270.8200,266.9600,267.3000,7193800
5872,2025-02-03,JPM,261.8300,268.1700,261.7000,266.8100,8381400
5873,2025-02-04,JPM,269.8400,269.8400,266.8300,267.9400,5626000
5874,2025-02-05,JPM,268.9100,270.6400,268.3300,270.4300,5704400
5875,2025-02-06,JPM,272.4500,276.9800,271.1900,276.9000,7264400
5876,2025-02-07,JPM,277.2700,278.5500,274.7100,275.8000,6857900
5877,2025-02-10,JPM,276.1500,276.1800,269.5900,271.0400,8627400
5878,2025-02-11,JPM,270.2600,276.2200,269.6600,274.9900,7196400
5879,2025-02-12,JPM,274.0800,276.4500,273.2500,275.4500,6683900
5880,2025-02-13,JPM,275.5000,276.9700,273.8100,276.3200,8398700
5881,2025-02-14,JPM,277.3700,279.2300,276.4500,276.5900,5688600
5882,2025-02-18,JPM,276.7600,279.9700,276.0200,279.9500,7919800
5883,2025-02-19,JPM,278.3800,280.2500,277.2200,279.2500,7007200
5884,2025-02-20,JPM,278.6800,278.7400,265.7400,266.8000,13846700
5885,2025-02-21,JPM,268.3200,269.2000,262.8400,264.2400,12835600
5886,2025-02-24,JPM,265.4900,267.0000,258.6100,261.3400,10372800
5887,2025-02-25,JPM,262.2300,263.0000,253.3500,257.4000,9608400
5888,2025-02-26,JPM,257.1600,260.9100,256.9300,258.7900,5943600
5889,2025-02-27,JPM,260.1800,263.6400,257.8600,259.0500,8204400
5890,2025-02-28,JPM,260.7300,264.8100,257.8900,264.6500,10467100
5891,2025-03-03,JPM,264.0000,266.3200,257.8200,260.6200,9058300
5892,2025-03-04,JPM,255.2800,257.2300,245.9500,250.2500,13465600
5893,2025-03-05,JPM,251.2500,253.0500,247.8300,251.5300,7861400
5894,2025-03-06,JPM,248.1100,249.3600,243.8500,246.5400,9983200
5895,2025-03-07,JPM,245.2300,246.7200,239.4200,242.2800,20498700
5896,2025-03-10,JPM,236.2100,237.5100,228.7000,232.2200,18887200
5897,2025-03-11,JPM,231.7500,233.3200,226.6900,229.1400,18143000
5898,2025-03-12,JPM,234.0000,234.3200,227.2600,227.9000,16054000
5899,2025-03-13,JPM,229.3000,229.5000,224.2300,225.1900,16467900
5900,2025-03-14,JPM,228.1200,233.1400,227.5800,232.4400,11962100
5901,2025-03-17,JPM,231.1800,235.6700,230.4600,233.9300,9586000
5902,2025-03-18,JPM,234.3200,236.1700,233.5200,234.9700,10344900
5903,2025-03-19,JPM,235.7400,242.3300,234.8900,239.1100,10120600
5904,2025-03-20,JPM,236.5600,241.7600,236.2000,239.0100,8328500
5905,2025-03-21,JPM,237.8100,242.3000,236.5000,241.6300,19326900
5906,2025-03-24,JPM,245.4800,248.6900,244.4100,248.0600,9422700
5907,2025-03-25,JPM,249.3100,251.8200,247.6200,251.1300,9287700
5908,2025-03-26,JPM,252.6000,254.6700,249.7800,251.0300,12779300
5909,2025-03-27,JPM,249.5300,250.6400,247.1800,248.1200,8022500
5910,2025-03-28,JPM,246.9400,249.5100,241.1100,242.8500,11978400
5911,2025-03-31,JPM,239.4100,245.8600,237.3600,245.3000,13603000
5912,2025-04-01,JPM,242.6200,245.6900,240.8800,243.6600,8054700
5913,2025-04-02,JPM,241.6000,247.2500,241.4600,245.8200,7758800
5914,2025-04-03,JPM,234.2700,235.1400,227.3000,228.6900,17188500
5915,2025-04-04,JPM,215.3100,217.7000,208.9300,210.2800,27170700
5916,2025-04-07,JPM,205.7700,222.0500,202.1600,214.4400,22914400
5917,2025-04-08,JPM,223.5200,227.8400,213.2500,216.8700,19485700
5918,2025-04-09,JPM,212.5000,237.4800,211.0000,234.3400,24022400
5919,2025-04-10,JPM,230.0000,230.3500,220.1000,227.1100,18896400
5920,2025-04-11,JPM,226.3100,238.5800,225.0000,236.2000,20284500
5921,2025-04-14,JPM,237.1000,239.7800,233.6300,234.7200,13017800
5922,2025-04-15,JPM,236.1000,238.6500,232.8200,233.1300,10912900
5923,2025-04-16,JPM,232.0000,233.5800,227.9300,229.6100,9322300
5924,2025-04-17,JPM,230.8000,234.3400,230.5500,231.9600,9557900
5925,2025-04-21,JPM,230.6300,231.8100,226.3400,228.9900,8716200
5926,2025-04-22,JPM,231.9800,235.9900,231.3700,235.5900,10701400
5927,2025-04-23,JPM,240.2200,246.7900,240.0000,240.8800,14126800
5928,2025-04-24,JPM,239.7400,245.4700,237.5800,244.6400,9055200
5929,2025-04-25,JPM,244.6500,245.6200,241.7500,243.5500,8588600
5930,2025-04-28,JPM,244.5600,246.8400,240.8400,243.2200,7394300
5931,2025-04-29,JPM,242.1900,245.2500,241.6900,244.6200,7216800
5932,2025-04-30,JPM,241.2100,245.2200,238.4300,244.6200,12991700
5933,2025-05-01,JPM,242.8400,248.4500,242.1700,246.8900,8689600
5934,2025-05-02,JPM,251.2600,253.6200,249.4600,252.5100,7165000
5935,2025-05-05,JPM,251.1800,255.1600,250.5900,252.5600,5450700
5936,2025-05-06,JPM,250.0000,252.6500,249.0000,249.2500,6369900
5937,2025-05-07,JPM,249.8500,252.4500,248.8300,249.3900,8724100
5938,2025-05-08,JPM,251.5700,255.8800,251.5500,253.4700,8320100
5939,2025-05-09,JPM,254.5000,255.5100,252.3400,253.0800,5087600
5940,2025-05-12,JPM,262.9000,263.6000,258.7000,260.0500,9603900
5941,2025-05-13,JPM,261.0300,263.6700,260.3900,263.0100,8589000
5942,2025-05-14,JPM,263.0000,266.6400,262.2900,265.6400,8643100
5943,2025-05-15,JPM,266.9700,269.5200,264.7600,267.4900,9214600
5944,2025-05-16,JPM,267.5000,268.4600,264.7100,267.5600,8932900
5945,2025-05-19,JPM,265.5500,268.3200,261.9300,264.8800,12145000
5946,2025-05-20,JPM,262.5200,266.6600,262.3000,265.6800,8436300
5947,2025-05-21,JPM,264.3500,265.6500,260.7300,261.0400,7464000
5948,2025-05-22,JPM,259.4400,262.3000,258.8700,260.6700,6514100
5949,2025-05-23,JPM,256.8100,261.9900,256.0000,260.7100,6671800
5950,2025-05-27,JPM,262.0400,265.3000,261.9900,265.2900,7506600
5951,2025-05-28,JPM,266.2400,266.7200,262.9000,263.4900,5535400
5952,2025-05-29,JPM,264.8000,265.4100,262.5300,264.3700,5081200
5953,2025-05-30,JPM,263.4500,265.3300,262.7300,264.0000,10977700
5954,2025-06-02,JPM,263.0200,265.0300,261.9000,264.6600,6011200
5955,2025-06-03,JPM,263.7300,266.5800,262.8800,266.2700,6998400
5956,2025-06-04,JPM,265.9200,267.1200,264.1800,264.2200,5915700
5957,2025-06-05,JPM,264.7400,264.7400,260.3100,261.9500,8173800
5958,2025-06-06,JPM,264.3300,266.6500,264.2600,265.7300,7738100
5959,2025-06-09,JPM,266.0000,267.9000,263.3500,266.7400,8285000
5960,2025-06-10,JPM,265.8800,268.9000,265.8500,268.6000,7538100
5961,2025-06-11,JPM,268.6800,269.6200,265.7900,268.1500,7434100
5962,2025-06-12,JPM,266.8600,268.2900,265.1400,268.2400,6618000
5963,2025-06-13,JPM,265.0800,267.0200,262.7100,264.9500,7098300
5964,2025-06-16,JPM,267.0000,271.7300,266.8500,270.3600,8566000
5965,2025-06-17,JPM,268.1700,270.5900,267.8000,269.5200,6739300
5966,2025-06-18,JPM,270.0000,277.7200,269.7200,273.9600,9586400
5967,2025-06-20,JPM,275.5700,277.3000,273.8100,275.0000,13969700
5968,2025-06-23,JPM,275.0600,278.5500,272.1100,278.2700,8094600
5969,2025-06-24,JPM,280.2100,282.7100,279.5100,281.2600,9267900
5970,2025-06-25,JPM,281.5000,284.2800,280.9100,284.0600,6826900
5971,2025-06-26,JPM,284.7000,289.4100,284.4700,288.7500,8942100
5972,2025-06-27,JPM,285.8100,288.7000,285.0400,287.1100,17868600
5973,2025-06-30,JPM,290.4000,292.6500,288.9200,289.9100,12689200
5974,2025-07-01,JPM,290.8900,291.1300,286.5900,290.4100,9338300
5975,2025-07-02,JPM,292.0400,292.8200,289.7000,292.0000,8158700
5976,2025-07-03,JPM,292.1500,296.4000,291.2100,296.0000,6541600
5977,2025-07-07,JPM,295.2500,296.0400,290.0800,291.9700,8825700
5978,2025-07-08,JPM,289.2700,289.7000,280.3100,282.7800,15440900
5979,2025-07-09,JPM,287.1800,287.2000,282.4800,283.1600,11273800
5980,2025-07-10,JPM,283.0000,288.3100,283.0000,288.1900,8410900
5981,2025-07-11,JPM,285.5200,287.3800,283.6500,286.8600,7384700
5982,2025-07-14,JPM,287.0700,289.3000,285.2600,288.7000,9079900
5983,2025-07-15,JPM,288.0000,291.9500,285.4800,286.5500,12526100
5984,2025-07-16,JPM,288.4000,290.7300,283.0100,285.8200,9979800
5985,2025-07-17,JPM,283.4400,290.3000,283.4400,289.9000,8509500
5986,2025-07-18,JPM,289.5200,292.5000,288.2300,291.2700,12217000
5987,2025-07-21,JPM,291.0000,294.1800,290.5800,290.9700,7898100
5988,2025-07-22,JPM,291.5000,293.6300,289.1800,291.4300,6717500
5989,2025-07-23,JPM,292.8400,296.9900,292.5500,296.7600,7083500
5990,2025-07-24,JPM,297.4200,299.5900,296.2000,296.5500,7001200
5991,2025-07-25,JPM,296.7000,298.9000,295.9600,298.6200,5918500
5992,2025-07-28,JPM,297.6600,299.4300,296.8200,298.2800,5840400
5993,2025-07-29,JPM,300.0000,301.2900,296.2000,297.0400,7635700
5994,2025-07-30,JPM,297.4200,300.6100,297.3800,299.6300,8061700
5995,2025-07-31,JPM,299.1400,300.9800,295.5000,296.2400,14749700
5996,2025-08-01,JPM,290.4000,291.8000,284.2400,289.3700,12007100
5997,2025-08-04,JPM,290.2600,294.3200,290.2600,294.2600,6649500
5998,2025-08-05,JPM,294.6900,295.7900,287.2400,291.3700,7182300
5999,2025-08-06,JPM,292.3000,293.2900,290.1600,291.3500,6330200
6000,2025-08-07,JPM,292.9400,293.4600,286.4100,286.9400,8057100
6001,2025-08-08,JPM,288.9800,291.2300,284.7100,288.7600,6634100
6002,2025-08-11,JPM,289.4000,291.3200,288.7800,289.5600,5510100
6003,2025-08-12,JPM,291.5000,294.7500,290.3400,292.8500,8570900
6004,2025-08-13,JPM,293.9500,294.5500,287.1600,290.5300,8420400
6005,2025-08-14,JPM,290.5800,294.2000,289.6400,294.1600,6322400
6006,2025-08-15,JPM,294.8400,295.5000,289.8200,290.4900,7340500
6007,2025-08-18,JPM,290.0000,291.9000,288.4100,291.5300,5386900
6008,2025-08-19,JPM,290.8300,292.4800,289.5300,290.6600,6031500
6009,2025-08-20,JPM,290.8100,293.3300,287.2700,292.2400,7374200
6010,2025-08-21,JPM,291.9400,292.7700,289.4700,291.4700,6624000
6011,2025-08-22,JPM,293.2000,297.1600,290.1300,296.2400,8552800
6012,2025-08-25,JPM,296.2400,297.3500,294.1400,294.9000,5856300
6013,2025-08-26,JPM,294.1600,298.7400,293.5000,298.5700,6714700
6014,2025-08-27,JPM,297.2500,301.0700,297.0400,299.2800,6056500
6015,2025-08-28,JPM,300.0200,301.2400,298.7000,301.0700,6410500
6016,2025-08-29,JPM,302.0400,302.9500,299.7300,301.4200,6796400
6017,2025-09-02,JPM,300.2600,300.4600,294.5000,299.7000,7221900
6018,2025-09-03,JPM,300.5700,300.5700,296.3800,299.5100,6316900
6019,2025-09-04,JPM,300.0000,304.4300,298.2800,303.8200,6605800
6020,2025-09-05,JPM,303.6500,305.1500,294.3100,294.3800,9837700
6021,2025-09-08,JPM,294.8900,296.4600,291.4400,292.9100,8188500
6022,2025-09-09,JPM,292.6000,299.0000,292.3100,297.8500,7848200
6023,2025-09-10,JPM,296.7000,301.5400,295.4000,300.5400,7787300
6024,2025-09-11,JPM,301.2400,305.7300,300.7900,305.5600,7942500
6025,2025-09-12,JPM,305.0000,307.5500,303.7000,306.9100,6846700
6026,2025-09-15,JPM,307.1700,309.9500,307.1700,308.9000,7122000
6027,2025-09-16,JPM,310.0000,310.9000,307.1300,309.1900,10525600
6028,2025-09-17,JPM,310.3900,312.9100,308.7700,311.7500,8657800
6029,2025-09-18,JPM,311.7900,313.4400,309.6100,313.2300,8050700
6030,2025-09-19,JPM,313.6000,315.8000,309.1200,314.7800,23568600
6031,2025-09-22,JPM,309.8000,313.7000,309.5600,312.4400,7520200
6032,2025-09-23,JPM,311.8200,316.3100,310.5800,312.7400,8584400
6033,2025-09-24,JPM,314.0500,316.5800,311.6700,313.4200,7310500
6034,2025-09-25,JPM,314.1200,315.6500,311.8000,313.4500,7083200
6035,2025-09-26,JPM,314.9000,317.8100,313.7000,316.0600,7258100
6036,2025-09-29,JPM,317.0600,318.0100,313.6600,315.6900,6462400
6037,2025-09-30,JPM,316.2500,317.4100,310.1100,315.4300,11823300
6038,2025-10-01,JPM,313.9700,314.5900,307.4100,310.7100,9235200
6039,2025-10-02,JPM,310.0000,310.5600,306.1400,307.5500,7600000
6040,2025-10-03,JPM,308.5100,311.6600,308.2100,310.0300,6029900
6041,2025-10-06,JPM,310.1800,311.7500,305.1300,309.1800,7214500
6042,2025-10-07,JPM,309.3500,310.0100,304.7000,307.6900,8454200
6043,2025-10-08,JPM,308.2100,308.7800,303.5500,304.0300,6489900
6044,2025-10-09,JPM,305.0500,308.0400,303.3900,305.5300,7060300
6045,2025-10-10,JPM,305.6600,310.4700,300.8100,300.8900,8597400
6046,2025-10-13,JPM,305.6000,309.4600,305.4500,307.9700,10788700
6047,2025-10-14,JPM,305.8400,307.0000,294.2100,302.0800,16178800
6048,2025-10-15,JPM,306.3900,312.1200,305.4400,305.6900,11354800
6049,2025-10-16,JPM,305.3500,308.6800,297.0700,298.5400,10549400
6050,2025-10-17,JPM,299.1600,299.5500,294.2000,297.5600,10153500
6051,2025-10-20,JPM,298.5000,303.6900,298.1600,302.3600,6894900
6052,2025-10-21,JPM,301.6600,304.0500,297.0000,297.0900,7372700
6053,2025-10-22,JPM,297.7700,298.0600,290.5400,294.1100,8054100
6054,2025-10-23,JPM,294.3800,296.3700,292.5100,294.5400,5438800
6055,2025-10-24,JPM,296.0800,302.6000,295.4500,300.4400,7228300
6056,2025-10-27,JPM,302.1600,304.5300,301.0100,304.1500,5642200
6057,2025-10-28,JPM,304.8600,307.9700,303.1600,305.3600,6336000
6058,2025-10-29,JPM,303.5100,308.2500,303.0100,305.5100,7520300
6059,2025-10-30,JPM,305.7900,312.6100,305.1000,309.4400,7514600
6060,2025-10-31,JPM,308.5400,312.8700,307.2500,311.1200,7721300
6061,2025-11-03,JPM,311.0000,312.3200,306.2100,309.3500,7770000
6062,2025-11-04,JPM,306.7100,312.2200,305.1000,309.2500,7085200
6063,2025-11-05,JPM,309.6100,313.1000,305.6300,311.6800,6865200
6064,2025-11-06,JPM,310.9900,314.8400,310.2600,313.4200,7206100
6065,2025-11-07,JPM,311.8900,314.4300,307.6400,314.2100,7302300
6066,2025-11-10,JPM,315.0000,319.5600,314.2100,316.8900,5794100
6067,2025-11-11,JPM,317.5000,319.0500,315.2800,315.6200,5030200
6068,2025-11-12,JPM,316.2600,322.2500,316.2100,320.4100,10578300
6069,2025-11-13,JPM,319.2300,320.6300,309.1000,309.4800,8973300
6070,2025-11-14,JPM,307.5100,307.6400,301.2300,303.6100,10327000
6071,2025-11-17,JPM,304.0000,305.5900,297.6700,300.3700,8344000
6072,2025-11-18,JPM,299.5000,302.9500,297.0200,299.4100,8077300
6073,2025-11-19,JPM,299.7400,304.4500,299.2700,303.2700,5546600
6074,2025-11-20,JPM,306.3400,309.9200,298.1600,298.3800,7501600
6075,2025-11-21,JPM,301.2900,301.6800,292.8100,298.0200,11766800
6076,2025-11-24,JPM,298.2400,299.8200,294.5100,298.0000,10940200
6077,2025-11-25,JPM,300.0500,304.5000,295.5600,303.0000,8877200
6078,2025-11-26,JPM,305.0000,308.5300,303.2000,307.6400,7910900
6079,2025-11-28,JPM,309.1000,313.7200,308.2400,313.0800,4322400
6080,2025-12-01,JPM,312.9500,314.0400,308.5400,308.9200,7727300
6081,2025-12-02,JPM,308.7400,310.4800,307.0900,307.8800,7249000
6082,2025-12-03,JPM,307.2000,312.3600,306.8000,312.1300,8535300
6083,2025-12-04,JPM,313.2600,318.4900,313.0000,316.1000,9627800
6084,2025-12-05,JPM,315.6400,318.4800,314.6800,315.0400,6518900
6085,2025-12-08,JPM,315.0600,316.4700,313.3500,315.2100,7417200
6086,2025-12-09,JPM,314.9500,318.8000,300.0200,300.5100,18049200
6087,2025-12-10,JPM,300.5000,311.1900,298.4600,310.1100,18874100
6088,2025-12-11,JPM,309.2400,318.0000,309.2400,317.3800,9721900
6089,2025-12-12,JPM,319.6800,320.2700,316.6000,318.5200,8982900
6090,2025-12-15,JPM,319.5900,322.8800,318.3900,320.0200,10864100
6091,2025-12-16,JPM,319.0900,319.5200,314.4000,315.5500,8331300
6092,2025-12-17,JPM,318.4300,319.3700,314.6600,314.9800,8718700
6093,2025-12-18,JPM,316.0000,317.7000,312.2200,313.0000,11444900
6094,2025-12-19,JPM,313.7900,318.5600,313.1900,317.2100,24494400
6095,2025-12-22,JPM,317.5100,323.2300,317.5100,323.0900,8354600
6096,2025-12-23,JPM,323.6100,327.7800,323.0900,325.9300,6668300
6097,2025-12-24,JPM,326.2400,329.9900,325.5000,329.1700,4289300
6098,2025-12-26,JPM,329.1100,330.8600,326.5400,327.9100,4158300
6099,2025-12-29,JPM,327.0000,327.7700,323.5300,323.7500,8635300
6100,2025-12-30,JPM,324.8100,324.9400,322.4900,323.4200,7904300
6101,2025-12-31,JPM,324.3400,324.8800,322.0400,322.2200,5048500
6102,2026-01-02,JPM,322.5000,325.7300,320.7400,325.4800,8054000
6103,2026-01-05,JPM,325.5000,337.2500,325.1900,334.0400,10752600
6104,2026-01-06,JPM,332.6200,335.8700,330.6500,334.6100,7660800
6105,2026-01-07,JPM,331.1400,332.1500,324.6000,326.9900,9815200
6106,2026-01-08,JPM,326.3900,331.4000,325.6500,329.7900,11737100
6107,2026-01-09,JPM,329.3400,331.9000,328.1700,329.1900,6738100
6108,2026-01-12,JPM,321.8800,326.0200,321.2300,324.4900,12805100
6109,2026-01-13,JPM,324.3000,326.8600,310.5700,310.9000,19371200
6110,2026-01-14,JPM,308.2000,311.7600,306.1200,307.8700,25951500
6111,2026-01-15,JPM,308.4700,312.9400,307.7500,309.2600,14751400
6112,2026-01-16,JPM,310.3500,317.2100,310.0000,312.4700,14652500
6113,2026-01-20,JPM,306.2100,311.1500,301.8600,302.7400,12900600
6114,2026-01-21,JPM,303.4300,305.4000,301.1500,302.0400,10270100
6115,2026-01-22,JPM,304.8600,308.2000,302.9000,303.6300,10535800
6116,2026-01-23,JPM,302.0000,302.3700,296.5100,297.7200,11107900
6117,2026-01-26,JPM,297.8100,301.7800,297.4500,301.0400,11752700
6118,2026-01-27,JPM,301.3300,301.9700,298.1500,300.3100,11527400
6119,2026-01-28,JPM,300.2700,301.9200,298.0500,300.7700,9556700
6120,2026-01-29,JPM,302.4000,306.8300,302.2200,306.4200,11580000
6121,2026-01-30,JPM,305.2500,307.9300,302.5600,305.8900,11953200
6122,2026-02-02,JPM,304.4600,309.3000,301.3700,308.1400,9839400
6123,2026-02-03,JPM,309.7300,316.2500,309.1000,314.8500,12688000
6124,2026-02-04,JPM,314.4100,319.3100,314.4100,317.2700,9848800
6125,2026-02-05,JPM,315.0000,316.0100,305.5400,310.1600,9388000
6126,2026-02-06,JPM,314.7100,324.2500,314.7100,322.4000,17797400
6127,2026-02-09,JPM,321.3400,326.4000,320.1100,322.1000,11477500
6128,2026-02-10,JPM,322.5500,326.1300,315.1200,318.2800,9902200
6129,2026-02-11,JPM,323.2400,325.2800,308.7300,310.8200,8703500
6130,2026-02-12,JPM,312.2800,313.6200,300.0200,302.6400,13443400
6131,2026-02-13,JPM,298.5200,304.2900,296.5200,302.5500,9114500
6132,2026-02-17,JPM,302.7600,308.2400,302.5000,307.1300,8896800
6133,2026-02-18,JPM,308.4600,312.2800,307.2200,308.7800,7209600
6134,2026-02-19,JPM,307.1700,309.1800,305.1200,308.0500,6737700
6135,2026-02-20,JPM,308.4000,311.0000,305.6800,310.7900,7792700
6136,2026-02-23,JPM,308.8000,311.0000,295.1000,297.6700,12955400
6137,2026-02-24,JPM,296.8200,299.7500,291.3800,297.3000,13554100
6138,2026-02-25,JPM,298.6400,303.6600,297.0100,303.3000,8095500
6139,2026-02-26,JPM,304.5800,309.0100,303.6400,306.1300,7007800
6140,2026-02-27,JPM,300.0000,302.9500,294.4500,300.3000,18620800
6141,2026-03-02,JPM,294.8100,299.9800,293.2100,297.5600,8508900
6142,2026-03-03,JPM,292.2900,302.3900,289.5000,300.2600,10278200
6143,2026-03-04,JPM,299.9900,301.0000,295.8200,299.3900,8055700
6144,2026-03-05,JPM,297.9800,301.2400,292.4300,293.5500,12732500
6145,2026-03-06,JPM,286.3400,289.9900,283.7100,289.4800,13496500
6146,2026-03-09,JPM,285.5000,291.1000,280.4500,289.9200,12241100
6147,2026-03-10,JPM,289.2900,292.7500,287.1800,288.7300,8344900
6148,2026-03-11,JPM,288.8100,290.4800,284.8600,287.5200,10205000
6149,2026-03-12,JPM,282.8300,283.8800,279.1000,282.8900,13760500
6150,2026-03-13,JPM,284.6700,287.1900,282.9500,283.4400,9091200
6151,2026-03-16,JPM,286.3400,289.2700,284.6100,286.1600,8149000
6152,2026-03-17,JPM,289.0000,291.7600,285.9500,286.8900,8961200
6153,2026-03-18,JPM,286.8300,289.4100,285.1200,287.7400,10057000
6154,2026-03-19,JPM,286.8800,289.5100,284.6200,287.9700,9846700
6155,2026-03-20,JPM,288.0800,290.7100,285.2700,286.5600,22436500
6156,2026-03-23,JPM,294.3100,295.7500,287.9700,289.9100,11470800
6157,2026-03-24,JPM,286.1700,295.4800,285.3700,292.4000,11092300
6158,2026-03-25,JPM,294.1500,297.6400,292.4400,295.4200,12188200
6159,2026-03-26,JPM,292.5800,294.9900,290.7300,291.6600,8669200
6160,2026-03-27,JPM,289.1400,290.1100,281.7500,282.8400,9873300
6161,2026-03-30,JPM,284.7400,287.2500,282.3300,283.7700,11734400
6162,2026-03-31,JPM,288.4700,295.0700,284.9500,294.1600,12956900
6163,2026-04-01,JPM,295.3900,298.7200,292.9100,295.3800,11267200
6164,2026-04-02,JPM,291.9100,295.6200,288.7200,294.6000,6669300
6165,2026-04-06,JPM,294.0600,296.8300,293.2000,295.4500,7142600
6166,2026-04-07,JPM,293.1400,298.1800,292.7000,297.4000,7849100
6167,2026-04-08,JPM,307.9700,311.2600,305.3300,307.9700,10590200
6168,2026-04-09,JPM,306.9500,311.2600,306.1100,310.3300,6586600
6169,2026-04-10,JPM,310.0000,310.3500,306.7200,309.8700,6069700
6170,2026-04-13,JPM,307.4700,313.7400,305.4600,313.6800,8318200
6171,2026-04-14,JPM,309.8200,314.3200,308.8700,311.1200,11455500
6172,2026-04-15,JPM,313.9500,314.2400,304.2600,305.9300,9885800
6173,2026-04-16,JPM,305.3500,309.9500,305.2000,309.9500,8208600
6174,2026-04-17,JPM,312.4700,314.9000,310.0900,310.2900,11082400
6175,2026-04-20,JPM,310.8500,317.1300,310.3700,316.9900,10772000
6176,2026-04-21,JPM,317.4900,320.2400,312.7500,313.0000,7084300
6177,2026-04-22,JPM,314.8500,315.1500,311.9400,313.0200,5545900
6178,2026-04-23,JPM,313.5200,314.9900,308.8900,311.6900,6969700
6179,2026-04-24,JPM,311.1500,311.1500,307.8900,308.2800,5215300
6180,2026-04-27,JPM,306.8800,312.5800,306.8800,311.6300,7925300
6181,2026-04-28,JPM,315.2000,315.4500,311.1700,311.4500,7398600
6182,2026-04-29,JPM,310.5700,312.0500,307.2900,309.2500,8031800
6183,2026-04-30,JPM,307.0700,314.1000,306.5700,313.2300,8865400
6184,2026-05-01,JPM,313.9500,316.0800,311.8300,312.4700,6135400
6185,2026-05-04,JPM,310.6200,310.6500,306.5100,307.6500,7338200
6186,2026-05-05,JPM,307.7100,310.9700,306.8000,309.4000,6316800
6187,2026-05-06,JPM,311.4500,316.2600,311.3500,314.9000,8629500
6188,2026-05-07,JPM,314.6500,316.3000,306.1400,306.2700,8359600
6189,2026-05-08,JPM,308.2500,308.9900,300.5000,302.1000,9464300
6190,2026-05-11,JPM,302.1000,303.1900,298.8800,300.0000,9512000
6191,2026-05-12,JPM,300.0200,306.0600,295.5500,304.8800,9498200
6192,2026-05-13,JPM,302.2700,303.0000,300.0700,300.2500,7709500
6193,2026-05-14,JPM,302.2500,303.7500,298.8100,299.9100,7364300
6194,2026-05-15,JPM,300.2100,300.7900,296.4500,297.8100,8699300
6195,2026-05-18,JPM,298.0000,301.2600,297.2200,300.7300,7546300
6196,2026-05-19,JPM,301.0900,301.7900,295.2600,295.7000,8066900
6197,2026-05-20,JPM,296.7000,302.9300,293.6700,301.9800,9327000
6198,2026-05-21,JPM,301.2300,303.9800,300.2100,303.0000,7874400
6199,2026-05-22,JPM,304.6800,307.4500,303.8400,306.3800,5973900
6200,2026-05-26,JPM,308.4900,309.9300,305.4400,306.7400,7725400
6201,2026-05-27,JPM,305.0000,305.9000,295.7500,299.2800,11779200
6202,2026-05-28,JPM,297.5700,301.0700,295.7500,296.7300,9757700
6203,2026-05-29,JPM,296.4000,299.8800,295.2000,299.3100,13969000
6204,2026-06-01,JPM,297.6900,299.5500,295.2700,296.5800,7930000
6205,2026-06-02,JPM,296.5000,302.0700,295.2700,300.9600,8296200
6206,2026-06-03,JPM,299.9200,301.9600,296.5600,300.8500,7003900
6207,2026-06-04,JPM,305.7400,312.9100,304.4400,310.8900,10345200
6208,2026-06-05,JPM,314.2900,315.0000,309.6000,312.3700,9118800
6209,2026-06-08,JPM,313.2500,316.3000,310.7800,311.1100,6827000
6210,2026-06-09,JPM,313.5100,316.4200,309.0100,312.7000,11594600
6211,2026-06-10,JPM,312.5600,314.7500,309.0300,309.1400,7446200
6212,2026-06-11,JPM,309.5600,314.7200,308.8800,313.4900,9116600
6213,2026-06-12,JPM,315.9700,321.3000,315.5500,320.7200,7426200
6214,2026-06-15,JPM,323.9200,325.9200,318.8400,319.4000,7988900
6215,2026-06-16,JPM,324.3000,331.7500,324.0200,331.1400,11094900
6216,2026-06-17,JPM,332.1800,337.7700,331.5000,333.4600,12246400
6217,2026-06-18,JPM,336.9500,338.0900,324.1600,325.2200,20111000
6218,2026-06-22,JPM,329.7000,332.7700,326.7500,331.4800,10182500
6219,2026-06-23,JPM,329.4700,335.3700,327.2100,334.1400,7582200
6220,2026-06-24,JPM,333.0700,334.5300,329.7700,333.4500,7907400
6221,2026-06-25,JPM,334.9600,343.4500,334.7600,335.1200,10043100
6222,2026-06-26,JPM,336.0000,336.4000,327.5000,329.0500,17640900
6223,2026-06-29,JPM,328.2800,332.3900,327.2000,329.3900,7981800
6224,2026-06-30,JPM,328.8900,330.4400,326.6800,327.3300,8080100
6225,2026-07-01,JPM,328.3700,335.6400,325.0100,334.0700,15210200
6226,2026-07-02,JPM,338.0200,340.0000,331.7700,334.4700,8413900
6227,2026-07-06,JPM,335.0000,339.7200,334.1100,337.7200,8673500
6228,2026-07-07,JPM,340.9800,341.4000,337.0900,339.2200,7115800
6229,2026-07-08,JPM,336.5300,336.5300,330.1300,330.6200,18505200
6230,2026-07-09,JPM,331.4600,337.0000,330.8100,335.4700,15570600
6231,2026-07-10,JPM,337.4700,338.5900,335.7700,336.4700,6299000
6232,2026-07-13,JPM,338.3400,338.3500,332.5000,334.5300,7120300
6233,2026-07-14,JPM,327.0000,344.7300,325.7500,342.8900,14537900
6234,2026-07-15,JPM,345.8500,351.2400,344.0500,346.9100,10750000
6235,2026-07-16,JPM,349.2800,349.3400,341.1100,343.1500,12432400
6236,2026-07-17,JPM,339.0300,346.1300,335.0500,341.1000,9250900
6237,2026-07-20,JPM,341.8000,344.2600,337.3700,338.8700,7723300
6238,2026-07-21,JPM,340.1200,345.7400,337.3000,345.2300,6015300
6239,2026-07-22,JPM,345.0700,349.0700,344.2500,348.2100,8040200
6240,2026-07-23,JPM,346.5800,349.9200,345.4200,349.9000,10913000
6241,2026-07-24,JPM,350.6400,353.3700,347.5000,353.2100,7520800
6242,2026-07-27,JPM,357.8900,359.0500,352.5800,356.2000,7884900
6243,2026-07-28,JPM,357.3000,359.3000,354.1500,357.3100,6533800
6244,2026-07-29,JPM,356.5000,357.3700,343.7800,344.7100,8265300
6245,2026-07-30,JPM,347.5400,352.2800,345.3700,350.8500,7606500
6246,2026-07-31,JPM,353.3000,354.4700,349.7000,351.7900,6603400
6247,2026-08-03,JPM,353.7500,355.6200,350.8400,352.6400,6436600
6248,2026-08-04,JPM,355.0000,363.0000,353.8700,357.5200,8477200
6249,2026-08-05,JPM,358.9700,362.1700,358.2000,359.2400,5269500
6250,2026-08-06,JPM,362.8100,362.8100,354.9500,356.3000,5820100
6251,2026-08-07,JPM,355.7600,358.8500,353.3300,357.5200,4566200
6252,2026-08-10,JPM,357.9600,359.9900,356.5000,359.7900,5327500
6253,2026-08-11,JPM,360.0500,363.1200,358.6000,362.0400,4576500
6254,2026-08-12,JPM,362.9700,366.0900,361.3000,365.1800,4366800
6255,2026-08-13,JPM,366.5000,366.5000,361.5200,363.1100,5102700
6256,2026-08-14,JPM,363.0000,365.9000,361.4500,362.8400,5058600
6257,2026-08-17,JPM,361.9400,365.7500,360.9600,360.9600,5282600
6258,2026-08-18,JPM,362.3400,363.5700,359.2700,363.2500,5525100
6259,2026-08-19,JPM,363.0100,363.0500,355.6500,357.2600,6696200
6260,2026-08-20,JPM,357.6000,357.9500,351.5500,351.5500,6799700
6261,2026-08-21,JPM,354.0700,356.8600,350.3700,351.5800,8112100
6262,2026-08-24,JPM,353.3000,358.2800,352.8200,356.3900,4394400
6263,2026-08-25,JPM,357.0000,357.3700,353.0700,356.6900,4298000
6264,2026-08-26,JPM,356.5000,358.3500,354.6000,356.5000,5796500
6265,2026-08-27,JPM,354.6800,357.5700,352.2300,354.2200,5209900
6266,2026-08-28,JPM,355.6700,358.7300,354.2200,357.6200,3914500
6267,2026-08-31,JPM,355.9000,357.7700,354.7700,356.0200,7962900
6268,2026-09-01,JPM,355.7300,359.9300,354.1200,354.9500,5079000
6269,2026-09-02,JPM,357.5500,361.4700,353.7900,356.2200,5341400
6270,2026-09-03,JPM,358.6800,362.8500,356.3900,362.0600,5414200
6271,2026-09-04,JPM,361.0000,362.8600,355.2000,358.6400,4873500
6272,2026-09-08,JPM,357.1000,358.5500,353.2300,353.5100,5631400
6273,2026-09-09,JPM,352.0000,356.3300,348.6900,354.7100,6318200
6274,2026-09-10,JPM,353.5100,354.2200,351.1200,353.5600,4184200
6275,2026-09-11,JPM,358.3200,360.0500,354.7900,356.2300,5354600
